order_id,order_date,branch_id,customer_id,total_amount
1,2026-09-17,2,211,11865.0
2,2026-06-06,2,115,2300.0
3,2026-08-19,3,246,5640.0
4,2026-02-27,2,249,9730.0
5,2026-08-27,1,368,12827.0
6,2026-08-06,2,576,600.0
7,2026-08-19,1,540,3120.0
8,2026-09-10,1,571,8200.0
9,2026-03-15,2,349,450.0
10,2026-01-18,1,115,5548.0
11,2026-02-17,2,348,6380.0
12,2026-09-09,3,423,13180.0
13,2026-01-30,2,389,5260.0
14,2026-06-22,2,429,10577.5
15,2026-05-02,2,449,2000.0
16,2026-06-14,3,581,4340.0
17,2026-05-15,1,587,1740.0
18,2026-07-21,2,192,4728.0
19,2026-02-25,1,98,9600.0
20,2026-06-10,3,569,600.0
21,2026-08-22,3,540,3100.0
22,2026-06-01,3,71,2750.0
23,2026-05-06,2,316,9380.0
24,2026-07-09,2,500,1300.0
25,2026-03-05,3,343,5900.0
26,2026-09-12,3,541,1540.0
27,2026-05-09,2,394,12290.0
28,2026-03-26,1,79,3500.0
29,2026-06-15,1,525,7200.0
30,2026-06-23,2,373,3600.0
31,2026-07-16,3,464,7900.0
32,2026-04-24,1,502,4200.0
33,2026-08-25,2,113,750.0
34,2026-05-31,2,544,4195.0
35,2026-04-15,3,43,2700.0
36,2026-01-28,1,154,1895.0
37,2026-03-07,1,358,1927.5
38,2026-02-12,2,435,2550.0
39,2026-05-02,1,309,7550.0
40,2026-07-18,2,476,2740.0
41,2026-07-16,1,102,3200.0
42,2026-03-20,1,236,3100.0
43,2026-09-08,3,219,6700.0
44,2026-04-04,1,234,1100.0
45,2026-03-28,2,286,80.0
46,2026-04-16,1,527,4460.0
47,2026-06-23,2,228,9045.0
48,2026-08-27,3,439,3500.0
49,2026-09-22,2,271,6075.0
50,2026-02-21,1,354,4700.0
51,2026-02-22,1,390,800.0
52,2026-02-06,1,167,2500.0
53,2026-04-17,2,356,5780.0
54,2026-09-04,1,554,5900.0
55,2026-09-12,3,356,5510.0
56,2026-01-15,1,150,7609.0
57,2026-08-02,1,101,2350.0
58,2026-02-04,2,261,820.0
59,2026-01-24,3,260,10360.0
60,2026-08-09,3,515,3500.0
61,2026-03-29,1,534,1400.0
62,2026-09-30,1,78,5700.0
63,2026-03-24,1,317,370.0
64,2026-01-10,3,587,700.0
65,2026-01-17,3,248,13175.0
66,2026-05-19,2,304,6440.0
67,2026-07-23,2,247,3800.0
68,2026-05-02,1,363,6350.0
69,2026-03-24,1,516,5880.0
70,2026-06-13,2,206,8950.0
71,2026-06-09,1,111,6735.0
72,2026-06-13,2,221,11150.0
73,2026-06-28,3,181,7700.0
74,2026-03-09,1,481,2200.0
75,2026-03-20,2,108,5100.0
76,2026-03-15,1,5,2692.0
77,2026-07-04,2,218,12400.0
78,2026-02-09,1,578,11928.0
79,2026-02-26,2,282,5730.0
80,2026-04-26,1,202,6400.0
81,2026-08-28,1,572,7150.0
82,2026-02-09,3,224,7970.0
83,2026-09-19,1,85,4290.0
84,2026-06-20,1,107,3040.0
85,2026-07-26,3,366,3585.0
86,2026-02-16,3,220,7760.0
87,2026-01-06,2,558,1700.0
88,2026-03-04,1,366,7850.0
89,2026-09-09,3,253,860.0
90,2026-03-31,3,47,10920.0
91,2026-03-03,3,536,5450.0
92,2026-02-21,1,96,2400.0
93,2026-09-03,2,547,7500.0
94,2026-06-21,2,117,4040.0
95,2026-04-26,1,434,9685.0
96,2026-09-07,3,561,7400.0
97,2026-09-11,1,453,8800.0
98,2026-03-14,1,201,3100.0
99,2026-06-11,3,515,6900.0
100,2026-06-18,2,373,16600.0
101,2026-08-21,1,191,4895.0
102,2026-04-10,1,100,13775.0
103,2026-06-23,1,7,76.0
104,2026-01-09,1,529,4500.0
105,2026-07-16,1,409,2516.0
106,2026-04-01,3,597,6800.0
107,2026-02-14,3,423,6900.0
108,2026-08-29,2,345,7800.0
109,2026-08-17,1,372,1200.0
110,2026-07-11,3,564,9346.0
111,2026-09-16,2,278,11240.0
112,2026-05-11,2,170,6045.0
113,2026-01-17,1,537,3980.0
114,2026-05-27,3,142,160.0
115,2026-04-30,3,193,400.0
116,2026-03-29,3,118,3070.0
117,2026-09-12,1,324,3910.0
118,2026-08-26,1,161,9620.0
119,2026-08-05,2,477,5270.0
120,2026-06-28,3,174,2750.0
121,2026-01-21,2,71,12500.0
122,2026-01-21,1,427,7200.0
123,2026-01-13,3,533,3860.0
124,2026-01-13,2,242,7600.0
125,2026-08-31,3,423,3300.0
126,2026-08-19,1,187,12375.0
127,2026-08-06,2,267,4500.0
128,2026-06-19,2,109,3000.0
129,2026-02-22,2,140,3860.0
130,2026-02-24,1,486,9290.0
131,2026-05-03,1,473,2100.0
132,2026-04-15,2,139,4800.0
133,2026-02-25,1,240,6400.0
134,2026-09-03,3,528,4600.0
135,2026-07-15,1,456,5247.5
136,2026-09-14,2,495,1000.0
137,2026-05-08,3,84,3460.0
138,2026-02-17,1,582,1820.0
139,2026-01-23,1,310,9575.0
140,2026-03-20,1,427,1240.0
141,2026-06-16,1,19,1050.0
142,2026-05-13,3,59,2400.0
143,2026-03-27,1,27,5400.0
144,2026-05-29,2,566,2920.0
145,2026-09-13,2,232,5930.0
146,2026-05-23,2,531,6755.0
147,2026-01-01,1,210,6490.0
148,2026-08-26,1,2,4400.0
149,2026-01-09,3,481,7490.0
150,2026-09-25,2,239,1920.0
151,2026-01-31,1,284,760.0
152,2026-02-12,3,305,6600.0
153,2026-05-09,1,580,4260.0
154,2026-02-19,1,146,4790.0
155,2026-01-24,3,541,1730.0
156,2026-05-06,1,313,9310.0
157,2026-05-01,3,405,1560.0
158,2026-03-12,1,423,3075.0
159,2026-08-05,3,89,2342.5
160,2026-06-21,1,449,11200.0
161,2026-05-16,3,556,1360.0
162,2026-01-27,2,472,2180.0
163,2026-04-04,1,575,1200.0
164,2026-08-22,3,343,10200.0
165,2026-09-29,1,346,3400.0
166,2026-06-19,1,356,4456.0
167,2026-05-21,2,178,11500.0
168,2026-05-01,2,77,200.0
169,2026-06-14,2,267,6860.0
170,2026-05-29,2,16,6700.0
171,2026-01-15,2,40,1600.0
172,2026-04-30,2,14,3080.0
173,2026-02-01,1,558,5550.0
174,2026-08-22,2,82,5795.0
175,2026-08-24,2,388,12740.0
176,2026-09-07,3,159,5500.0
177,2026-03-27,1,54,6720.0
178,2026-02-16,2,4,1350.0
179,2026-09-15,3,235,1000.0
180,2026-06-30,2,540,3600.0
181,2026-09-27,1,371,6500.0
182,2026-08-07,3,111,1020.0
183,2026-02-02,3,470,9700.0
184,2026-04-26,3,180,945.0
185,2026-06-15,2,232,16600.0
186,2026-06-04,2,250,1500.0
187,2026-07-13,2,255,2400.0
188,2026-02-16,2,183,11970.0
189,2026-05-03,2,24,7110.0
190,2026-04-27,3,60,1472.0
191,2026-08-29,2,437,1850.0
192,2026-03-06,1,492,7505.0
193,2026-05-04,3,203,6016.0
194,2026-02-02,1,270,4670.0
195,2026-01-30,2,230,15475.0
196,2026-07-06,1,164,600.0
197,2026-08-15,1,385,1000.0
198,2026-08-13,3,235,4830.0
199,2026-04-30,1,492,3900.0
200,2026-07-16,1,440,6850.0
201,2026-04-29,1,363,9600.0
202,2026-02-04,2,332,1580.0
203,2026-05-10,1,401,1600.0
204,2026-08-14,3,349,6120.0
205,2026-08-29,1,195,8000.0
206,2026-01-16,2,435,4500.0
207,2026-08-06,2,498,14545.0
208,2026-08-16,3,437,600.0
209,2026-03-07,3,527,3770.0
210,2026-01-17,2,319,3100.0
211,2026-05-27,1,137,4952.0
212,2026-03-12,1,201,1900.0
213,2026-07-01,2,73,4200.0
214,2026-01-31,3,295,1360.0
215,2026-05-06,1,156,4450.0
216,2026-02-09,3,446,5800.0
217,2026-06-07,1,401,8700.0
218,2026-01-22,2,123,4500.0
219,2026-09-03,1,448,5235.0
220,2026-09-06,2,532,1800.0
221,2026-09-10,3,11,7390.0
222,2026-04-05,2,582,2750.0
223,2026-01-10,1,204,300.0
224,2026-07-03,2,217,7700.0
225,2026-04-17,1,309,3400.0
226,2026-07-24,1,277,13350.0
227,2026-08-16,1,520,2310.0
228,2026-02-19,2,228,190.0
229,2026-04-09,2,103,5500.0
230,2026-05-19,2,147,9300.0
231,2026-06-02,2,292,5580.0
232,2026-07-03,2,123,540.0
233,2026-05-28,2,230,5800.0
234,2026-04-27,2,580,2725.0
235,2026-05-28,2,181,3000.0
236,2026-05-18,1,99,7270.0
237,2026-09-23,1,400,8900.0
238,2026-09-12,1,88,807.0
239,2026-07-16,3,424,6420.0
240,2026-08-18,1,272,2880.0
241,2026-04-12,1,572,6525.0
242,2026-07-15,2,585,300.0
243,2026-06-21,1,120,5135.0
244,2026-08-06,1,567,5370.0
245,2026-09-19,3,83,4050.0
246,2026-07-13,1,312,2400.0
247,2026-08-11,2,434,10870.0
248,2026-05-24,1,223,2200.0
249,2026-05-03,3,302,10500.0
250,2026-06-21,1,57,5060.0
251,2026-05-07,3,232,4600.0
252,2026-03-08,2,235,3855.0
253,2026-09-16,3,105,8070.0
254,2026-06-10,3,334,4400.0
255,2026-03-30,1,66,1000.0
256,2026-01-09,1,432,380.0
257,2026-05-16,1,89,2000.0
258,2026-06-10,2,116,6900.0
259,2026-07-31,3,69,1600.0
260,2026-05-01,2,404,9700.0
261,2026-08-01,3,510,1740.0
262,2026-06-10,2,104,5975.0
263,2026-05-25,2,33,8400.0
264,2026-03-22,1,357,380.0
265,2026-07-25,2,570,3100.0
266,2026-06-15,2,247,560.0
267,2026-06-16,1,42,2550.0
268,2026-05-01,2,21,6570.0
269,2026-01-24,2,102,5000.0
270,2026-08-24,1,524,5205.0
271,2026-01-25,1,349,11400.0
272,2026-09-23,1,477,8000.0
273,2026-01-27,1,146,5200.0
274,2026-03-01,1,265,5200.0
275,2026-08-18,3,245,4785.0
276,2026-05-25,3,570,2820.0
277,2026-07-24,3,336,7500.0
278,2026-08-24,3,99,2628.0
279,2026-09-30,2,312,8200.0
280,2026-03-25,1,304,900.0
281,2026-09-19,3,484,2885.0
282,2026-05-23,2,242,2752.0
283,2026-09-20,1,569,9300.0
284,2026-03-19,1,314,6400.0
285,2026-08-27,1,395,3090.0
286,2026-06-06,3,398,2580.0
287,2026-02-11,1,426,8670.0
288,2026-02-16,1,353,6900.0
289,2026-06-19,3,313,6200.0
290,2026-01-09,3,271,3255.0
291,2026-07-28,3,9,1074.0
292,2026-03-02,1,46,2300.0
293,2026-08-13,3,371,955.5
294,2026-09-08,1,582,6145.0
295,2026-04-11,3,166,2720.0
296,2026-08-31,1,19,3870.0
297,2026-09-30,2,413,3210.0
298,2026-02-03,2,334,8920.0
299,2026-07-06,2,69,13580.0
300,2026-06-13,2,19,6700.0
301,2026-01-15,3,155,3100.0
302,2026-07-14,3,376,6820.0
303,2026-06-30,2,467,10400.0
304,2026-01-04,1,261,610.0
305,2026-07-02,3,218,1720.0
306,2026-04-10,1,209,350.0
307,2026-03-13,2,74,4900.0
308,2026-07-18,1,81,1260.0
309,2026-09-23,1,471,1276.0
310,2026-04-13,2,290,9642.5
311,2026-07-08,2,520,5260.0
312,2026-02-02,3,549,4000.0
313,2026-03-25,1,485,4000.0
314,2026-03-02,2,298,3750.0
315,2026-08-30,2,226,6400.0
316,2026-03-26,3,264,10650.0
317,2026-07-03,1,24,6100.0
318,2026-01-08,2,67,3390.0
319,2026-07-25,2,512,2457.5
320,2026-09-01,2,418,6135.0
321,2026-08-12,2,367,5000.0
322,2026-01-22,3,167,1080.0
323,2026-07-02,1,21,1580.0
324,2026-05-31,2,335,14200.0
325,2026-03-05,1,59,3410.0
326,2026-09-02,2,552,16900.0
327,2026-03-18,3,412,2300.0
328,2026-03-25,1,452,1785.0
329,2026-07-11,2,443,3000.0
330,2026-09-26,3,510,1400.0
331,2026-04-29,1,219,600.0
332,2026-04-15,1,581,730.0
333,2026-02-07,1,36,3800.0
334,2026-01-22,1,177,2450.0
335,2026-05-14,1,269,9900.0
336,2026-03-09,2,23,10110.0
337,2026-04-30,2,387,3400.0
338,2026-03-29,1,339,9350.0
339,2026-07-28,2,528,1340.0
340,2026-04-14,1,196,1900.0
341,2026-06-14,2,182,3140.0
342,2026-06-08,2,115,5000.0
343,2026-07-04,3,487,600.0
344,2026-05-25,3,124,1200.0
345,2026-05-07,1,110,4750.0
346,2026-07-09,2,451,2580.0
347,2026-06-12,1,590,500.0
348,2026-03-14,3,83,7000.0
349,2026-05-14,3,310,9455.0
350,2026-09-17,3,24,7908.0
351,2026-09-14,1,152,4360.0
352,2026-01-01,3,232,2500.0
353,2026-09-20,3,445,4612.5
354,2026-04-10,3,154,5275.0
355,2026-03-03,2,420,12150.0
356,2026-06-03,3,252,2000.0
357,2026-03-02,1,563,1200.0
358,2026-03-19,2,249,3750.0
359,2026-06-17,1,567,4250.0
360,2026-04-23,3,242,1000.0
361,2026-02-02,2,144,2200.0
362,2026-01-27,1,368,4000.0
363,2026-06-24,1,72,3450.0
364,2026-02-11,3,446,5180.0
365,2026-09-05,2,203,2220.0
366,2026-02-17,2,312,1170.0
367,2026-09-24,1,310,7613.5
368,2026-02-23,2,354,8200.0
369,2026-02-04,2,269,3000.0
370,2026-06-17,1,112,3890.0
371,2026-02-20,1,536,5000.0
372,2026-01-20,3,483,340.0
373,2026-02-12,1,504,5500.0
374,2026-07-11,3,404,3500.0
375,2026-08-19,1,319,1320.0
376,2026-05-01,2,192,3800.0
377,2026-05-21,2,538,5490.0
378,2026-02-22,1,446,9920.0
379,2026-08-12,3,185,14035.0
380,2026-03-02,1,474,7500.0
381,2026-08-28,3,5,3180.0
382,2026-09-05,3,374,6900.0
383,2026-08-31,1,245,6200.0
384,2026-07-18,3,103,4650.0
385,2026-06-25,1,271,7000.0
386,2026-06-14,1,517,7650.0
387,2026-04-12,2,82,9700.0
388,2026-01-10,1,235,4700.0
389,2026-07-20,3,110,6070.0
390,2026-07-28,1,313,1710.0
391,2026-03-30,3,244,1280.0
392,2026-01-22,1,24,7353.0
393,2026-05-28,2,540,11220.0
394,2026-08-05,2,269,8250.0
395,2026-02-13,3,39,2940.0
396,2026-03-25,2,244,4140.0
397,2026-09-09,1,8,3800.0
398,2026-04-08,2,114,3300.0
399,2026-03-11,1,278,8180.0
400,2026-01-13,2,381,935.0
401,2026-05-02,2,110,12900.0
402,2026-05-08,3,521,9260.0
403,2026-03-12,3,164,3550.0
404,2026-09-05,2,182,8930.0
405,2026-09-14,1,45,9320.0
406,2026-05-14,2,126,2360.0
407,2026-04-01,1,424,4400.0
408,2026-02-08,2,175,5240.0
409,2026-06-13,2,436,4840.0
410,2026-05-23,2,582,4952.0
411,2026-05-26,3,305,8840.0
412,2026-03-10,3,41,13520.0
413,2026-03-24,1,505,1200.0
414,2026-05-27,1,24,810.0
415,2026-06-14,1,327,5935.0
416,2026-02-11,2,314,8340.0
417,2026-03-22,2,328,12800.0
418,2026-04-13,3,6,3700.0
419,2026-09-15,3,11,4800.0
420,2026-07-21,1,37,5080.0
421,2026-06-24,1,553,4910.0
422,2026-05-22,3,182,9900.0
423,2026-06-28,2,183,14600.0
424,2026-05-25,1,250,1170.0
425,2026-08-07,2,3,15900.0
426,2026-08-20,2,412,3900.0
427,2026-05-05,1,274,9400.0
428,2026-02-26,2,204,2327.5
429,2026-04-13,1,223,6015.0
430,2026-01-25,1,600,2225.0
431,2026-05-06,3,157,2220.0
432,2026-05-30,1,83,2200.0
433,2026-02-14,3,470,3250.0
434,2026-01-24,2,25,8500.0
435,2026-04-17,1,173,3600.0
436,2026-09-20,2,550,3000.0
437,2026-08-20,3,68,550.0
438,2026-02-04,2,578,12240.0
439,2026-03-18,1,121,9550.0
440,2026-06-03,1,274,8670.0
441,2026-06-05,1,336,15220.0
442,2026-01-21,2,278,1390.0
443,2026-04-18,1,97,9735.0
444,2026-07-11,1,298,1870.0
445,2026-06-14,1,386,7300.0
446,2026-09-29,3,600,4275.0
447,2026-04-22,2,144,12285.0
448,2026-08-28,2,486,8370.0
449,2026-03-09,2,141,10040.0
450,2026-03-08,1,172,1140.0
451,2026-07-21,3,600,7600.0
452,2026-02-17,1,104,2100.0
453,2026-06-09,1,384,4000.0
454,2026-08-18,1,377,7350.0
455,2026-09-03,1,390,4270.0
456,2026-05-03,3,67,8540.0
457,2026-04-18,3,291,8420.0
458,2026-08-20,3,67,1975.0
459,2026-06-17,3,401,9975.0
460,2026-01-05,3,250,4440.0
461,2026-07-16,3,3,1295.0
462,2026-06-01,2,156,7600.0
463,2026-07-15,1,346,7144.0
464,2026-02-07,1,408,1800.0
465,2026-03-12,1,443,3370.0
466,2026-08-02,2,213,6060.0
467,2026-09-11,1,404,9900.0
468,2026-09-25,2,238,4580.0
469,2026-04-26,2,390,800.0
470,2026-03-04,1,86,3690.0
471,2026-06-15,2,103,1400.0
472,2026-07-23,1,593,12150.0
473,2026-07-25,3,7,6800.0
474,2026-06-11,3,32,1960.0
475,2026-03-19,3,146,10500.0
476,2026-08-19,2,372,6925.0
477,2026-09-24,2,516,6200.0
478,2026-04-25,2,290,12600.0
479,2026-06-21,1,579,1200.0
480,2026-09-22,2,154,4187.0
481,2026-05-16,2,353,1710.0
482,2026-03-10,2,50,540.0
483,2026-05-17,2,111,380.0
484,2026-07-19,3,228,7275.0
485,2026-08-31,3,96,6550.0
486,2026-01-30,2,382,4700.0
487,2026-05-23,1,56,7500.0
488,2026-07-28,1,578,7250.0
489,2026-03-26,3,116,1200.0
490,2026-06-11,2,214,10200.0
491,2026-08-04,2,339,5900.0
492,2026-07-27,3,198,630.0
493,2026-03-21,1,182,3852.0
494,2026-07-18,2,180,4500.0
495,2026-02-08,1,401,3900.0
496,2026-01-20,2,359,76.0
497,2026-02-18,3,269,13195.0
498,2026-08-05,1,494,4395.0
499,2026-01-04,2,182,450.0
500,2026-04-02,2,333,8385.0
501,2026-04-05,2,210,3800.0
502,2026-05-16,3,110,2330.0
503,2026-06-10,2,403,3027.5
504,2026-05-05,1,89,3911.0
505,2026-09-22,1,469,6245.0
506,2026-07-01,1,473,6140.0
507,2026-06-09,1,276,8300.0
508,2026-08-19,3,84,3450.0
509,2026-04-24,2,328,1200.0
510,2026-05-30,1,128,2700.0
511,2026-01-01,2,327,1300.0
512,2026-08-25,3,441,6000.0
513,2026-09-25,3,504,8800.0
514,2026-09-10,2,335,4700.0
515,2026-02-07,3,570,600.0
516,2026-03-28,1,103,4705.0
517,2026-05-22,2,438,3303.0
518,2026-04-12,2,398,5985.0
519,2026-08-13,3,9,2700.0
520,2026-06-26,1,109,4140.0
521,2026-04-28,3,305,500.0
522,2026-04-24,3,139,1800.0
523,2026-04-05,1,386,5800.0
524,2026-09-15,1,172,8160.0
525,2026-07-23,1,203,5285.0
526,2026-01-24,2,524,12630.0
527,2026-08-05,2,414,600.0
528,2026-02-14,3,419,17100.0
529,2026-07-26,2,332,4900.0
530,2026-06-02,2,196,1300.0
531,2026-05-30,1,460,3520.0
532,2026-05-24,2,296,6900.0
533,2026-07-12,3,529,200.0
534,2026-05-11,2,223,10300.0
535,2026-06-19,2,428,1975.0
536,2026-02-24,1,477,3135.0
537,2026-04-20,3,474,3200.0
538,2026-01-15,2,506,3300.0
539,2026-03-11,1,254,3100.0
540,2026-01-26,1,256,1500.0
541,2026-06-15,2,549,2315.0
542,2026-04-12,1,289,1200.0
543,2026-01-27,1,207,532.0
544,2026-07-17,3,386,5016.0
545,2026-01-20,3,419,1500.0
546,2026-04-30,3,382,6540.0
547,2026-02-08,1,232,6610.0
548,2026-07-11,1,462,9965.0
549,2026-08-11,2,55,600.0
550,2026-07-25,2,379,3580.0
551,2026-09-01,2,557,5900.0
552,2026-07-07,2,175,12500.0
553,2026-03-18,3,131,4900.0
554,2026-03-28,1,218,1320.0
555,2026-06-22,2,324,1900.0
556,2026-06-04,1,588,9170.0
557,2026-04-09,2,292,2580.0
558,2026-03-16,3,376,5760.0
559,2026-08-08,3,283,4875.0
560,2026-09-25,2,304,8800.0
561,2026-07-30,1,182,6900.0
562,2026-02-12,1,96,3650.0
563,2026-03-15,1,375,6000.0
564,2026-07-04,3,151,4000.0
565,2026-06-28,3,97,11120.0
566,2026-08-26,3,461,5600.0
567,2026-07-15,3,334,3185.0
568,2026-09-27,2,187,950.0
569,2026-04-02,3,193,11550.0
570,2026-09-27,2,176,4200.0
571,2026-08-12,2,319,2650.0
572,2026-06-19,3,345,1352.0
573,2026-05-28,2,560,1050.0
574,2026-05-20,3,142,7950.0
575,2026-02-07,1,193,2400.0
576,2026-03-20,1,192,1600.0
577,2026-04-10,2,317,7800.0
578,2026-02-10,2,95,8780.0
579,2026-01-08,1,314,300.0
580,2026-04-05,3,417,3535.0
581,2026-05-23,2,79,3445.0
582,2026-01-27,1,309,4145.0
583,2026-07-22,2,55,7500.0
584,2026-01-08,3,85,2675.0
585,2026-03-23,3,389,6120.0
586,2026-01-07,1,169,8220.0
587,2026-06-28,1,214,5320.0
588,2026-05-27,1,561,4480.0
589,2026-09-22,3,523,6525.0
590,2026-07-22,2,150,7500.0
591,2026-06-04,2,570,5660.0
592,2026-04-09,2,185,870.0
593,2026-01-22,3,165,965.0
594,2026-04-06,1,464,11875.0
595,2026-04-02,2,378,7280.0
596,2026-01-04,2,411,3550.0
597,2026-07-10,3,103,1340.0
598,2026-07-18,2,451,7230.0
599,2026-01-31,2,270,8250.0
600,2026-05-28,2,371,6340.0
601,2026-08-24,2,463,4345.0
602,2026-05-03,2,179,800.0
603,2026-06-28,1,238,2350.0
604,2026-05-27,2,285,10890.0
605,2026-09-11,3,217,3680.0
606,2026-02-17,1,174,11575.0
607,2026-07-01,2,542,2340.0
608,2026-04-06,1,327,1200.0
609,2026-03-22,2,161,1200.0
610,2026-01-02,3,4,10400.0
611,2026-03-15,3,101,4200.0
612,2026-06-16,2,150,7960.0
613,2026-01-12,3,593,12600.0
614,2026-01-12,2,176,4970.0
615,2026-05-05,3,26,2775.0
616,2026-01-05,2,430,4975.0
617,2026-08-31,3,184,800.0
618,2026-06-27,1,360,3100.0
619,2026-07-27,1,430,200.0
620,2026-07-01,3,100,8940.0
621,2026-01-19,1,349,1830.0
622,2026-08-06,3,435,9970.0
623,2026-05-16,2,459,7400.0
624,2026-07-01,1,493,6600.0
625,2026-03-04,3,488,6072.0
626,2026-04-14,2,7,1700.0
627,2026-01-08,3,167,5200.0
628,2026-06-06,2,221,2046.0
629,2026-01-18,2,513,7500.0
630,2026-05-31,2,545,7020.0
631,2026-07-09,3,309,4800.0
632,2026-07-25,3,118,1380.0
633,2026-06-25,1,468,490.0
634,2026-03-29,3,49,3500.0
635,2026-09-11,1,569,3655.0
636,2026-06-24,2,226,7190.0
637,2026-01-13,3,14,300.0
638,2026-08-06,3,228,1700.0
639,2026-04-17,1,426,7050.0
640,2026-02-25,1,44,7400.0
641,2026-02-12,2,163,6335.0
642,2026-08-18,3,185,1000.0
643,2026-05-17,2,492,5240.0
644,2026-07-25,3,435,1860.0
645,2026-06-03,3,507,4216.0
646,2026-03-19,3,49,1200.0
647,2026-03-18,1,217,3740.0
648,2026-06-21,3,394,570.0
649,2026-04-01,2,107,17175.0
650,2026-01-27,1,70,8610.0
651,2026-03-11,1,82,4800.0
652,2026-07-26,2,289,4200.0
653,2026-04-18,3,420,12600.0
654,2026-08-25,3,161,14000.0
655,2026-06-11,1,298,9005.0
656,2026-02-22,3,251,3300.0
657,2026-02-20,1,508,5800.0
658,2026-02-15,2,375,3570.0
659,2026-09-04,3,393,9300.0
660,2026-03-23,3,352,3890.0
661,2026-05-27,1,231,4442.5
662,2026-03-03,3,472,13635.0
663,2026-08-22,1,146,200.0
664,2026-02-09,3,14,5955.0
665,2026-03-17,2,533,3380.0
666,2026-08-15,2,133,4700.0
667,2026-09-25,2,123,600.0
668,2026-02-07,1,146,6650.0
669,2026-07-13,2,303,7400.0
670,2026-07-05,1,115,10710.0
671,2026-06-09,2,71,3830.0
672,2026-06-01,1,183,8795.0
673,2026-03-08,2,596,228.0
674,2026-05-14,3,580,4640.0
675,2026-06-10,1,35,6420.0
676,2026-05-07,1,501,5685.0
677,2026-06-24,1,121,4000.0
678,2026-02-19,3,39,2255.0
679,2026-01-12,1,126,7180.0
680,2026-07-04,2,481,5150.0
681,2026-08-16,1,160,7840.0
682,2026-04-12,1,155,12840.0
683,2026-05-02,1,160,4700.0
684,2026-09-05,1,226,2040.0
685,2026-05-18,3,350,5100.0
686,2026-06-27,2,413,4140.0
687,2026-06-27,2,94,3180.0
688,2026-07-08,1,21,8700.0
689,2026-08-21,3,279,10300.0
690,2026-02-01,2,71,5140.0
691,2026-06-29,2,201,4345.0
692,2026-06-24,3,64,13200.0
693,2026-03-07,1,277,4455.0
694,2026-06-09,2,581,900.0
695,2026-01-11,3,540,4100.0
696,2026-06-13,2,281,8625.0
697,2026-09-29,3,390,880.0
698,2026-07-14,1,31,6710.0
699,2026-09-22,2,467,6430.0
700,2026-02-07,2,340,2900.0
701,2026-01-20,3,368,2430.0
702,2026-05-30,1,181,7300.0
703,2026-09-11,2,432,10828.0
704,2026-06-26,1,89,3360.0
705,2026-09-01,3,322,10675.0
706,2026-04-12,1,550,2000.0
707,2026-04-16,2,169,4300.0
708,2026-03-30,1,581,142.5
709,2026-02-24,3,87,11730.0
710,2026-02-15,1,172,9750.0
711,2026-02-27,1,450,4200.0
712,2026-09-26,3,65,2144.0
713,2026-08-07,2,483,4292.0
714,2026-02-03,1,579,7672.0
715,2026-09-28,3,251,3110.0
716,2026-05-10,1,124,6780.0
717,2026-08-16,3,348,4500.0
718,2026-02-05,1,261,300.0
719,2026-01-16,1,585,1900.0
720,2026-06-15,3,63,9485.0
721,2026-08-11,2,101,1828.0
722,2026-02-05,2,324,3277.5
723,2026-06-14,1,451,3480.0
724,2026-07-05,2,43,2856.0
725,2026-08-07,3,376,6975.0
726,2026-05-25,3,560,4100.0
727,2026-02-06,3,437,800.0
728,2026-01-22,1,265,80.0
729,2026-01-26,1,568,9500.0
730,2026-01-04,1,296,7200.0
731,2026-05-10,1,35,100.0
732,2026-05-20,1,579,8880.0
733,2026-07-27,1,597,1170.0
734,2026-05-03,3,509,8275.0
735,2026-08-01,2,539,2650.0
736,2026-09-24,1,434,2400.0
737,2026-03-07,1,570,3160.0
738,2026-08-07,3,439,10125.0
739,2026-06-24,3,61,10350.0
740,2026-09-14,3,178,9400.0
741,2026-08-14,2,287,8400.0
742,2026-06-09,2,226,8450.0
743,2026-07-08,3,281,3800.0
744,2026-03-05,1,595,2640.0
745,2026-05-12,3,383,9870.0
746,2026-02-17,1,470,2700.0
747,2026-05-24,3,430,1580.0
748,2026-01-12,1,593,4680.0
749,2026-08-14,2,551,1500.0
750,2026-09-26,1,435,1740.0
751,2026-04-04,2,388,3600.0
752,2026-02-07,1,399,7310.0
753,2026-05-26,1,510,1800.0
754,2026-09-17,2,43,3300.0
755,2026-01-17,3,552,3340.0
756,2026-08-10,3,514,11600.0
757,2026-01-08,3,314,8400.0
758,2026-08-29,1,104,3525.0
759,2026-08-26,3,199,4080.0
760,2026-03-11,1,88,2810.0
761,2026-02-26,1,97,4685.0
762,2026-03-05,2,540,916.0
763,2026-02-28,1,44,5870.0
764,2026-07-02,2,481,3805.0
765,2026-01-09,2,33,4640.0
766,2026-07-30,3,370,7880.0
767,2026-02-19,2,73,8690.0
768,2026-05-31,1,15,5900.0
769,2026-09-26,3,367,1140.0
770,2026-03-26,2,349,4950.0
771,2026-06-08,2,556,5010.0
772,2026-04-14,2,58,8000.0
773,2026-03-25,3,150,300.0
774,2026-09-01,1,381,3400.0
775,2026-07-24,3,397,10335.0
776,2026-02-01,3,404,9210.0
777,2026-07-21,3,386,8220.0
778,2026-07-07,1,443,5775.0
779,2026-02-13,1,357,11250.0
780,2026-07-16,1,284,6810.0
781,2026-06-21,3,495,800.0
782,2026-07-23,2,272,190.0
783,2026-03-04,2,537,6620.0
784,2026-05-13,3,308,3610.0
785,2026-06-24,2,32,6000.0
786,2026-03-02,2,585,6300.0
787,2026-05-01,3,89,2400.0
788,2026-07-12,1,515,2870.0
789,2026-06-07,2,427,540.0
790,2026-06-29,3,47,3377.5
791,2026-01-03,1,442,3480.0
792,2026-05-31,2,355,2310.0
793,2026-06-13,1,91,2935.0
794,2026-04-20,1,379,1344.0
795,2026-04-06,1,59,4128.0
796,2026-09-26,1,327,7390.0
797,2026-02-27,2,560,4100.0
798,2026-04-11,2,42,2900.0
799,2026-04-09,1,376,4500.0
800,2026-07-27,1,487,6120.0
801,2026-04-15,3,130,427.5
802,2026-06-06,1,19,7900.0
803,2026-05-09,1,435,1280.0
804,2026-02-22,2,450,300.0
805,2026-01-03,1,55,2200.0
806,2026-01-11,1,454,5495.0
807,2026-07-21,1,438,4010.0
808,2026-07-27,1,354,7670.0
809,2026-08-09,3,266,9900.0
810,2026-02-26,1,468,13275.0
811,2026-08-24,2,326,11000.0
812,2026-09-09,3,50,13170.0
813,2026-08-25,1,15,4250.0
814,2026-03-11,1,383,5220.0
815,2026-01-17,3,427,9410.0
816,2026-08-18,3,268,8020.0
817,2026-06-18,2,538,12000.0
818,2026-05-05,3,202,1460.0
819,2026-02-27,2,538,6000.0
820,2026-04-23,2,280,4610.0
821,2026-08-17,1,466,2300.0
822,2026-03-23,3,21,270.0
823,2026-05-12,1,570,4470.0
824,2026-07-21,1,519,5362.5
825,2026-03-09,1,260,3847.5
826,2026-05-23,1,231,5400.0
827,2026-07-26,2,498,3120.0
828,2026-08-18,1,68,9000.0
829,2026-05-01,3,404,540.0
830,2026-04-12,1,416,3050.0
831,2026-04-17,3,530,2160.0
832,2026-02-02,2,364,2600.0
833,2026-07-27,3,433,900.0
834,2026-03-14,3,446,6850.0
835,2026-02-06,2,518,3700.0
836,2026-01-24,2,124,1950.0
837,2026-03-24,2,486,6910.0
838,2026-05-27,3,480,4945.0
839,2026-01-01,1,33,795.0
840,2026-01-29,2,264,6800.0
841,2026-08-04,3,224,7600.0
842,2026-02-24,1,269,5300.0
843,2026-09-17,2,520,5400.0
844,2026-01-08,2,256,2890.0
845,2026-02-05,2,200,3400.0
846,2026-07-06,2,176,6980.0
847,2026-04-29,1,504,2200.0
848,2026-01-21,2,588,700.0
849,2026-01-25,2,551,3650.0
850,2026-02-27,2,51,4470.0
851,2026-07-14,2,104,4380.0
852,2026-01-17,3,427,4480.0
853,2026-09-28,3,310,16600.0
854,2026-05-02,3,53,1800.0
855,2026-03-31,1,72,5755.0
856,2026-04-30,2,423,2100.0
857,2026-06-04,2,493,12635.0
858,2026-04-13,2,363,4170.0
859,2026-04-18,3,249,2400.0
860,2026-05-13,1,21,7036.0
861,2026-05-18,3,589,4425.0
862,2026-02-18,1,163,5360.0
863,2026-08-04,3,16,1700.0
864,2026-09-08,1,494,1390.0
865,2026-07-24,3,584,2200.0
866,2026-01-07,3,349,7560.0
867,2026-08-25,3,303,11300.0
868,2026-02-28,3,7,4250.0
869,2026-03-15,3,566,3240.0
870,2026-07-17,2,54,13800.0
871,2026-01-16,3,444,11100.0
872,2026-01-07,1,11,4800.0
873,2026-07-20,2,164,1880.0
874,2026-07-31,3,375,5860.0
875,2026-06-03,1,186,2385.0
876,2026-07-02,3,416,200.0
877,2026-03-04,1,593,5800.0
878,2026-03-05,1,421,6200.0
879,2026-08-31,2,399,5290.0
880,2026-03-19,2,156,11850.0
881,2026-04-28,2,314,2200.0
882,2026-07-08,2,73,1800.0
883,2026-02-13,2,295,900.0
884,2026-01-07,1,352,3820.0
885,2026-05-31,3,161,4850.0
886,2026-07-29,1,112,1340.0
887,2026-08-16,3,505,7900.0
888,2026-06-07,2,377,3700.0
889,2026-01-27,3,527,1280.0
890,2026-03-21,3,383,2927.5
891,2026-06-24,3,437,13900.0
892,2026-08-29,3,393,3760.0
893,2026-04-09,1,71,5800.0
894,2026-07-29,2,155,2000.0
895,2026-01-08,1,425,8400.0
896,2026-02-16,1,265,5280.0
897,2026-07-08,1,290,1800.0
898,2026-05-29,1,58,4580.0
899,2026-02-28,1,209,392.0
900,2026-08-27,2,357,1700.0
901,2026-01-14,1,391,10500.0
902,2026-02-24,3,450,6900.0
903,2026-05-09,3,293,9100.0
904,2026-09-19,2,515,1022.0
905,2026-04-26,1,440,4500.0
906,2026-09-27,3,298,1800.0
907,2026-03-31,2,283,7400.0
908,2026-02-21,3,470,3900.0
909,2026-06-02,3,450,4280.0
910,2026-06-04,1,55,2310.0
911,2026-07-27,2,509,8600.0
912,2026-06-29,2,73,5775.0
913,2026-01-29,3,9,4100.0
914,2026-09-12,1,280,1000.0
915,2026-02-18,3,180,8930.0
916,2026-08-02,1,185,9500.0
917,2026-07-05,2,532,5650.0
918,2026-01-12,1,586,8590.0
919,2026-06-19,2,206,11700.0
920,2026-06-01,3,79,3680.0
921,2026-04-18,3,449,240.0
922,2026-07-15,1,438,4880.0
923,2026-08-09,2,275,7510.0
924,2026-01-25,3,278,1900.0
925,2026-07-05,2,368,9900.0
926,2026-09-18,3,105,1660.0
927,2026-06-25,2,519,400.0
928,2026-01-15,1,37,5000.0
929,2026-04-26,2,549,5750.0
930,2026-05-27,1,286,5300.0
931,2026-04-06,2,430,595.0
932,2026-06-28,2,236,4140.0
933,2026-07-22,1,186,2700.0
934,2026-04-25,1,405,5340.0
935,2026-01-14,2,592,5600.0
936,2026-03-19,2,51,3045.0
937,2026-09-25,2,176,5600.0
938,2026-01-25,1,148,5370.0
939,2026-06-18,3,421,8000.0
940,2026-08-20,2,411,9475.0
941,2026-05-31,2,56,5600.0
942,2026-07-01,1,24,2310.0
943,2026-09-30,3,161,8200.0
944,2026-01-05,1,315,6900.0
945,2026-07-05,3,49,8384.0
946,2026-01-01,2,430,5845.0
947,2026-09-11,3,352,19125.0
948,2026-08-25,1,229,2490.0
949,2026-03-28,3,257,8100.0
950,2026-05-22,1,492,9500.0
951,2026-01-18,3,437,4852.0
952,2026-09-04,1,178,5375.0
953,2026-06-14,1,371,4360.0
954,2026-09-13,3,248,1300.0
955,2026-05-04,1,80,9685.0
956,2026-02-24,2,281,2400.0
957,2026-06-23,3,352,4495.0
958,2026-07-29,3,338,1452.0
959,2026-09-13,2,164,9602.5
960,2026-03-06,2,84,1500.0
961,2026-04-19,2,353,4375.0
962,2026-07-24,3,35,5300.0
963,2026-07-17,1,571,9700.0
964,2026-01-01,1,288,4700.0
965,2026-02-02,3,519,3900.0
966,2026-06-20,1,153,2227.5
967,2026-04-14,2,26,5100.0
968,2026-05-14,3,535,3000.0
969,2026-07-05,1,561,7800.0
970,2026-06-30,2,580,1400.0
971,2026-06-20,1,168,9735.0
972,2026-02-24,2,52,1314.0
973,2026-04-26,1,295,1200.0
974,2026-02-02,2,31,4245.0
975,2026-06-09,3,577,9875.0
976,2026-04-12,3,231,5755.0
977,2026-03-14,1,386,4750.0
978,2026-03-08,2,430,6200.0
979,2026-02-26,3,309,4602.5
980,2026-02-26,3,111,6685.0
981,2026-01-24,2,4,10800.0
982,2026-01-28,1,161,4550.0
983,2026-07-27,1,550,1100.0
984,2026-04-18,1,432,10100.0
985,2026-06-17,2,337,2760.0
986,2026-09-14,2,430,5970.0
987,2026-04-03,2,450,4100.0
988,2026-06-23,2,375,9400.0
989,2026-08-06,1,85,9500.0
990,2026-08-11,2,600,11970.0
991,2026-04-25,1,100,3680.0
992,2026-02-13,3,3,8260.0
993,2026-07-09,2,206,4500.0
994,2026-01-22,2,69,2100.0
995,2026-01-27,3,110,5800.0
996,2026-08-06,2,340,3683.0
997,2026-02-28,3,175,1685.0
998,2026-05-08,1,37,9900.0
999,2026-03-17,1,367,2097.5
1000,2026-06-16,3,504,3825.0
1001,2026-07-12,1,346,2790.0
1002,2026-06-22,2,267,12800.0
1003,2026-06-20,3,596,380.0
1004,2026-04-10,1,380,6900.0
1005,2026-07-23,1,474,2700.0
1006,2026-01-14,2,278,380.0
1007,2026-09-12,1,533,1800.0
1008,2026-05-12,1,368,300.0
1009,2026-04-24,1,434,3700.0
1010,2026-06-10,2,588,5220.0
1011,2026-06-28,2,531,5420.0
1012,2026-01-17,2,377,6900.0
1013,2026-02-18,2,252,6600.0
1014,2026-06-17,2,506,4300.0
1015,2026-09-05,3,270,2605.0
1016,2026-01-08,1,34,4870.0
1017,2026-09-24,1,324,850.0
1018,2026-08-14,3,40,3460.0
1019,2026-08-26,3,344,3260.0
1020,2026-08-29,2,68,6440.0
1021,2026-06-05,1,135,3052.0
1022,2026-04-04,3,178,300.0
1023,2026-08-30,3,263,8070.0
1024,2026-06-10,3,204,2625.0
1025,2026-05-17,3,580,6900.0
1026,2026-09-10,1,496,3540.0
1027,2026-05-08,1,295,1370.0
1028,2026-01-07,1,323,16070.0
1029,2026-02-05,3,22,3300.0
1030,2026-07-03,1,384,7500.0
1031,2026-04-13,2,197,4500.0
1032,2026-03-30,2,537,4085.0
1033,2026-09-19,2,236,8100.0
1034,2026-03-18,2,11,1950.0
1035,2026-09-24,1,151,3835.0
1036,2026-01-19,1,469,4900.0
1037,2026-03-24,3,247,6500.0
1038,2026-05-07,3,171,10500.0
1039,2026-09-13,3,437,5300.0
1040,2026-09-16,1,100,13100.0
1041,2026-08-16,1,588,15320.0
1042,2026-08-06,1,402,6390.0
1043,2026-01-22,1,308,2865.0
1044,2026-01-12,3,422,10644.0
1045,2026-03-12,3,560,12125.0
1046,2026-09-01,1,537,4400.0
1047,2026-05-02,2,449,2515.0
1048,2026-07-17,1,47,5550.0
1049,2026-05-15,1,14,600.0
1050,2026-01-14,3,232,750.0
1051,2026-08-14,1,1,800.0
1052,2026-09-10,3,389,1360.0
1053,2026-05-20,2,514,4135.0
1054,2026-02-25,1,155,2900.0
1055,2026-07-06,2,472,2160.0
1056,2026-09-24,1,74,2430.0
1057,2026-07-02,1,589,8265.0
1058,2026-09-04,1,45,1400.0
1059,2026-09-24,1,186,6380.0
1060,2026-04-17,1,538,4950.0
1061,2026-05-04,1,146,290.0
1062,2026-03-23,1,219,3130.0
1063,2026-01-19,2,11,4920.0
1064,2026-09-07,1,117,4585.0
1065,2026-04-21,1,415,3555.0
1066,2026-05-20,2,44,3240.0
1067,2026-08-24,1,548,1290.0
1068,2026-01-30,3,340,2310.0
1069,2026-06-13,2,428,8840.0
1070,2026-08-07,1,399,7020.0
1071,2026-03-11,1,265,6200.0
1072,2026-02-11,1,105,5080.0
1073,2026-08-05,1,584,4416.0
1074,2026-04-12,2,269,4220.0
1075,2026-06-07,1,514,1050.0
1076,2026-03-13,1,45,8130.0
1077,2026-09-17,3,195,5005.0
1078,2026-01-13,2,558,2310.0
1079,2026-09-09,1,369,3676.0
1080,2026-08-23,1,226,2880.0
1081,2026-01-07,3,257,8035.0
1082,2026-07-29,1,224,6700.0
1083,2026-01-04,1,230,4500.0
1084,2026-07-21,1,206,6700.0
1085,2026-07-03,3,504,760.0
1086,2026-08-10,2,90,8893.0
1087,2026-06-01,2,481,4840.0
1088,2026-06-12,3,575,8540.0
1089,2026-09-06,1,350,940.0
1090,2026-08-07,3,338,1150.0
1091,2026-07-17,2,486,4740.0
1092,2026-01-01,1,568,4270.0
1093,2026-03-25,3,412,11125.0
1094,2026-09-30,2,325,3216.0
1095,2026-09-20,1,7,7200.0
1096,2026-05-04,2,55,8200.0
1097,2026-04-16,2,329,8180.0
1098,2026-04-07,3,192,1800.0
1099,2026-03-14,1,84,4200.0
1100,2026-09-12,2,417,12800.0
1101,2026-09-06,3,479,3900.0
1102,2026-07-28,1,50,3100.0
1103,2026-04-03,1,351,5560.0
1104,2026-05-04,1,294,3230.0
1105,2026-09-21,2,303,3885.0
1106,2026-03-08,2,382,650.0
1107,2026-04-07,1,82,1560.0
1108,2026-03-22,3,599,7750.0
1109,2026-06-13,3,345,5900.0
1110,2026-09-06,2,49,3580.0
1111,2026-07-24,1,181,840.0
1112,2026-07-19,3,327,7140.0
1113,2026-01-05,3,364,5580.0
1114,2026-06-11,3,95,10060.0
1115,2026-04-10,2,281,6100.0
1116,2026-05-14,3,236,2630.0
1117,2026-08-02,2,328,1470.0
1118,2026-04-15,1,522,7160.0
1119,2026-04-03,2,128,8220.0
1120,2026-08-11,1,559,5470.0
1121,2026-03-22,1,471,7972.0
1122,2026-05-29,1,251,3855.0
1123,2026-06-19,1,399,11070.0
1124,2026-07-23,2,295,800.0
1125,2026-03-11,1,529,1260.0
1126,2026-06-08,2,37,9900.0
1127,2026-04-03,1,529,2480.0
1128,2026-06-13,2,275,4635.0
1129,2026-02-17,3,514,3300.0
1130,2026-01-26,2,205,3950.0
1131,2026-06-28,1,600,9380.0
1132,2026-03-16,1,243,3900.0
1133,2026-08-19,1,397,1480.0
1134,2026-09-19,3,305,4040.0
1135,2026-06-21,3,26,12444.0
1136,2026-05-27,1,463,9400.0
1137,2026-06-09,1,449,475.0
1138,2026-06-14,2,514,2700.0
1139,2026-02-14,1,526,3485.0
1140,2026-04-28,1,312,1350.0
1141,2026-03-07,1,567,4470.0
1142,2026-01-01,1,158,1500.0
1143,2026-07-23,2,534,1060.0
1144,2026-03-10,1,487,5790.0
1145,2026-06-18,2,373,9080.0
1146,2026-05-11,2,487,1200.0
1147,2026-01-14,1,211,1380.0
1148,2026-02-27,3,570,3900.0
1149,2026-01-15,2,598,8000.0
1150,2026-01-11,3,327,1750.0
1151,2026-01-24,1,162,6482.0
1152,2026-03-11,2,463,6450.0
1153,2026-06-17,1,220,3642.5
1154,2026-06-24,3,473,6735.0
1155,2026-05-20,1,517,1300.0
1156,2026-02-23,2,535,5000.0
1157,2026-07-12,3,267,540.0
1158,2026-08-03,1,351,7500.0
1159,2026-01-28,1,15,4200.0
1160,2026-01-04,3,39,9900.0
1161,2026-05-17,2,84,6000.0
1162,2026-03-06,1,382,152.0
1163,2026-02-22,3,6,12500.0
1164,2026-03-10,1,211,4000.0
1165,2026-05-01,2,442,2640.0
1166,2026-09-22,2,387,6700.0
1167,2026-06-27,1,361,5700.0
1168,2026-05-25,2,372,666.0
1169,2026-05-15,2,587,2660.0
1170,2026-06-26,1,570,1676.0
1171,2026-02-19,1,307,7477.0
1172,2026-07-16,3,381,8035.0
1173,2026-07-20,3,470,2700.0
1174,2026-04-04,1,348,1565.0
1175,2026-08-21,1,502,8800.0
1176,2026-04-10,2,210,1060.0
1177,2026-09-05,3,497,2590.0
1178,2026-01-24,3,185,550.0
1179,2026-01-16,2,533,12500.0
1180,2026-07-12,1,499,2440.0
1181,2026-03-26,3,322,6700.0
1182,2026-02-09,3,322,5900.0
1183,2026-03-13,2,297,1690.0
1184,2026-06-12,2,309,3220.0
1185,2026-07-12,3,222,6200.0
1186,2026-05-15,1,494,6827.5
1187,2026-08-07,2,489,4200.0
1188,2026-04-28,1,554,7500.0
1189,2026-08-04,2,18,3010.0
1190,2026-05-08,3,208,240.0
1191,2026-04-29,3,411,2525.0
1192,2026-03-29,3,78,5410.0
1193,2026-07-10,3,477,2375.0
1194,2026-06-10,1,336,6045.0
1195,2026-01-03,1,449,4650.0
1196,2026-09-16,2,546,3345.0
1197,2026-02-18,1,49,4610.0
1198,2026-09-04,2,436,3375.0
1199,2026-06-02,1,332,585.0
1200,2026-06-24,1,599,10670.0
1201,2026-08-09,3,359,5290.0
1202,2026-05-14,1,344,6180.0
1203,2026-01-17,2,562,14400.0
1204,2026-04-05,2,439,9100.0
1205,2026-03-24,1,136,1480.0
1206,2026-06-18,3,350,7700.0
1207,2026-07-16,2,489,5200.0
1208,2026-01-19,3,518,1540.0
1209,2026-09-16,3,356,2495.0
1210,2026-05-16,1,168,5500.0
1211,2026-05-08,3,232,1300.0
1212,2026-05-14,3,221,4800.0
1213,2026-06-25,3,342,8520.0
1214,2026-09-01,3,9,5450.0
1215,2026-07-27,3,68,1800.0
1216,2026-03-06,3,543,5000.0
1217,2026-06-06,2,421,5600.0
1218,2026-02-16,3,230,4160.0
1219,2026-03-22,3,496,7350.0
1220,2026-08-03,2,11,470.0
1221,2026-09-17,1,395,5100.0
1222,2026-01-21,2,402,10110.0
1223,2026-08-01,3,393,5535.0
1224,2026-01-21,2,514,9470.0
1225,2026-04-01,1,199,2600.0
1226,2026-09-03,1,423,18025.0
1227,2026-07-04,1,105,8180.0
1228,2026-04-16,2,110,1890.0
1229,2026-09-22,1,341,7740.0
1230,2026-03-14,2,545,6980.0
1231,2026-01-14,2,88,9785.0
1232,2026-03-07,1,362,12350.0
1233,2026-06-05,1,14,4960.0
1234,2026-04-13,1,334,900.0
1235,2026-03-27,1,350,3800.0
1236,2026-05-01,3,462,400.0
1237,2026-01-26,1,143,9300.0
1238,2026-05-21,3,297,2080.0
1239,2026-08-30,1,206,7485.0
1240,2026-07-22,2,195,8870.0
1241,2026-04-15,1,362,9550.0
1242,2026-09-18,3,233,1050.0
1243,2026-03-22,1,555,3600.0
1244,2026-05-22,3,145,2325.0
1245,2026-06-22,1,208,1695.0
1246,2026-03-17,1,179,1200.0
1247,2026-08-19,3,326,5340.0
1248,2026-07-29,1,568,72.0
1249,2026-01-15,1,76,4310.0
1250,2026-04-01,2,17,8000.0
1251,2026-02-07,2,30,8300.0
1252,2026-08-22,2,69,200.0
1253,2026-05-08,3,372,5850.0
1254,2026-03-13,1,180,4900.0
1255,2026-05-19,2,186,2580.0
1256,2026-09-08,2,132,10764.0
1257,2026-08-27,3,504,6400.0
1258,2026-04-08,1,287,200.0
1259,2026-09-18,3,197,740.0
1260,2026-03-15,1,37,1500.0
1261,2026-07-31,3,222,6520.0
1262,2026-09-03,2,47,4890.0
1263,2026-02-28,1,203,750.0
1264,2026-06-17,2,405,2260.0
1265,2026-08-17,1,488,1700.0
1266,2026-03-10,1,369,4475.0
1267,2026-05-14,2,443,3250.0
1268,2026-09-18,2,273,2500.0
1269,2026-04-29,1,36,1642.5
1270,2026-08-02,1,306,5085.0
1271,2026-09-14,1,258,6280.0
1272,2026-05-28,3,492,7060.0
1273,2026-07-02,2,349,4800.0
1274,2026-02-22,3,276,7700.0
1275,2026-02-19,1,161,1742.5
1276,2026-08-20,1,99,3635.0
1277,2026-02-15,2,178,4650.0
1278,2026-08-17,3,290,8100.0
1279,2026-07-19,1,263,8540.0
1280,2026-04-07,1,327,5230.0
1281,2026-08-11,1,423,6000.0
1282,2026-01-26,3,93,2300.0
1283,2026-07-15,2,274,2695.0
1284,2026-09-30,1,369,4964.0
1285,2026-02-18,1,291,8600.0
1286,2026-05-06,1,538,6680.0
1287,2026-06-14,2,17,927.0
1288,2026-09-16,1,82,4820.0
1289,2026-02-23,1,198,920.0
1290,2026-09-01,1,495,7700.0
1291,2026-08-27,1,70,4860.0
1292,2026-09-04,2,319,2885.0
1293,2026-09-28,1,178,2150.0
1294,2026-02-13,1,176,3285.0
1295,2026-09-08,2,559,3090.0
1296,2026-08-22,3,472,500.0
1297,2026-03-30,3,224,2960.0
1298,2026-06-05,3,114,2675.0
1299,2026-05-14,3,6,7100.0
1300,2026-03-21,1,490,1440.0
1301,2026-05-11,1,8,1840.0
1302,2026-05-09,3,383,7625.0
1303,2026-08-13,2,223,8260.0
1304,2026-01-16,2,426,1985.0
1305,2026-06-03,2,366,2750.0
1306,2026-04-07,3,60,8985.0
1307,2026-08-15,3,422,5200.0
1308,2026-01-24,1,205,6210.0
1309,2026-05-31,3,486,5700.0
1310,2026-04-25,3,210,2000.0
1311,2026-05-08,2,576,4200.0
1312,2026-09-02,3,286,5550.0
1313,2026-08-20,2,473,4382.0
1314,2026-07-22,1,343,285.0
1315,2026-01-22,3,120,4310.0
1316,2026-04-15,2,27,912.0
1317,2026-06-02,2,460,9190.0
1318,2026-03-21,3,329,600.0
1319,2026-09-16,3,283,900.0
1320,2026-01-03,3,81,3700.0
1321,2026-05-19,2,136,12570.0
1322,2026-03-04,3,482,3735.0
1323,2026-08-07,1,121,2180.0
1324,2026-08-26,3,246,3000.0
1325,2026-01-29,3,550,7000.0
1326,2026-04-19,3,379,3990.0
1327,2026-08-22,1,282,8340.0
1328,2026-04-13,2,176,3615.0
1329,2026-05-03,2,417,2650.0
1330,2026-05-10,2,524,6050.0
1331,2026-09-27,3,28,1200.0
1332,2026-08-31,3,335,15370.0
1333,2026-09-16,3,167,1575.0
1334,2026-04-05,1,274,4640.0
1335,2026-03-13,2,152,4050.0
1336,2026-03-20,2,591,2400.0
1337,2026-01-27,3,532,688.0
1338,2026-04-07,2,104,2490.0
1339,2026-02-18,1,2,2630.0
1340,2026-03-14,1,571,7950.0
1341,2026-09-18,2,104,2300.0
1342,2026-01-08,2,9,2500.0
1343,2026-07-24,3,38,536.0
1344,2026-05-24,1,355,5280.0
1345,2026-04-13,2,587,3752.0
1346,2026-07-26,2,166,2600.0
1347,2026-03-04,3,109,4140.0
1348,2026-08-05,1,465,9500.0
1349,2026-05-09,3,329,3100.0
1350,2026-06-20,3,368,5760.0
1351,2026-07-19,2,536,7475.0
1352,2026-01-02,1,591,800.0
1353,2026-09-07,3,524,285.0
1354,2026-07-17,2,166,2620.0
1355,2026-08-08,2,248,1872.0
1356,2026-09-20,1,431,12340.0
1357,2026-01-21,1,40,8430.0
1358,2026-01-03,2,307,9395.0
1359,2026-07-09,1,450,2585.0
1360,2026-05-19,3,349,2190.0
1361,2026-05-02,3,575,1640.0
1362,2026-09-28,1,495,6610.0
1363,2026-08-02,2,589,4140.0
1364,2026-05-03,1,108,5740.0
1365,2026-09-22,2,519,2655.0
1366,2026-09-22,2,274,5800.0
1367,2026-09-30,2,457,150.0
1368,2026-08-21,2,339,3300.0
1369,2026-06-04,1,446,728.0
1370,2026-04-30,1,296,1480.0
1371,2026-03-03,1,313,2535.0
1372,2026-07-06,1,520,5300.0
1373,2026-02-10,3,570,2200.0
1374,2026-04-28,2,392,2400.0
1375,2026-04-28,1,318,5427.5
1376,2026-07-04,1,400,3330.0
1377,2026-02-21,1,12,2844.0
1378,2026-01-09,3,254,2522.5
1379,2026-03-30,2,144,4150.0
1380,2026-03-22,1,413,5300.0
1381,2026-02-10,1,529,4725.0
1382,2026-01-12,1,79,3810.0
1383,2026-03-05,3,82,3370.0
1384,2026-04-17,2,422,1380.0
1385,2026-03-03,3,338,1440.0
1386,2026-07-30,1,58,3550.0
1387,2026-06-25,3,23,7970.0
1388,2026-05-23,1,315,9470.0
1389,2026-01-17,1,391,3820.0
1390,2026-02-19,3,507,7800.0
1391,2026-05-19,2,130,1900.0
1392,2026-05-29,2,407,1500.0
1393,2026-01-11,2,300,7360.0
1394,2026-08-04,3,95,3580.0
1395,2026-07-27,1,292,3000.0
1396,2026-07-10,1,501,8196.0
1397,2026-09-21,2,577,5130.0
1398,2026-05-26,1,252,9100.0
1399,2026-04-17,3,103,4920.0
1400,2026-07-19,1,177,2810.0
1401,2026-04-19,3,114,16400.0
1402,2026-07-20,2,437,500.0
1403,2026-07-20,2,352,12570.0
1404,2026-03-26,1,472,4250.0
1405,2026-08-25,2,174,800.0
1406,2026-08-07,1,373,2700.0
1407,2026-05-09,1,494,4690.0
1408,2026-02-07,2,569,2150.0
1409,2026-03-30,1,89,1950.0
1410,2026-02-16,1,564,5870.0
1411,2026-06-14,2,282,2930.0
1412,2026-01-16,3,459,7300.0
1413,2026-08-25,3,394,8640.0
1414,2026-03-19,2,17,12660.0
1415,2026-07-29,1,577,700.0
1416,2026-05-15,3,417,1770.0
1417,2026-09-04,2,321,4655.0
1418,2026-06-23,2,237,5220.0
1419,2026-08-01,1,240,380.0
1420,2026-06-25,2,582,4270.0
1421,2026-04-02,2,84,6950.0
1422,2026-03-05,3,177,10610.0
1423,2026-05-03,1,353,2700.0
1424,2026-02-27,1,456,10327.5
1425,2026-02-05,1,380,2500.0
1426,2026-01-07,1,119,4985.0
1427,2026-05-18,2,499,9150.0
1428,2026-06-01,1,340,2200.0
1429,2026-09-26,2,57,10430.0
1430,2026-04-02,1,420,9400.0
1431,2026-04-21,1,393,1200.0
1432,2026-01-19,1,203,6450.0
1433,2026-09-18,1,322,1368.0
1434,2026-04-12,3,564,240.0
1435,2026-02-26,1,249,8500.0
1436,2026-04-07,1,17,5500.0
1437,2026-02-21,1,369,5500.0
1438,2026-01-23,2,224,9900.0
1439,2026-09-05,2,550,1160.0
1440,2026-03-03,2,83,1570.0
1441,2026-03-10,2,430,9500.0
1442,2026-03-21,2,368,6300.0
1443,2026-04-09,3,271,1132.0
1444,2026-03-02,1,272,5100.0
1445,2026-09-19,3,390,12615.0
1446,2026-01-01,3,577,2670.0
1447,2026-02-13,3,129,9080.0
1448,2026-01-07,2,200,7170.0
1449,2026-02-16,2,454,4500.0
1450,2026-01-09,3,134,8550.0
1451,2026-08-28,2,20,3000.0
1452,2026-02-25,1,348,10800.0
1453,2026-07-31,1,70,1045.0
1454,2026-01-04,2,57,8470.0
1455,2026-05-09,2,169,3000.0
1456,2026-09-14,1,24,7052.0
1457,2026-02-11,2,537,12500.0
1458,2026-06-13,2,233,3850.0
1459,2026-07-17,1,133,2600.0
1460,2026-01-22,2,128,7300.0
1461,2026-09-26,2,548,2625.0
1462,2026-01-01,1,87,7037.5
1463,2026-05-07,3,159,1800.0
1464,2026-09-25,3,222,7860.0
1465,2026-01-25,3,73,6330.0
1466,2026-07-06,3,248,5600.0
1467,2026-07-10,2,314,15000.0
1468,2026-01-11,2,125,3600.0
1469,2026-03-18,2,63,5560.0
1470,2026-01-22,1,378,12000.0
1471,2026-04-12,1,480,240.0
1472,2026-07-12,3,258,5110.0
1473,2026-06-07,1,259,9427.5
1474,2026-08-04,1,479,5400.0
1475,2026-08-11,2,316,2040.0
1476,2026-07-04,1,273,3600.0
1477,2026-01-10,1,171,4600.0
1478,2026-03-28,3,543,4020.0
1479,2026-05-29,1,454,2900.0
1480,2026-06-18,2,187,2300.0
1481,2026-03-07,3,343,2600.0
1482,2026-02-07,1,317,6670.0
1483,2026-04-16,1,313,2575.0
1484,2026-03-19,3,128,5235.0
1485,2026-04-18,3,531,3600.0
1486,2026-06-11,1,150,5400.0
1487,2026-02-27,2,525,3340.0
1488,2026-09-27,1,111,9927.5
1489,2026-02-13,2,419,5380.0
1490,2026-03-26,2,331,5470.0
1491,2026-09-21,2,384,2208.0
1492,2026-07-27,1,348,5480.0
1493,2026-02-10,1,198,11000.0
1494,2026-01-09,1,29,5550.0
1495,2026-03-18,2,125,8490.0
1496,2026-04-07,2,296,2820.0
1497,2026-04-04,3,500,3100.0
1498,2026-08-19,1,436,5140.0
1499,2026-08-08,2,521,8500.0
1500,2026-07-11,2,366,380.0
1501,2026-04-28,3,374,5940.0
1502,2026-08-06,1,485,1140.0
1503,2026-05-14,2,384,11000.0
1504,2026-08-19,3,502,380.0
1505,2026-01-29,3,199,6600.0
1506,2026-03-05,1,349,7500.0
1507,2026-07-14,2,75,6150.0
1508,2026-09-18,2,175,4100.0
1509,2026-08-08,1,347,2760.0
1510,2026-04-17,3,600,4490.0
1511,2026-01-31,1,114,7300.0
1512,2026-09-06,3,355,800.0
1513,2026-03-12,1,577,2080.0
1514,2026-03-20,1,503,15200.0
1515,2026-06-13,2,188,7785.0
1516,2026-01-17,1,76,9190.0
1517,2026-04-10,1,88,3280.0
1518,2026-08-02,3,260,3000.0
1519,2026-02-12,3,595,2700.0
1520,2026-06-19,3,205,4330.0
1521,2026-05-31,2,597,7000.0
1522,2026-02-25,3,594,1500.0
1523,2026-02-20,1,584,1535.0
1524,2026-01-14,1,523,7090.0
1525,2026-05-21,1,483,1890.0
1526,2026-01-03,1,414,4570.0
1527,2026-06-22,3,551,4750.0
1528,2026-01-17,1,60,7461.0
1529,2026-07-23,3,136,3600.0
1530,2026-01-20,1,497,1376.0
1531,2026-06-11,3,458,942.5
1532,2026-05-27,3,196,4960.0
1533,2026-03-26,1,244,6700.0
1534,2026-04-24,1,421,9405.0
1535,2026-09-28,1,438,8655.0
1536,2026-02-23,1,573,4440.0
1537,2026-06-04,1,39,4020.0
1538,2026-06-17,3,570,4027.5
1539,2026-03-23,3,216,80.0
1540,2026-02-10,2,587,2400.0
1541,2026-03-16,1,146,9420.0
1542,2026-08-10,3,464,6100.0
1543,2026-01-15,1,479,6350.0
1544,2026-08-26,2,469,5565.0
1545,2026-01-16,2,312,4910.0
1546,2026-04-19,3,331,11650.0
1547,2026-09-05,2,586,7500.0
1548,2026-04-04,3,353,8810.0
1549,2026-06-08,1,29,4880.0
1550,2026-04-09,1,542,1620.0
1551,2026-04-18,2,250,5100.0
1552,2026-08-15,1,48,2850.0
1553,2026-06-28,2,156,2990.0
1554,2026-02-09,2,375,1500.0
1555,2026-04-11,3,488,2575.0
1556,2026-02-20,3,46,3040.0
1557,2026-03-07,3,425,7200.0
1558,2026-01-16,2,341,9000.0
1559,2026-03-24,1,142,9855.0
1560,2026-05-11,1,425,6105.0
1561,2026-08-04,1,513,11828.0
1562,2026-05-11,3,425,10150.0
1563,2026-08-18,1,587,1500.0
1564,2026-07-15,3,245,3500.0
1565,2026-04-16,1,35,1950.0
1566,2026-05-01,2,445,6650.0
1567,2026-03-14,1,446,11275.0
1568,2026-09-22,2,453,240.0
1569,2026-05-20,2,10,7000.0
1570,2026-05-02,2,441,4200.0
1571,2026-07-17,1,178,1100.0
1572,2026-03-27,3,218,5845.0
1573,2026-06-26,1,448,1300.0
1574,2026-03-29,2,233,6300.0
1575,2026-04-23,1,24,2160.0
1576,2026-02-10,1,492,6000.0
1577,2026-03-08,2,245,4615.0
1578,2026-09-08,2,446,9770.0
1579,2026-03-21,1,208,9400.0
1580,2026-09-16,3,74,2820.0
1581,2026-04-20,2,577,4900.0
1582,2026-02-27,2,369,7350.0
1583,2026-04-21,1,580,3900.0
1584,2026-09-03,1,29,300.0
1585,2026-06-18,2,166,600.0
1586,2026-02-17,3,119,9042.5
1587,2026-06-14,3,591,12625.0
1588,2026-08-10,3,341,2090.0
1589,2026-06-04,2,127,5260.0
1590,2026-06-15,3,341,2400.0
1591,2026-03-29,2,188,7170.0
1592,2026-09-01,2,258,2700.0
1593,2026-09-20,3,517,8400.0
1594,2026-08-12,2,486,1520.0
1595,2026-05-18,2,247,5222.5
1596,2026-08-24,3,171,1900.0
1597,2026-04-26,1,17,6227.0
1598,2026-01-09,2,188,1275.0
1599,2026-06-25,3,212,1000.0
1600,2026-01-11,2,19,2150.0
1601,2026-06-03,3,401,5900.0
1602,2026-07-01,3,154,240.0
1603,2026-05-16,3,56,5800.0
1604,2026-07-01,3,368,10032.5
1605,2026-01-04,1,385,6800.0
1606,2026-04-11,1,332,5560.0
1607,2026-06-20,1,125,7080.0
1608,2026-04-11,2,173,2880.0
1609,2026-03-24,1,298,3320.0
1610,2026-01-14,3,473,2600.0
1611,2026-07-16,3,495,2680.0
1612,2026-06-05,1,359,2950.0
1613,2026-09-04,1,103,15090.0
1614,2026-05-02,2,139,300.0
1615,2026-06-29,1,63,6600.0
1616,2026-02-09,2,473,9490.0
1617,2026-06-25,2,587,12250.0
1618,2026-02-22,3,483,4200.0
1619,2026-05-27,3,432,4100.0
1620,2026-02-03,1,587,11800.0
1621,2026-07-08,2,110,828.0
1622,2026-01-13,1,281,6000.0
1623,2026-08-08,2,188,2540.0
1624,2026-08-25,2,537,9760.0
1625,2026-07-26,1,133,9470.0
1626,2026-02-07,1,363,2500.0
1627,2026-08-07,3,102,5500.0
1628,2026-07-21,1,313,3800.0
1629,2026-04-21,3,75,9060.0
1630,2026-01-07,2,288,11800.0
1631,2026-09-24,2,526,7385.0
1632,2026-03-09,1,86,1300.0
1633,2026-03-30,2,3,5100.0
1634,2026-07-28,3,466,2700.0
1635,2026-01-22,1,533,600.0
1636,2026-08-11,2,177,12525.0
1637,2026-08-27,1,528,8260.0
1638,2026-02-23,3,351,9400.0
1639,2026-02-03,2,48,1485.0
1640,2026-07-17,3,202,10535.0
1641,2026-09-28,2,182,10700.0
1642,2026-04-08,1,473,1180.0
1643,2026-09-18,2,320,2420.0
1644,2026-05-02,2,348,1400.0
1645,2026-01-05,1,581,1510.0
1646,2026-03-02,2,575,6735.0
1647,2026-08-10,3,439,3600.0
1648,2026-08-19,2,287,5220.0
1649,2026-08-04,3,519,3525.0
1650,2026-09-20,2,323,6240.0
1651,2026-02-14,1,331,5300.0
1652,2026-08-17,1,106,6550.0
1653,2026-09-19,3,238,6450.0
1654,2026-09-09,3,537,10850.0
1655,2026-08-30,2,189,4150.0
1656,2026-02-09,3,151,5145.0
1657,2026-07-11,1,33,18142.5
1658,2026-08-07,1,172,12800.0
1659,2026-07-27,2,442,1400.0
1660,2026-06-28,2,449,9100.0
1661,2026-07-16,1,111,8440.0
1662,2026-04-18,1,374,1095.0
1663,2026-04-15,1,233,11000.0
1664,2026-09-13,2,42,6800.0
1665,2026-02-24,1,446,540.0
1666,2026-04-29,1,14,2025.0
1667,2026-01-13,1,16,6100.0
1668,2026-09-29,2,369,6000.0
1669,2026-05-16,1,550,10100.0
1670,2026-08-20,2,99,6550.0
1671,2026-07-20,2,467,7832.0
1672,2026-04-21,3,17,7300.0
1673,2026-07-04,1,283,2700.0
1674,2026-04-11,3,20,5875.0
1675,2026-05-19,1,248,6940.0
1676,2026-08-16,1,459,9000.0
1677,2026-06-27,1,439,19400.0
1678,2026-03-25,3,198,9050.0
1679,2026-05-06,2,92,4970.0
1680,2026-06-04,2,580,11310.0
1681,2026-03-30,1,246,160.0
1682,2026-09-25,1,462,1670.0
1683,2026-01-15,1,310,4080.0
1684,2026-04-23,2,192,380.0
1685,2026-04-07,3,303,300.0
1686,2026-01-20,3,567,8400.0
1687,2026-05-03,1,173,6150.0
1688,2026-05-03,2,597,750.0
1689,2026-07-26,3,513,2500.0
1690,2026-03-07,1,141,7490.0
1691,2026-07-18,3,348,1660.0
1692,2026-02-02,1,407,350.0
1693,2026-01-02,1,14,6900.0
1694,2026-08-17,3,438,8820.0
1695,2026-05-10,1,29,4785.0
1696,2026-03-17,3,401,5600.0
1697,2026-01-11,3,385,3800.0
1698,2026-08-19,1,382,12155.0
1699,2026-08-23,1,387,1800.0
1700,2026-05-28,2,551,1500.0
1701,2026-04-27,3,194,7300.0
1702,2026-01-24,3,196,5240.0
1703,2026-01-17,2,475,6360.0
1704,2026-04-08,2,47,600.0
1705,2026-07-27,2,595,4560.0
1706,2026-04-20,3,359,400.0
1707,2026-04-22,3,324,12180.0
1708,2026-08-26,1,314,860.0
1709,2026-09-26,2,26,100.0
1710,2026-02-24,2,15,4330.0
1711,2026-05-21,3,154,5145.0
1712,2026-04-11,1,485,1615.0
1713,2026-02-04,1,348,6660.0
1714,2026-01-01,3,42,5355.0
1715,2026-08-07,2,569,4227.5
1716,2026-05-08,3,45,7500.0
1717,2026-03-22,2,51,11685.0
1718,2026-05-22,1,222,10000.0
1719,2026-07-15,1,149,4490.0
1720,2026-08-13,2,99,5985.0
1721,2026-05-27,1,31,100.0
1722,2026-06-20,3,416,2280.0
1723,2026-01-10,2,582,4350.0
1724,2026-06-18,1,430,2945.0
1725,2026-03-25,3,148,7900.0
1726,2026-07-29,2,163,6810.0
1727,2026-06-09,3,557,3570.0
1728,2026-05-24,1,512,7050.0
1729,2026-02-09,3,18,3110.0
1730,2026-08-17,1,81,15450.0
1731,2026-02-03,1,407,3762.5
1732,2026-01-24,2,193,11445.0
1733,2026-08-27,1,54,4400.0
1734,2026-04-20,2,496,7300.0
1735,2026-03-31,1,52,1740.0
1736,2026-03-29,2,484,5000.0
1737,2026-05-21,1,480,4560.0
1738,2026-03-06,1,465,5940.0
1739,2026-09-23,3,589,3770.0
1740,2026-03-07,1,584,3600.0
1741,2026-02-09,3,398,1800.0
1742,2026-04-11,3,130,410.0
1743,2026-02-11,3,335,5550.0
1744,2026-01-06,1,474,3240.0
1745,2026-09-19,2,387,800.0
1746,2026-07-03,1,303,600.0
1747,2026-07-24,3,410,21300.0
1748,2026-02-04,1,293,5070.0
1749,2026-08-03,1,75,7500.0
1750,2026-07-25,3,123,4130.0
1751,2026-06-28,1,347,9300.0
1752,2026-09-17,2,215,4680.0
1753,2026-03-04,3,38,740.0
1754,2026-09-27,2,5,5400.0
1755,2026-06-28,1,315,14350.0
1756,2026-02-14,3,494,15400.0
1757,2026-05-20,3,524,4820.0
1758,2026-09-04,3,341,4190.0
1759,2026-05-25,1,217,6500.0
1760,2026-08-13,3,367,12800.0
1761,2026-03-16,1,399,10875.0
1762,2026-09-03,1,485,4750.0
1763,2026-01-31,2,405,8230.0
1764,2026-06-28,1,441,1980.0
1765,2026-02-01,2,444,6500.0
1766,2026-02-23,1,335,1620.0
1767,2026-02-16,1,98,3800.0
1768,2026-08-15,1,262,1170.0
1769,2026-05-04,2,527,5735.0
1770,2026-09-01,1,250,16010.0
1771,2026-01-04,2,237,3652.0
1772,2026-04-10,3,67,6550.0
1773,2026-01-14,2,236,427.5
1774,2026-02-01,1,104,10300.0
1775,2026-08-04,1,325,4100.0
1776,2026-01-14,1,599,5450.0
1777,2026-01-06,2,206,3510.0
1778,2026-07-20,1,493,9200.0
1779,2026-06-30,3,23,3600.0
1780,2026-09-08,1,167,600.0
1781,2026-07-08,2,351,800.0
1782,2026-09-23,3,330,1935.0
1783,2026-09-05,2,116,8960.0
1784,2026-03-23,1,91,285.0
1785,2026-03-04,3,382,7770.0
1786,2026-04-28,3,108,1402.0
1787,2026-03-29,1,562,3890.0
1788,2026-04-12,2,417,7000.0
1789,2026-01-16,3,105,1950.0
1790,2026-06-09,1,527,5572.0
1791,2026-07-03,3,153,4100.0
1792,2026-09-13,3,74,3500.0
1793,2026-08-06,3,559,3900.0
1794,2026-01-13,2,324,780.0
1795,2026-01-24,1,365,2550.0
1796,2026-08-11,3,28,2300.0
1797,2026-02-07,2,351,6547.0
1798,2026-04-01,3,376,5100.0
1799,2026-05-16,1,176,5530.0
1800,2026-08-15,2,224,5775.0
1801,2026-09-03,1,62,9570.0
1802,2026-06-03,1,442,8400.0
1803,2026-01-11,1,360,6435.0
1804,2026-08-24,1,531,3080.0
1805,2026-08-15,3,319,4062.0
1806,2026-07-10,3,2,3885.0
1807,2026-08-13,2,504,1290.0
1808,2026-03-15,3,288,9680.0
1809,2026-04-22,1,269,1200.0
1810,2026-01-05,1,54,5600.0
1811,2026-06-10,1,334,8316.0
1812,2026-02-03,1,356,4500.0
1813,2026-05-28,1,202,2500.0
1814,2026-09-20,1,99,3200.0
1815,2026-04-09,2,270,1750.0
1816,2026-02-14,1,522,6480.0
1817,2026-05-19,3,404,4975.0
1818,2026-03-18,1,97,1200.0
1819,2026-03-21,2,527,750.0
1820,2026-05-08,1,121,4290.0
1821,2026-06-16,1,313,2000.0
1822,2026-09-03,2,435,6100.0
1823,2026-07-24,2,505,4650.0
1824,2026-04-02,2,349,3780.0
1825,2026-06-15,3,147,855.0
1826,2026-09-11,1,436,7700.0
1827,2026-03-10,1,504,7500.0
1828,2026-02-17,3,235,5590.0
1829,2026-04-25,1,447,7540.0
1830,2026-02-13,1,279,6300.0
1831,2026-02-04,1,28,4200.0
1832,2026-02-08,1,24,3460.0
1833,2026-07-16,2,401,18090.0
1834,2026-03-06,1,460,3605.0
1835,2026-05-05,3,444,1470.0
1836,2026-04-12,1,420,95.0
1837,2026-03-12,1,115,8750.0
1838,2026-02-26,1,579,11200.0
1839,2026-05-26,1,142,10700.0
1840,2026-05-12,1,345,6300.0
1841,2026-01-17,1,398,8935.0
1842,2026-05-06,2,596,2740.0
1843,2026-09-06,1,397,285.0
1844,2026-08-27,3,390,2300.0
1845,2026-02-09,2,547,2400.0
1846,2026-07-22,2,49,4200.0
1847,2026-08-15,2,132,5840.0
1848,2026-07-22,2,363,3080.0
1849,2026-07-07,3,102,1575.0
1850,2026-06-15,3,250,9078.0
1851,2026-04-06,1,175,5070.0
1852,2026-01-09,1,84,1180.0
1853,2026-05-08,1,427,7900.0
1854,2026-01-29,2,94,2340.0
1855,2026-07-24,1,308,7885.0
1856,2026-05-27,3,383,4860.0
1857,2026-04-04,1,176,10800.0
1858,2026-01-08,3,64,976.0
1859,2026-05-01,3,314,3005.0
1860,2026-09-11,3,45,4955.0
1861,2026-02-20,2,544,1100.0
1862,2026-04-06,1,600,9200.0
1863,2026-06-24,1,32,1800.0
1864,2026-08-25,2,113,580.0
1865,2026-05-05,3,314,1900.0
1866,2026-08-04,3,462,250.0
1867,2026-09-23,3,563,11905.0
1868,2026-01-27,2,315,1000.0
1869,2026-04-30,3,535,2790.0
1870,2026-07-11,1,581,1650.0
1871,2026-06-02,2,445,5200.0
1872,2026-08-28,1,255,8295.0
1873,2026-02-01,1,436,3400.0
1874,2026-04-14,1,281,6340.0
1875,2026-01-20,1,447,8800.0
1876,2026-06-10,1,301,80.0
1877,2026-05-05,1,428,10000.0
1878,2026-07-01,3,216,2677.5
1879,2026-09-30,2,455,2850.0
1880,2026-07-09,2,503,10075.0
1881,2026-01-03,3,126,15880.0
1882,2026-06-11,3,102,2380.0
1883,2026-04-05,1,77,6835.0
1884,2026-04-01,3,278,9252.0
1885,2026-06-30,3,205,2400.0
1886,2026-02-12,1,379,3080.0
1887,2026-01-07,1,255,5100.0
1888,2026-01-08,3,438,7525.0
1889,2026-09-25,1,470,5510.0
1890,2026-01-26,1,47,3700.0
1891,2026-09-13,2,388,3200.0
1892,2026-08-05,3,123,7042.5
1893,2026-06-12,2,308,6300.0
1894,2026-05-17,1,577,5250.0
1895,2026-04-14,3,192,750.0
1896,2026-08-21,2,208,1900.0
1897,2026-05-21,3,395,4000.0
1898,2026-08-15,3,156,1200.0
1899,2026-09-01,1,183,5415.0
1900,2026-01-13,1,231,8900.0
1901,2026-05-07,2,187,3380.0
1902,2026-05-27,2,456,4330.0
1903,2026-04-12,1,203,13140.0
1904,2026-07-05,3,79,7500.0
1905,2026-06-04,1,401,6805.0
1906,2026-06-26,1,378,7300.0
1907,2026-03-21,1,511,7200.0
1908,2026-06-22,3,135,4570.0
1909,2026-01-07,3,148,2600.0
1910,2026-06-22,3,210,1190.0
1911,2026-07-21,2,412,2700.0
1912,2026-01-17,1,490,8200.0
1913,2026-04-04,1,275,9700.0
1914,2026-03-07,3,526,9375.0
1915,2026-09-14,2,476,4320.0
1916,2026-04-28,2,367,4808.0
1917,2026-06-24,3,302,1900.0
1918,2026-03-17,1,354,4790.0
1919,2026-05-16,2,508,15725.0
1920,2026-07-20,1,562,1475.0
1921,2026-02-18,1,558,8685.0
1922,2026-01-13,3,92,4240.0
1923,2026-06-04,1,85,1940.0
1924,2026-06-10,1,185,6000.0
1925,2026-01-02,3,597,8835.0
1926,2026-07-18,1,204,8200.0
1927,2026-04-19,2,545,7120.0
1928,2026-09-23,2,155,11400.0
1929,2026-04-21,3,266,21340.0
1930,2026-07-01,3,287,4050.0
1931,2026-03-17,1,380,8900.0
1932,2026-02-06,3,257,1045.0
1933,2026-05-20,2,134,1195.0
1934,2026-09-11,2,596,10350.0
1935,2026-02-06,2,415,4740.0
1936,2026-06-22,2,353,9300.0
1937,2026-04-22,2,356,2780.0
1938,2026-03-15,2,197,1895.0
1939,2026-02-16,1,70,4500.0
1940,2026-02-22,3,428,7200.0
1941,2026-05-16,2,384,9120.0
1942,2026-09-09,1,589,3300.0
1943,2026-02-03,1,376,6600.0
1944,2026-08-09,3,439,4690.0
1945,2026-05-28,3,403,4400.0
1946,2026-05-04,3,153,14630.0
1947,2026-08-07,1,181,5252.0
1948,2026-02-22,2,414,8250.0
1949,2026-01-15,2,198,5180.0
1950,2026-04-19,2,549,6700.0
1951,2026-04-08,3,362,12756.0
1952,2026-04-28,2,184,9795.0
1953,2026-07-24,1,114,5900.0
1954,2026-01-04,1,243,5940.0
1955,2026-03-23,2,27,1425.0
1956,2026-09-10,1,514,300.0
1957,2026-06-08,3,290,6235.0
1958,2026-01-20,1,263,8130.0
1959,2026-09-27,1,301,5580.0
1960,2026-04-12,1,94,7500.0
1961,2026-05-04,2,499,1340.0
1962,2026-07-05,1,376,5375.0
1963,2026-08-16,3,181,7452.0
1964,2026-07-15,2,195,1245.0
1965,2026-05-12,3,421,10875.0
1966,2026-09-12,2,414,6360.0
1967,2026-08-06,1,352,8505.0
1968,2026-03-06,1,470,4450.0
1969,2026-04-28,3,419,5990.0
1970,2026-03-30,2,18,294.0
1971,2026-06-19,2,592,5350.0
1972,2026-02-11,3,77,5160.0
1973,2026-05-15,1,262,5035.0
1974,2026-01-07,1,44,1500.0
1975,2026-03-12,1,73,10200.0
1976,2026-01-27,1,465,5950.0
1977,2026-02-10,3,569,5700.0
1978,2026-07-02,2,538,6000.0
1979,2026-01-06,1,147,4800.0
1980,2026-08-26,3,427,1800.0
1981,2026-02-12,1,443,1840.0
1982,2026-05-26,2,231,2860.0
1983,2026-03-26,1,305,5065.0
1984,2026-07-10,2,336,8000.0
1985,2026-01-01,1,456,5620.0
1986,2026-03-22,3,303,2000.0
1987,2026-05-17,1,91,400.0
1988,2026-04-28,1,261,4385.0
1989,2026-04-21,2,177,1100.0
1990,2026-02-05,2,573,4600.0
1991,2026-04-16,1,278,4380.0
1992,2026-08-23,1,22,10010.0
1993,2026-03-12,2,436,3385.0
1994,2026-03-04,2,578,4990.0
1995,2026-01-02,1,311,4100.0
1996,2026-06-28,3,22,14580.0
1997,2026-06-30,1,595,1770.0
1998,2026-07-05,1,565,8325.0
1999,2026-05-07,3,63,3600.0
2000,2026-02-19,3,354,7635.0
2001,2026-08-21,2,254,5900.0
2002,2026-09-07,3,558,13670.0
2003,2026-04-20,1,498,9960.0
2004,2026-08-14,2,400,2550.0
2005,2026-06-28,1,505,1940.0
2006,2026-03-10,1,321,1240.0
2007,2026-04-23,3,111,5700.0
2008,2026-01-12,1,187,4000.0
2009,2026-07-11,3,305,3000.0
2010,2026-01-25,1,526,3450.0
2011,2026-05-29,1,594,1550.0
2012,2026-02-27,1,579,7250.0
2013,2026-03-26,1,493,6250.0
2014,2026-04-13,1,151,2100.0
2015,2026-04-13,1,132,7680.0
2016,2026-03-01,3,22,5500.0
2017,2026-07-03,1,241,7675.0
2018,2026-08-01,3,150,11350.0
2019,2026-02-26,2,409,846.0
2020,2026-07-01,2,450,2880.0
2021,2026-08-27,2,351,8250.0
2022,2026-01-02,2,373,3750.0
2023,2026-09-12,1,18,720.0
2024,2026-09-24,1,341,3340.0
2025,2026-05-12,3,545,4095.0
2026,2026-06-30,2,135,2850.0
2027,2026-07-15,1,203,6130.0
2028,2026-01-27,3,221,2545.0
2029,2026-04-11,2,573,3600.0
2030,2026-09-25,2,184,1500.0
2031,2026-05-23,2,511,10930.0
2032,2026-04-22,1,276,4160.0
2033,2026-07-29,1,248,1535.0
2034,2026-02-27,3,472,1705.0
2035,2026-02-22,1,156,6676.0
2036,2026-09-05,3,569,5835.0
2037,2026-01-09,2,353,840.0
2038,2026-04-15,2,302,8085.0
2039,2026-05-08,2,416,2800.0
2040,2026-03-09,2,535,6445.0
2041,2026-08-13,2,464,7570.0
2042,2026-04-29,2,359,5800.0
2043,2026-03-24,3,404,8772.0
2044,2026-04-30,1,443,600.0
2045,2026-06-16,3,260,11700.0
2046,2026-07-25,1,213,2042.5
2047,2026-08-25,2,86,8250.0
2048,2026-07-25,2,3,2150.0
2049,2026-09-14,2,72,10635.0
2050,2026-02-08,2,43,5270.0
2051,2026-02-25,3,444,6180.0
2052,2026-03-26,1,203,4000.0
2053,2026-09-25,1,197,6200.0
2054,2026-01-19,2,306,9575.0
2055,2026-07-05,1,12,2800.0
2056,2026-08-04,3,236,4640.0
2057,2026-02-19,1,123,7800.0
2058,2026-04-23,2,186,9690.0
2059,2026-08-26,1,404,5205.0
2060,2026-05-13,2,81,5240.0
2061,2026-05-04,3,393,3260.0
2062,2026-05-24,2,573,1350.0
2063,2026-09-04,3,529,4000.0
2064,2026-06-19,3,537,11350.0
2065,2026-04-19,3,67,5975.0
2066,2026-06-05,3,420,2400.0
2067,2026-05-10,1,15,8110.0
2068,2026-07-17,1,385,8330.0
2069,2026-05-20,2,282,7360.0
2070,2026-08-22,3,339,6020.0
2071,2026-01-13,2,158,4400.0
2072,2026-02-04,1,26,3000.0
2073,2026-07-19,2,56,4840.0
2074,2026-06-20,1,322,1400.0
2075,2026-08-05,3,20,16105.0
2076,2026-02-13,1,88,2800.0
2077,2026-07-01,3,583,1550.0
2078,2026-06-10,3,483,4380.0
2079,2026-04-07,1,547,3160.0
2080,2026-08-29,2,322,8240.0
2081,2026-03-03,1,555,4500.0
2082,2026-05-07,2,526,3750.0
2083,2026-07-26,1,15,5235.0
2084,2026-01-08,1,534,4400.0
2085,2026-08-23,1,203,7060.0
2086,2026-01-15,2,139,4360.0
2087,2026-03-27,3,461,3560.0
2088,2026-03-10,1,151,13830.0
2089,2026-05-31,2,50,400.0
2090,2026-03-06,1,35,4430.0
2091,2026-04-11,1,71,10845.0
2092,2026-02-24,1,1,9630.0
2093,2026-04-01,2,156,1440.0
2094,2026-08-16,1,517,7195.0
2095,2026-03-25,3,15,5260.0
2096,2026-05-06,2,459,5800.0
2097,2026-02-05,3,36,4250.0
2098,2026-02-08,1,587,1750.0
2099,2026-05-15,1,254,6700.0
2100,2026-09-13,1,427,8300.0
2101,2026-05-15,2,575,2700.0
2102,2026-05-23,2,83,10520.0
2103,2026-05-01,2,120,2450.0
2104,2026-02-12,1,384,3195.0
2105,2026-04-16,2,121,7875.0
2106,2026-09-09,3,528,8680.0
2107,2026-06-26,3,220,4370.0
2108,2026-08-15,3,556,2740.0
2109,2026-06-21,1,118,13300.0
2110,2026-07-16,1,253,2600.0
2111,2026-06-03,3,598,10100.0
2112,2026-04-12,1,252,3270.0
2113,2026-09-06,1,1,3635.0
2114,2026-01-13,1,336,8250.0
2115,2026-06-21,2,183,2800.0
2116,2026-07-21,2,161,2600.0
2117,2026-03-18,2,38,5160.0
2118,2026-06-22,1,56,5800.0
2119,2026-06-03,2,234,3022.0
2120,2026-04-17,2,347,7600.0
2121,2026-08-08,3,491,6700.0
2122,2026-05-05,1,576,4200.0
2123,2026-03-10,2,377,7800.0
2124,2026-09-25,3,539,6028.0
2125,2026-04-16,3,282,9300.0
2126,2026-05-30,2,354,7090.0
2127,2026-05-07,3,346,2210.0
2128,2026-02-08,1,37,5750.0
2129,2026-06-10,3,20,80.0
2130,2026-06-05,1,561,4410.0
2131,2026-07-16,1,208,7900.0
2132,2026-03-23,1,119,8975.0
2133,2026-04-15,1,532,3970.0
2134,2026-05-10,1,587,1700.0
2135,2026-07-27,1,498,4435.0
2136,2026-07-08,2,2,3600.0
2137,2026-09-03,3,117,10830.0
2138,2026-09-17,2,95,8985.0
2139,2026-01-27,3,581,2800.0
2140,2026-02-20,3,121,6550.0
2141,2026-06-23,2,424,3478.0
2142,2026-03-17,1,355,7600.0
2143,2026-08-26,1,449,14625.0
2144,2026-06-14,3,278,300.0
2145,2026-09-04,3,324,4300.0
2146,2026-04-29,3,70,4600.0
2147,2026-08-25,1,424,3800.0
2148,2026-07-26,1,550,7100.0
2149,2026-02-09,1,311,7425.0
2150,2026-04-19,2,235,800.0
2151,2026-06-20,1,162,6980.0
2152,2026-05-14,1,321,2040.0
2153,2026-01-10,3,567,450.0
2154,2026-08-20,1,36,9920.0
2155,2026-06-15,1,571,5840.0
2156,2026-08-30,2,141,10225.0
2157,2026-06-28,3,476,6600.0
2158,2026-07-30,1,417,2700.0
2159,2026-01-11,3,176,1600.0
2160,2026-01-18,3,446,885.0
2161,2026-07-22,2,42,1890.0
2162,2026-01-26,1,473,5620.0
2163,2026-07-28,3,355,3450.0
2164,2026-02-01,2,444,2955.0
2165,2026-08-20,2,135,875.0
2166,2026-08-13,1,230,1800.0
2167,2026-05-30,1,140,9920.0
2168,2026-02-13,2,460,1900.0
2169,2026-01-21,3,212,550.0
2170,2026-06-30,1,465,3600.0
2171,2026-01-24,2,11,5427.5
2172,2026-07-11,1,347,3180.0
2173,2026-03-07,2,174,9420.0
2174,2026-09-22,1,586,6040.0
2175,2026-09-16,1,176,7875.0
2176,2026-02-12,2,251,4180.0
2177,2026-05-16,1,3,5190.0
2178,2026-06-28,2,236,3000.0
2179,2026-06-23,2,409,12170.0
2180,2026-06-26,1,475,2090.0
2181,2026-09-08,1,389,1725.0
2182,2026-09-17,1,292,4100.0
2183,2026-02-20,2,249,5095.0
2184,2026-08-31,1,279,7010.0
2185,2026-08-06,1,137,6355.0
2186,2026-06-20,1,311,6000.0
2187,2026-03-07,2,25,6300.0
2188,2026-07-27,1,35,7710.0
2189,2026-08-04,1,183,2400.0
2190,2026-04-12,3,548,4200.0
2191,2026-09-18,1,33,2400.0
2192,2026-02-20,1,230,8260.0
2193,2026-09-04,1,287,3770.0
2194,2026-03-25,3,364,7750.0
2195,2026-04-13,3,21,3740.0
2196,2026-04-01,2,493,8050.0
2197,2026-04-17,2,102,12990.0
2198,2026-07-25,1,399,570.0
2199,2026-07-06,1,239,3300.0
2200,2026-08-22,3,442,700.0
2201,2026-03-08,1,123,4460.0
2202,2026-02-15,3,281,4500.0
2203,2026-04-07,3,536,7305.0
2204,2026-02-12,2,186,3445.0
2205,2026-02-17,1,348,1600.0
2206,2026-03-25,3,146,17000.0
2207,2026-01-06,2,590,4760.0
2208,2026-05-28,1,143,2700.0
2209,2026-01-04,2,40,2565.0
2210,2026-03-14,3,78,5210.0
2211,2026-09-24,2,27,5240.0
2212,2026-03-09,2,203,1440.0
2213,2026-01-11,1,460,3450.0
2214,2026-09-28,2,525,8560.0
2215,2026-03-30,3,512,4800.0
2216,2026-09-24,3,525,4680.0
2217,2026-03-29,2,50,2600.0
2218,2026-05-03,2,127,1000.0
2219,2026-05-16,1,294,11375.0
2220,2026-04-07,1,65,8600.0
2221,2026-06-09,3,163,4500.0
2222,2026-04-28,2,228,8910.0
2223,2026-02-21,1,450,3700.0
2224,2026-06-04,2,108,4800.0
2225,2026-02-12,1,426,600.0
2226,2026-06-22,3,78,3816.0
2227,2026-04-21,2,563,7790.0
2228,2026-02-13,1,505,8100.0
2229,2026-05-23,1,163,700.0
2230,2026-06-11,1,495,6425.0
2231,2026-07-23,3,271,5635.0
2232,2026-01-07,2,212,2094.0
2233,2026-03-26,2,371,4190.0
2234,2026-05-05,2,314,2400.0
2235,2026-02-22,1,572,5400.0
2236,2026-09-26,1,592,16125.0
2237,2026-09-02,2,96,7310.0
2238,2026-05-04,2,225,7570.0
2239,2026-08-07,2,481,2245.0
2240,2026-01-30,1,324,2517.5
2241,2026-06-26,1,45,8850.0
2242,2026-07-31,1,504,5720.0
2243,2026-07-15,2,580,3500.0
2244,2026-06-17,1,198,11250.0
2245,2026-02-18,3,453,4400.0
2246,2026-04-16,2,399,7650.0
2247,2026-01-07,1,26,3540.0
2248,2026-04-29,2,112,6725.0
2249,2026-03-11,1,325,12625.0
2250,2026-01-05,3,283,2990.0
2251,2026-04-16,3,295,3285.0
2252,2026-01-06,1,421,3595.0
2253,2026-07-23,3,471,8205.0
2254,2026-08-16,1,297,5560.0
2255,2026-03-31,1,346,6320.0
2256,2026-04-17,2,274,1800.0
2257,2026-08-12,3,301,500.0
2258,2026-04-25,3,38,4720.0
2259,2026-02-05,1,337,10950.0
2260,2026-03-12,1,207,1880.0
2261,2026-03-30,2,436,3035.0
2262,2026-01-30,3,173,4500.0
2263,2026-04-09,3,385,1400.0
2264,2026-01-14,2,171,2600.0
2265,2026-06-07,3,376,2480.0
2266,2026-02-14,1,484,3280.0
2267,2026-01-16,2,302,6470.0
2268,2026-02-02,1,6,11700.0
2269,2026-04-09,3,485,1800.0
2270,2026-04-09,1,106,6050.0
2271,2026-06-04,3,509,3150.0
2272,2026-07-10,1,245,5727.5
2273,2026-01-22,2,591,2460.0
2274,2026-09-23,3,440,3250.0
2275,2026-06-21,1,18,4500.0
2276,2026-06-10,1,528,1050.0
2277,2026-01-21,2,542,920.0
2278,2026-06-15,2,572,5500.0
2279,2026-09-09,3,150,2400.0
2280,2026-09-29,1,297,4050.0
2281,2026-06-03,1,250,1200.0
2282,2026-03-11,1,361,7385.0
2283,2026-09-16,2,352,2200.0
2284,2026-05-03,2,246,4480.0
2285,2026-03-20,3,154,2500.0
2286,2026-08-04,2,300,3770.0
2287,2026-04-17,2,382,7760.0
2288,2026-09-26,1,133,3255.0
2289,2026-01-04,2,579,5400.0
2290,2026-06-24,3,127,5325.0
2291,2026-01-25,1,264,6300.0
2292,2026-03-12,1,344,3000.0
2293,2026-07-10,2,231,5060.0
2294,2026-09-28,2,50,5100.0
2295,2026-02-26,1,352,1170.0
2296,2026-06-06,3,99,12400.0
2297,2026-07-12,3,347,19187.5
2298,2026-07-12,2,101,7435.0
2299,2026-07-20,2,417,2350.0
2300,2026-03-18,3,454,6100.0
2301,2026-04-03,3,520,594.0
2302,2026-02-18,2,129,5600.0
2303,2026-04-24,2,499,9350.0
2304,2026-07-12,3,496,3000.0
2305,2026-07-05,1,594,7640.0
2306,2026-05-13,3,96,4710.0
2307,2026-07-29,1,499,1100.0
2308,2026-05-30,2,278,2200.0
2309,2026-03-18,1,493,3780.0
2310,2026-04-09,1,509,8550.0
2311,2026-07-21,1,350,1300.0
2312,2026-01-12,2,139,12500.0
2313,2026-07-28,3,513,10650.0
2314,2026-07-26,2,531,6750.0
2315,2026-02-01,2,580,6455.0
2316,2026-01-07,1,7,260.0
2317,2026-08-17,2,29,13300.0
2318,2026-01-04,3,343,7870.0
2319,2026-01-28,2,64,8415.0
2320,2026-08-31,1,78,8800.0
2321,2026-08-30,3,310,2950.0
2322,2026-04-05,2,126,5825.0
2323,2026-05-13,3,153,7310.0
2324,2026-04-13,2,55,6440.0
2325,2026-08-10,3,56,3200.0
2326,2026-06-23,3,230,5750.0
2327,2026-04-06,1,369,2900.0
2328,2026-02-04,2,406,1480.0
2329,2026-07-30,3,131,1950.0
2330,2026-05-19,2,379,12450.0
2331,2026-01-05,3,196,1800.0
2332,2026-08-06,1,451,11100.0
2333,2026-07-16,3,161,5080.0
2334,2026-03-09,1,421,7600.0
2335,2026-06-09,1,146,4200.0
2336,2026-05-18,2,130,5270.0
2337,2026-04-19,1,118,300.0
2338,2026-09-09,1,405,3700.0
2339,2026-01-16,2,489,8880.0
2340,2026-03-17,1,234,5387.5
2341,2026-04-02,3,65,9900.0
2342,2026-05-12,3,79,1890.0
2343,2026-05-11,2,523,6285.0
2344,2026-05-05,2,442,2640.0
2345,2026-05-30,3,101,6200.0
2346,2026-09-28,1,596,6200.0
2347,2026-05-14,3,392,3790.0
2348,2026-08-16,1,160,11520.0
2349,2026-01-17,1,589,9905.0
2350,2026-08-15,1,109,5000.0
2351,2026-09-14,2,596,3026.0
2352,2026-04-21,1,513,450.0
2353,2026-04-29,3,302,8800.0
2354,2026-06-15,2,484,1000.0
2355,2026-08-09,2,165,3900.0
2356,2026-01-29,3,234,3500.0
2357,2026-03-11,1,340,100.0
2358,2026-01-10,1,134,2528.0
2359,2026-08-10,1,448,4510.0
2360,2026-03-06,1,220,2800.0
2361,2026-03-01,1,282,10540.0
2362,2026-03-31,2,381,1100.0
2363,2026-08-28,1,334,1215.0
2364,2026-05-04,1,131,1960.0
2365,2026-05-17,2,306,8600.0
2366,2026-07-01,3,306,2400.0
2367,2026-08-20,3,72,13900.0
2368,2026-04-19,1,179,2745.0
2369,2026-08-31,2,539,600.0
2370,2026-01-30,3,593,7950.0
2371,2026-01-08,2,310,4345.0
2372,2026-07-23,2,116,17200.0
2373,2026-04-03,3,450,9505.0
2374,2026-05-12,2,421,600.0
2375,2026-02-18,2,338,2800.0
2376,2026-03-12,2,517,10700.0
2377,2026-04-19,1,446,3700.0
2378,2026-08-13,2,88,1440.0
2379,2026-08-25,3,122,5100.0
2380,2026-01-13,2,88,11050.0
2381,2026-01-21,3,542,300.0
2382,2026-01-07,1,40,3580.0
2383,2026-01-10,2,54,240.0
2384,2026-08-31,2,383,8210.0
2385,2026-07-29,3,30,4820.0
2386,2026-07-26,1,51,1160.0
2387,2026-06-02,3,537,15250.0
2388,2026-04-27,3,33,14380.0
2389,2026-06-04,2,353,10880.0
2390,2026-02-22,1,92,12035.0
2391,2026-09-03,1,152,9300.0
2392,2026-07-24,1,592,18150.0
2393,2026-09-14,2,201,4200.0
2394,2026-01-16,1,484,1000.0
2395,2026-05-29,3,544,4340.0
2396,2026-06-19,3,42,180.0
2397,2026-03-21,3,524,400.0
2398,2026-02-07,1,95,3080.0
2399,2026-07-18,2,555,1585.0
2400,2026-08-09,3,205,1562.5
2401,2026-05-13,1,584,7217.5
2402,2026-05-04,3,556,5260.0
2403,2026-04-24,3,339,1500.0
2404,2026-07-24,1,112,6900.0
2405,2026-07-10,1,135,13070.0
2406,2026-06-02,2,569,6790.0
2407,2026-05-06,2,593,1650.0
2408,2026-01-30,1,189,3760.0
2409,2026-08-20,1,218,1320.0
2410,2026-03-23,1,225,7100.0
2411,2026-05-15,2,253,10405.0
2412,2026-07-19,1,97,13750.0
2413,2026-03-10,3,365,8970.0
2414,2026-09-18,3,422,7900.0
2415,2026-09-29,3,482,3135.0
2416,2026-06-08,2,349,4500.0
2417,2026-03-06,1,425,1200.0
2418,2026-07-19,1,64,4550.0
2419,2026-05-21,3,551,576.0
2420,2026-09-28,2,134,1480.0
2421,2026-07-25,2,176,6600.0
2422,2026-01-27,1,82,6650.0
2423,2026-01-12,1,471,7800.0
2424,2026-01-29,1,18,2750.0
2425,2026-01-31,2,413,4800.0
2426,2026-01-28,1,416,3900.0
2427,2026-05-31,1,288,2500.0
2428,2026-03-16,1,598,142.5
2429,2026-09-27,1,189,4330.0
2430,2026-04-01,3,392,5170.0
2431,2026-09-22,1,20,3935.0
2432,2026-04-17,2,45,4755.0
2433,2026-02-20,2,360,3900.0
2434,2026-07-08,3,137,716.0
2435,2026-09-04,2,346,9700.0
2436,2026-03-15,3,248,1100.0
2437,2026-08-30,2,552,11450.0
2438,2026-01-31,3,588,6940.0
2439,2026-09-04,1,429,4200.0
2440,2026-08-26,2,44,1930.0
2441,2026-07-26,3,383,16100.0
2442,2026-01-13,1,127,6830.0
2443,2026-01-06,3,26,10225.0
2444,2026-05-16,3,523,1400.0
2445,2026-05-14,1,416,2690.0
2446,2026-08-20,1,37,1500.0
2447,2026-07-05,2,372,5135.0
2448,2026-01-07,1,553,5500.0
2449,2026-04-25,1,360,2800.0
2450,2026-04-11,1,102,4575.0
2451,2026-04-22,1,204,7500.0
2452,2026-03-06,2,174,11280.0
2453,2026-01-31,3,80,200.0
2454,2026-09-08,1,97,13000.0
2455,2026-06-27,1,219,10090.0
2456,2026-04-23,1,143,2438.0
2457,2026-03-12,1,567,4800.0
2458,2026-05-25,1,472,1050.0
2459,2026-06-27,2,544,3870.0
2460,2026-07-26,1,297,1075.0
2461,2026-04-24,1,577,4740.0
2462,2026-02-04,2,186,5400.0
2463,2026-05-21,1,36,6560.0
2464,2026-09-15,1,397,7145.0
2465,2026-09-02,1,368,4140.0
2466,2026-05-09,1,504,10000.0
2467,2026-03-02,3,581,11080.0
2468,2026-09-18,3,509,5600.0
2469,2026-02-05,3,373,11700.0
2470,2026-07-31,1,9,5300.0
2471,2026-05-09,3,132,5900.0
2472,2026-06-17,1,580,5670.0
2473,2026-01-29,2,160,6600.0
2474,2026-06-05,3,142,10425.0
2475,2026-04-23,1,46,2500.0
2476,2026-05-20,3,31,3000.0
2477,2026-07-22,2,572,1595.0
2478,2026-07-27,1,179,11900.0
2479,2026-01-04,3,600,9000.0
2480,2026-04-30,3,7,4220.0
2481,2026-05-02,1,27,4980.0
2482,2026-09-08,1,567,1300.0
2483,2026-02-14,3,161,1900.0
2484,2026-07-20,2,485,4146.0
2485,2026-04-23,2,16,3240.0
2486,2026-05-10,2,219,2000.0
2487,2026-08-01,1,343,600.0
2488,2026-05-30,3,415,11805.0
2489,2026-03-03,3,360,6250.0
2490,2026-07-07,3,55,10140.0
2491,2026-07-11,2,253,7969.0
2492,2026-09-21,2,323,10550.0
2493,2026-05-01,1,489,3600.0
2494,2026-02-08,1,80,8200.0
2495,2026-09-07,2,393,10100.0
2496,2026-04-26,1,521,11115.0
2497,2026-07-04,2,24,2900.0
2498,2026-01-09,2,153,5000.0
2499,2026-03-25,3,288,1530.0
2500,2026-07-10,3,100,2520.0
2501,2026-05-02,1,404,4380.0
2502,2026-01-12,1,82,7800.0
2503,2026-09-01,2,97,560.0
2504,2026-09-08,3,461,12270.0
2505,2026-03-13,2,293,8175.0
2506,2026-08-18,1,128,13305.0
2507,2026-09-23,2,13,1390.0
2508,2026-02-20,2,400,1300.0
2509,2026-02-19,1,183,3585.0
2510,2026-01-06,3,346,4210.0
2511,2026-02-02,1,182,3100.0
2512,2026-09-29,3,24,15215.0
2513,2026-07-21,1,491,8920.0
2514,2026-02-08,3,365,275.0
2515,2026-01-26,1,175,3420.0
2516,2026-08-12,3,289,2340.0
2517,2026-07-13,1,489,5200.0
2518,2026-07-10,2,545,400.0
2519,2026-09-28,1,70,12070.0
2520,2026-09-29,1,323,5100.0
2521,2026-08-13,2,371,5415.0
2522,2026-07-08,3,497,3300.0
2523,2026-05-23,1,599,2860.0
2524,2026-01-18,1,367,1300.0
2525,2026-05-30,2,403,2000.0
2526,2026-06-29,2,97,6900.0
2527,2026-07-25,1,270,4895.0
2528,2026-05-03,1,49,342.5
2529,2026-02-27,1,10,2080.0
2530,2026-05-02,2,462,3840.0
2531,2026-07-16,2,114,2200.0
2532,2026-09-29,3,498,5740.0
2533,2026-07-23,3,516,9880.0
2534,2026-08-19,1,538,8350.0
2535,2026-02-19,1,53,5670.0
2536,2026-09-27,2,550,5580.0
2537,2026-04-25,2,485,2400.0
2538,2026-01-20,3,130,6440.0
2539,2026-05-09,2,43,10450.0
2540,2026-03-25,1,56,11550.0
2541,2026-03-22,2,237,6600.0
2542,2026-02-25,1,417,9600.0
2543,2026-01-22,1,44,2450.0
2544,2026-01-23,3,63,12700.0
2545,2026-03-31,2,284,1400.0
2546,2026-05-14,1,576,1460.0
2547,2026-08-25,1,124,1500.0
2548,2026-08-24,1,65,9895.0
2549,2026-04-21,1,268,1340.0
2550,2026-07-16,2,41,10092.5
2551,2026-01-18,2,254,3560.0
2552,2026-03-20,1,86,3010.0
2553,2026-02-19,1,96,1500.0
2554,2026-09-15,3,450,5400.0
2555,2026-05-08,3,326,1300.0
2556,2026-05-03,1,348,3760.0
2557,2026-03-30,1,158,5560.0
2558,2026-02-21,3,204,10300.0
2559,2026-04-20,3,230,2600.0
2560,2026-09-13,1,346,4006.0
2561,2026-06-19,2,416,2955.0
2562,2026-09-23,2,99,8780.0
2563,2026-02-27,2,351,3000.0
2564,2026-02-19,1,23,7200.0
2565,2026-02-12,3,196,1600.0
2566,2026-07-05,3,436,20600.0
2567,2026-04-29,2,158,7680.0
2568,2026-09-08,1,259,3500.0
2569,2026-02-24,2,518,8501.0
2570,2026-09-21,1,250,13185.0
2571,2026-09-04,1,162,3037.5
2572,2026-06-12,1,278,7900.0
2573,2026-01-02,1,548,8505.0
2574,2026-04-05,3,544,4765.0
2575,2026-07-08,1,600,4020.0
2576,2026-01-31,3,373,2040.0
2577,2026-05-30,2,117,4150.0
2578,2026-08-31,2,566,10000.0
2579,2026-06-19,3,517,1180.0
2580,2026-09-16,3,362,7450.0
2581,2026-01-03,3,227,2870.0
2582,2026-02-02,2,551,2750.0
2583,2026-08-26,3,100,6900.0
2584,2026-09-27,3,448,4060.0
2585,2026-08-13,1,31,8850.0
2586,2026-09-06,2,270,3710.0
2587,2026-03-05,2,119,4175.0
2588,2026-04-24,1,497,2800.0
2589,2026-05-11,1,214,2200.0
2590,2026-09-22,2,129,12100.0
2591,2026-06-05,2,481,5425.0
2592,2026-08-13,1,428,2685.0
2593,2026-04-10,1,172,7800.0
2594,2026-02-04,1,193,2540.0
2595,2026-03-24,2,187,6050.0
2596,2026-07-29,1,514,680.0
2597,2026-08-01,2,135,3940.0
2598,2026-05-15,2,71,6225.0
2599,2026-04-03,2,434,6050.0
2600,2026-01-03,1,408,900.0
2601,2026-04-27,3,334,2642.5
2602,2026-04-19,3,105,1300.0
2603,2026-04-25,2,429,1976.0
2604,2026-03-31,1,173,11600.0
2605,2026-05-30,3,189,1990.0
2606,2026-05-28,1,567,2785.0
2607,2026-05-06,2,577,6456.0
2608,2026-01-06,1,43,15200.0
2609,2026-03-23,2,170,1300.0
2610,2026-05-11,2,447,680.0
2611,2026-03-01,2,521,570.0
2612,2026-07-29,2,74,7240.0
2613,2026-08-01,2,587,7160.0
2614,2026-02-17,3,308,7500.0
2615,2026-01-24,1,565,4285.0
2616,2026-04-13,3,452,1050.0
2617,2026-02-19,3,590,2675.0
2618,2026-02-24,2,533,4600.0
2619,2026-01-03,2,455,4950.0
2620,2026-09-04,2,156,600.0
2621,2026-04-04,1,458,375.0
2622,2026-02-17,3,198,6600.0
2623,2026-02-10,2,250,4985.0
2624,2026-06-04,2,477,14640.0
2625,2026-02-19,2,375,2600.0
2626,2026-01-22,3,90,7840.0
2627,2026-07-26,1,250,4740.0
2628,2026-01-27,3,261,7700.0
2629,2026-08-02,1,274,13520.0
2630,2026-01-31,2,290,3800.0
2631,2026-08-09,3,89,5510.0
2632,2026-05-23,1,185,1740.0
2633,2026-09-15,1,518,5500.0
2634,2026-04-12,3,500,2600.0
2635,2026-02-22,1,10,4340.0
2636,2026-01-01,3,447,7100.0
2637,2026-02-24,3,149,4300.0
2638,2026-06-21,3,201,12300.0
2639,2026-08-09,2,370,1500.0
2640,2026-08-13,2,114,3600.0
2641,2026-09-05,1,313,4470.0
2642,2026-01-15,2,76,10910.0
2643,2026-08-18,1,289,6850.0
2644,2026-07-20,1,381,7750.0
2645,2026-02-04,1,455,18475.0
2646,2026-06-02,3,600,8905.0
2647,2026-03-20,3,560,4800.0
2648,2026-03-13,3,212,5960.0
2649,2026-01-16,1,89,1500.0
2650,2026-06-25,1,158,10400.0
2651,2026-07-04,1,553,8250.0
2652,2026-07-02,1,562,5535.0
2653,2026-09-18,3,431,5679.0
2654,2026-08-03,2,565,1100.0
2655,2026-07-14,1,394,4100.0
2656,2026-07-05,1,235,2000.0
2657,2026-01-04,1,321,5340.0
2658,2026-04-24,2,222,9277.5
2659,2026-03-14,3,472,2600.0
2660,2026-03-08,1,358,6180.0
2661,2026-01-21,2,183,7450.0
2662,2026-01-19,1,93,5300.0
2663,2026-03-03,2,463,2100.0
2664,2026-08-25,3,83,7725.0
2665,2026-07-27,1,557,2440.0
2666,2026-02-19,1,305,12900.0
2667,2026-01-12,2,163,7460.0
2668,2026-03-17,3,360,1150.0
2669,2026-02-09,1,442,9000.0
2670,2026-08-27,2,74,2650.0
2671,2026-05-05,3,210,2742.5
2672,2026-05-30,3,34,530.0
2673,2026-03-25,3,558,2700.0
2674,2026-08-23,2,381,16425.0
2675,2026-07-16,2,319,2087.5
2676,2026-08-22,2,121,2150.0
2677,2026-05-05,2,372,2275.0
2678,2026-09-30,1,202,6770.0
2679,2026-04-08,3,506,3400.0
2680,2026-06-25,1,233,5290.0
2681,2026-09-17,2,160,5040.0
2682,2026-09-08,1,554,260.0
2683,2026-01-05,1,342,9200.0
2684,2026-04-27,1,496,4135.0
2685,2026-02-12,1,7,10850.0
2686,2026-07-20,3,565,6800.0
2687,2026-02-20,1,366,12820.0
2688,2026-09-29,1,223,1300.0
2689,2026-08-04,3,313,3950.0
2690,2026-06-04,1,248,3380.0
2691,2026-04-08,2,63,5000.0
2692,2026-09-28,2,445,5228.0
2693,2026-07-02,3,362,1455.0
2694,2026-05-05,1,329,2200.0
2695,2026-07-29,1,597,1600.0
2696,2026-03-16,1,477,230.0
2697,2026-09-12,2,222,1770.0
2698,2026-07-20,1,401,8700.0
2699,2026-02-27,1,508,10140.0
2700,2026-08-07,1,502,7500.0
2701,2026-03-24,1,156,380.0
2702,2026-07-02,1,597,12072.0
2703,2026-01-03,1,309,7350.0
2704,2026-01-26,3,339,7130.0
2705,2026-04-08,2,571,4330.0
2706,2026-01-22,2,455,11600.0
2707,2026-09-11,3,300,300.0
2708,2026-03-06,2,246,6800.0
2709,2026-09-14,3,271,3125.0
2710,2026-03-08,2,576,3795.0
2711,2026-03-23,3,576,5000.0
2712,2026-04-17,2,521,1200.0
2713,2026-04-29,1,291,3640.0
2714,2026-08-31,1,495,1670.0
2715,2026-06-17,3,413,8900.0
2716,2026-02-08,1,153,2000.0
2717,2026-02-18,1,524,2785.0
2718,2026-04-29,2,260,4200.0
2719,2026-04-10,1,44,2400.0
2720,2026-05-27,2,325,2200.0
2721,2026-03-30,1,499,1020.0
2722,2026-05-29,3,427,2040.0
2723,2026-03-29,1,288,3100.0
2724,2026-05-27,3,101,9420.0
2725,2026-07-18,1,142,13100.0
2726,2026-03-11,1,424,80.0
2727,2026-06-17,3,175,600.0
2728,2026-05-17,1,381,4800.0
2729,2026-06-29,2,335,800.0
2730,2026-01-18,1,7,1460.0
2731,2026-05-29,2,479,8640.0
2732,2026-07-29,3,268,3360.0
2733,2026-05-27,2,484,2900.0
2734,2026-04-22,2,431,7170.0
2735,2026-06-02,2,468,11410.0
2736,2026-06-22,3,10,6300.0
2737,2026-03-14,1,294,4032.0
2738,2026-04-13,1,341,2340.0
2739,2026-09-15,3,263,9600.0
2740,2026-09-18,2,536,6800.0
2741,2026-04-04,1,374,1500.0
2742,2026-06-09,2,538,4800.0
2743,2026-04-21,3,315,5840.0
2744,2026-08-05,1,17,3535.0
2745,2026-04-08,3,593,5400.0
2746,2026-03-17,1,13,1000.0
2747,2026-09-16,1,80,1900.0
2748,2026-08-15,1,420,3680.0
2749,2026-08-21,1,251,7620.0
2750,2026-04-10,1,358,4975.0
2751,2026-08-17,1,443,6280.0
2752,2026-09-07,2,293,4250.0
2753,2026-03-25,3,29,5560.0
2754,2026-02-10,1,459,1670.0
2755,2026-03-13,3,88,3225.0
2756,2026-03-23,3,245,2190.0
2757,2026-06-24,2,388,8200.0
2758,2026-06-18,3,502,8100.0
2759,2026-03-18,1,225,6300.0
2760,2026-01-22,1,491,12600.0
2761,2026-03-11,2,29,5355.0
2762,2026-07-23,3,155,10722.0
2763,2026-04-15,2,358,2245.0
2764,2026-09-04,2,349,300.0
2765,2026-02-26,1,99,4470.0
2766,2026-06-30,1,343,1490.0
2767,2026-08-20,3,238,3900.0
2768,2026-07-23,3,297,5470.0
2769,2026-04-08,2,522,2700.0
2770,2026-06-10,2,563,12885.0
2771,2026-03-09,1,263,9727.5
2772,2026-01-09,3,43,7325.0
2773,2026-03-18,1,2,8907.0
2774,2026-09-07,1,120,5190.0
2775,2026-09-23,1,529,4965.0
2776,2026-06-15,3,23,6805.0
2777,2026-03-31,3,141,2270.0
2778,2026-01-31,1,245,4170.0
2779,2026-06-07,1,236,1960.0
2780,2026-04-07,2,313,4650.0
2781,2026-03-16,3,397,12900.0
2782,2026-07-27,3,204,9400.0
2783,2026-04-30,2,364,3800.0
2784,2026-06-12,3,145,5800.0
2785,2026-03-19,1,331,10185.0
2786,2026-04-13,3,506,7280.0
2787,2026-04-27,1,288,4700.0
2788,2026-08-30,3,447,3535.0
2789,2026-01-24,1,465,5200.0
2790,2026-09-16,1,399,2290.0
2791,2026-08-11,2,415,8850.0
2792,2026-03-08,3,42,7380.0
2793,2026-09-10,1,319,200.0
2794,2026-03-17,1,281,450.0
2795,2026-07-12,1,202,200.0
2796,2026-07-14,1,233,7770.0
2797,2026-06-30,1,254,2500.0
2798,2026-03-27,1,390,950.0
2799,2026-05-16,2,115,4380.0
2800,2026-02-16,1,31,800.0
2801,2026-03-20,2,382,2200.0
2802,2026-09-05,1,482,7795.0
2803,2026-07-10,1,56,380.0
2804,2026-08-20,2,498,6905.0
2805,2026-07-18,2,508,5560.0
2806,2026-01-03,3,129,8280.0
2807,2026-08-21,2,493,10800.0
2808,2026-07-02,3,318,4690.0
2809,2026-08-21,3,583,1260.0
2810,2026-01-11,3,175,4080.0
2811,2026-07-22,3,517,6800.0
2812,2026-09-01,1,372,7440.0
2813,2026-07-17,1,427,8250.0
2814,2026-03-16,3,286,80.0
2815,2026-02-14,1,450,2827.0
2816,2026-05-28,1,570,5990.0
2817,2026-06-26,2,13,11640.0
2818,2026-05-09,3,195,7475.0
2819,2026-02-25,3,452,2600.0
2820,2026-07-04,1,73,1690.0
2821,2026-08-22,3,69,2160.0
2822,2026-05-10,3,480,7910.0
2823,2026-03-23,3,36,1200.0
2824,2026-02-14,2,245,2200.0
2825,2026-04-10,1,389,5310.0
2826,2026-09-29,2,135,2700.0
2827,2026-09-16,1,226,6840.0
2828,2026-07-30,3,355,7200.0
2829,2026-02-07,3,451,8640.0
2830,2026-03-01,2,118,1000.0
2831,2026-02-23,1,3,6495.0
2832,2026-01-03,2,584,1000.0
2833,2026-05-04,2,283,8905.0
2834,2026-01-12,3,230,7835.0
2835,2026-09-14,2,99,5300.0
2836,2026-03-12,1,187,600.0
2837,2026-09-14,2,94,5310.0
2838,2026-01-27,2,53,4350.0
2839,2026-02-12,2,122,700.0
2840,2026-01-16,2,239,1302.5
2841,2026-06-12,2,299,5840.0
2842,2026-03-12,1,274,1500.0
2843,2026-02-28,2,368,5160.0
2844,2026-03-29,3,103,6600.0
2845,2026-07-08,3,8,3165.0
2846,2026-03-29,2,157,876.0
2847,2026-07-05,1,419,8550.0
2848,2026-01-22,1,126,3900.0
2849,2026-09-11,1,46,6300.0
2850,2026-08-21,1,419,7815.0
2851,2026-05-26,2,83,4440.0
2852,2026-09-18,1,209,3705.0
2853,2026-08-24,3,8,12900.0
2854,2026-06-24,1,180,1800.0
2855,2026-04-04,2,562,6285.0
2856,2026-04-25,2,164,6685.0
2857,2026-01-04,3,357,1200.0
2858,2026-06-23,3,589,1200.0
2859,2026-07-12,2,360,5590.0
2860,2026-04-27,2,364,12170.0
2861,2026-08-27,3,338,11460.0
2862,2026-02-28,1,253,2470.0
2863,2026-08-22,3,428,7100.0
2864,2026-05-20,2,209,5375.0
2865,2026-02-18,3,411,5057.5
2866,2026-08-17,1,116,3855.0
2867,2026-02-19,1,339,7544.0
2868,2026-06-18,3,50,8440.0
2869,2026-04-07,3,2,4240.0
2870,2026-06-12,1,7,5700.0
2871,2026-09-29,3,418,1805.0
2872,2026-08-01,2,92,1400.0
2873,2026-03-30,3,163,9200.0
2874,2026-08-27,1,476,6360.0
2875,2026-04-04,2,597,3700.5
2876,2026-03-28,1,98,6966.0
2877,2026-09-09,2,180,500.0
2878,2026-08-24,3,524,2500.0
2879,2026-07-03,3,267,2760.0
2880,2026-07-28,3,13,1200.0
2881,2026-03-16,1,416,2100.0
2882,2026-08-04,2,148,6500.0
2883,2026-08-16,1,259,13500.0
2884,2026-05-25,1,396,7300.0
2885,2026-02-19,3,453,1000.0
2886,2026-05-02,2,174,10250.0
2887,2026-06-26,3,550,2160.0
2888,2026-06-24,2,239,6400.0
2889,2026-03-29,1,175,6300.0
2890,2026-09-22,1,93,13500.0
2891,2026-04-14,3,42,5400.0
2892,2026-09-03,3,331,240.0
2893,2026-07-26,1,292,4485.0
2894,2026-05-08,1,338,5635.0
2895,2026-06-16,1,480,3390.0
2896,2026-05-26,2,426,5320.0
2897,2026-07-24,1,26,6800.0
2898,2026-06-28,2,565,3705.0
2899,2026-05-21,1,373,5100.0
2900,2026-01-22,3,242,7900.0
2901,2026-02-22,1,465,1735.0
2902,2026-09-05,3,492,1095.0
2903,2026-07-02,2,138,4925.0
2904,2026-09-06,2,458,7700.0
2905,2026-04-07,3,548,12400.0
2906,2026-01-11,3,89,3405.0
2907,2026-04-10,2,593,2660.0
2908,2026-05-07,3,117,8250.0
2909,2026-04-16,3,138,1570.0
2910,2026-07-31,1,373,1950.0
2911,2026-07-15,1,25,6400.0
2912,2026-04-18,1,223,6400.0
2913,2026-09-18,2,416,3422.0
2914,2026-02-12,2,263,3490.0
2915,2026-09-06,2,164,3240.0
2916,2026-05-16,3,74,8700.0
2917,2026-05-16,1,587,1470.0
2918,2026-05-25,1,92,4520.0
2919,2026-05-18,2,45,5180.0
2920,2026-02-06,3,269,5000.0
2921,2026-05-17,3,56,5900.0
2922,2026-07-23,2,178,815.0
2923,2026-06-20,2,71,7250.0
2924,2026-01-15,1,241,3300.0
2925,2026-06-24,1,419,380.0
2926,2026-04-09,1,53,5552.0
2927,2026-01-24,2,219,4700.0
2928,2026-09-29,1,523,800.0
2929,2026-01-24,1,84,6280.0
2930,2026-01-21,1,146,1200.0
2931,2026-01-04,3,215,3320.0
2932,2026-05-07,3,324,8010.0
2933,2026-07-20,2,372,2600.0
2934,2026-08-18,1,79,3230.0
2935,2026-09-21,1,391,4455.0
2936,2026-01-04,1,58,5675.0
2937,2026-09-21,1,46,8420.0
2938,2026-04-10,3,139,1200.0
2939,2026-04-22,1,475,442.5
2940,2026-07-06,1,35,10660.0
2941,2026-03-29,2,96,6755.0
2942,2026-06-02,1,141,2700.0
2943,2026-03-04,1,88,4275.0
2944,2026-04-17,2,176,7335.0
2945,2026-01-31,1,261,13425.0
2946,2026-04-27,3,350,8400.0
2947,2026-02-13,2,311,2910.0
2948,2026-02-14,2,485,9900.0
2949,2026-05-03,3,364,516.0
2950,2026-07-24,3,300,9985.0
2951,2026-08-28,3,227,3175.0
2952,2026-04-24,1,470,7260.0
2953,2026-07-29,1,439,2095.0
2954,2026-06-17,2,298,3380.0
2955,2026-06-29,3,111,3000.0
2956,2026-09-12,2,376,3225.0
2957,2026-04-19,1,383,3445.0
2958,2026-04-22,2,283,2786.0
2959,2026-02-06,3,393,3420.0
2960,2026-08-05,3,138,15300.0
2961,2026-09-04,1,362,10642.5
2962,2026-08-27,1,222,6300.0
2963,2026-08-28,3,109,3600.0
2964,2026-03-21,3,12,4776.0
2965,2026-02-05,1,392,3500.0
2966,2026-07-03,3,151,12980.0
2967,2026-04-22,1,209,840.0
2968,2026-07-09,1,79,14450.0
2969,2026-02-01,1,381,1900.0
2970,2026-03-02,3,249,4710.0
2971,2026-03-29,3,249,15900.0
2972,2026-02-27,2,53,900.0
2973,2026-09-08,3,325,6475.0
2974,2026-05-27,2,271,4800.0
2975,2026-02-21,1,203,4500.0
2976,2026-05-02,3,17,8060.0
2977,2026-06-15,3,411,6060.0
2978,2026-04-10,1,243,7680.0
2979,2026-08-29,3,401,7200.0
2980,2026-02-03,3,592,8520.0
2981,2026-03-30,1,333,500.0
2982,2026-01-20,2,454,7042.5
2983,2026-06-29,1,65,11700.0
2984,2026-09-25,2,433,13800.0
2985,2026-06-27,3,329,4850.0
2986,2026-05-10,2,272,1800.0
2987,2026-01-04,3,164,1500.0
2988,2026-07-05,3,60,10740.0
2989,2026-03-11,3,546,3600.0
2990,2026-01-31,3,480,7875.0
2991,2026-06-02,2,217,5335.0
2992,2026-03-02,1,410,5265.0
2993,2026-02-06,3,334,8680.0
2994,2026-05-21,1,519,9940.0
2995,2026-02-09,1,529,600.0
2996,2026-05-09,2,309,12400.0
2997,2026-03-09,1,482,2480.0
2998,2026-05-22,3,551,7445.0
2999,2026-09-25,2,209,6042.5
3000,2026-02-06,1,419,3345.0
3001,2026-01-27,1,554,6100.0
3002,2026-04-29,1,282,4670.0
3003,2026-04-05,3,484,390.0
3004,2026-09-24,2,187,5500.0
3005,2026-05-25,1,349,14100.0
3006,2026-03-12,2,454,1905.0
3007,2026-09-02,1,373,4400.0
3008,2026-03-23,3,597,3995.0
3009,2026-02-12,1,54,2100.0
3010,2026-04-02,3,456,1160.0
3011,2026-06-25,1,600,8346.0
3012,2026-09-12,2,119,3200.0
3013,2026-06-30,1,260,11355.0
3014,2026-05-29,3,68,2980.0
3015,2026-02-17,1,112,9750.0
3016,2026-07-17,1,452,12180.0
3017,2026-07-25,1,244,10000.0
3018,2026-09-26,2,18,4275.0
3019,2026-05-22,2,250,6700.0
3020,2026-06-20,3,211,8740.0
3021,2026-09-28,1,556,2150.0
3022,2026-09-15,3,259,80.0
3023,2026-09-30,1,46,15800.0
3024,2026-06-06,2,558,5600.0
3025,2026-02-20,1,486,6765.0
3026,2026-06-04,1,165,4900.0
3027,2026-05-26,3,136,1576.0
3028,2026-09-18,3,32,12350.0
3029,2026-07-17,1,259,15230.0
3030,2026-01-22,3,163,7215.0
3031,2026-08-29,2,346,3850.0
3032,2026-07-02,1,390,2585.0
3033,2026-08-03,2,66,9200.0
3034,2026-01-31,2,118,5860.0
3035,2026-07-02,1,481,2690.0
3036,2026-03-15,3,323,80.0
3037,2026-02-12,3,219,6650.0
3038,2026-03-02,2,369,5422.5
3039,2026-03-21,1,18,5320.0
3040,2026-09-24,3,394,10845.0
3041,2026-04-01,3,186,475.0
3042,2026-08-18,1,445,2000.0
3043,2026-08-22,1,145,6210.0
3044,2026-08-09,1,482,2280.0
3045,2026-02-24,1,422,17550.0
3046,2026-02-03,2,70,900.0
3047,2026-01-30,2,317,7700.0
3048,2026-02-05,1,205,6275.0
3049,2026-03-03,1,82,3100.0
3050,2026-05-18,1,276,1890.0
3051,2026-09-11,1,454,10680.0
3052,2026-01-19,1,597,6200.0
3053,2026-06-30,1,87,7490.0
3054,2026-07-10,3,451,6000.0
3055,2026-02-15,3,528,7100.0
3056,2026-02-09,2,290,2225.0
3057,2026-05-06,2,496,3590.0
3058,2026-06-28,2,186,6750.0
3059,2026-06-09,3,550,3727.5
3060,2026-02-06,2,162,3032.0
3061,2026-02-22,1,302,3500.0
3062,2026-04-12,1,215,8265.0
3063,2026-05-30,3,81,5330.0
3064,2026-06-17,2,57,7700.0
3065,2026-01-10,3,19,500.0
3066,2026-04-11,3,447,7560.0
3067,2026-05-23,1,529,4300.0
3068,2026-09-27,1,4,5320.0
3069,2026-07-11,3,441,1660.0
3070,2026-06-09,2,564,1100.0
3071,2026-08-24,3,402,600.0
3072,2026-08-05,3,435,7044.0
3073,2026-06-19,1,220,285.0
3074,2026-04-25,2,439,10090.0
3075,2026-05-09,3,532,9180.0
3076,2026-07-05,3,274,6970.0
3077,2026-09-08,2,87,6400.0
3078,2026-07-03,3,484,2740.0
3079,2026-06-01,2,541,3400.0
3080,2026-03-27,1,341,10130.0
3081,2026-03-24,1,555,8990.0
3082,2026-09-15,1,314,5200.0
3083,2026-07-12,1,440,540.0
3084,2026-03-28,2,429,9440.0
3085,2026-04-05,3,471,2900.0
3086,2026-07-28,2,188,9900.0
3087,2026-01-10,3,552,1150.0
3088,2026-07-21,3,41,200.0
3089,2026-01-23,2,445,4390.0
3090,2026-08-15,3,590,5950.0
3091,2026-03-07,2,294,3800.0
3092,2026-06-08,3,281,2870.0
3093,2026-03-05,2,268,8800.0
3094,2026-01-17,1,312,5700.0
3095,2026-09-05,2,563,11500.0
3096,2026-04-03,2,35,4300.0
3097,2026-05-21,3,52,1600.0
3098,2026-01-27,3,550,8050.0
3099,2026-06-02,1,368,4000.0
3100,2026-05-02,1,225,3400.0
3101,2026-09-17,1,510,4600.0
3102,2026-07-25,2,403,3000.0
3103,2026-05-26,2,85,9800.0
3104,2026-02-12,1,575,6800.0
3105,2026-05-13,1,65,3625.0
3106,2026-06-19,3,143,3800.0
3107,2026-04-09,2,539,776.0
3108,2026-03-21,1,405,9080.0
3109,2026-01-28,1,568,3000.0
3110,2026-04-07,1,273,4580.0
3111,2026-03-11,3,1,1395.0
3112,2026-03-22,1,484,6142.5
3113,2026-04-13,1,541,5210.0
3114,2026-09-24,3,12,5380.0
3115,2026-09-27,2,410,8330.0
3116,2026-02-18,1,167,11325.0
3117,2026-05-04,2,59,7440.0
3118,2026-05-25,3,548,5922.0
3119,2026-03-09,1,347,9970.0
3120,2026-09-22,1,286,8900.0
3121,2026-05-17,3,346,5280.0
3122,2026-06-30,3,578,200.0
3123,2026-07-05,1,41,9420.0
3124,2026-01-28,3,536,7232.0
3125,2026-06-23,2,23,3180.0
3126,2026-02-10,3,355,4050.0
3127,2026-08-20,3,377,3190.0
3128,2026-02-12,3,525,4300.0
3129,2026-03-06,3,3,6100.0
3130,2026-02-25,3,266,6260.0
3131,2026-07-21,2,420,4050.0
3132,2026-01-04,3,539,1780.0
3133,2026-03-04,1,467,7500.0
3134,2026-01-11,2,220,4842.5
3135,2026-06-04,3,206,9240.0
3136,2026-05-21,1,472,2785.0
3137,2026-08-25,1,456,3290.0
3138,2026-09-18,3,376,4200.0
3139,2026-09-07,1,311,8500.0
3140,2026-07-11,1,206,1200.0
3141,2026-06-23,1,432,11200.0
3142,2026-09-11,1,581,5000.0
3143,2026-04-30,3,150,2992.5
3144,2026-01-19,2,404,270.0
3145,2026-07-27,1,539,5300.0
3146,2026-04-25,2,392,5950.0
3147,2026-08-12,3,245,2000.0
3148,2026-09-21,3,540,6900.0
3149,2026-08-09,3,61,7660.0
3150,2026-02-28,1,482,5580.0
3151,2026-04-29,1,576,4990.0
3152,2026-02-20,1,38,1050.0
3153,2026-08-01,1,345,9585.0
3154,2026-06-29,3,23,5680.0
3155,2026-08-05,1,293,3580.0
3156,2026-04-22,2,226,2180.0
3157,2026-05-22,2,282,4200.0
3158,2026-08-21,1,71,7900.0
3159,2026-02-25,2,176,1600.0
3160,2026-04-07,2,449,1800.0
3161,2026-07-05,1,134,800.0
3162,2026-05-04,1,289,10620.0
3163,2026-02-19,1,141,4500.0
3164,2026-03-20,3,269,4200.0
3165,2026-04-21,3,460,5550.0
3166,2026-07-26,3,332,4700.0
3167,2026-09-11,1,62,4510.0
3168,2026-06-13,3,475,4760.0
3169,2026-02-06,3,370,1850.0
3170,2026-05-24,1,101,1835.0
3171,2026-02-27,2,244,1050.0
3172,2026-08-19,1,43,3500.0
3173,2026-09-11,3,577,10975.0
3174,2026-02-06,1,242,5100.0
3175,2026-04-23,2,491,15690.0
3176,2026-07-02,1,114,2760.0
3177,2026-06-08,2,235,2370.0
3178,2026-07-21,3,444,5640.0
3179,2026-07-20,3,435,7325.0
3180,2026-03-01,1,73,4542.5
3181,2026-02-09,2,320,6020.0
3182,2026-02-03,2,194,10320.0
3183,2026-03-12,2,455,8900.0
3184,2026-08-18,3,405,8225.0
3185,2026-03-14,3,437,9290.0
3186,2026-08-06,1,400,2160.0
3187,2026-06-05,2,504,1340.0
3188,2026-09-09,1,69,4000.0
3189,2026-02-28,1,412,2810.0
3190,2026-06-02,1,443,6300.0
3191,2026-07-25,2,513,2235.0
3192,2026-02-16,3,504,3750.0
3193,2026-07-08,1,537,3635.0
3194,2026-08-16,2,572,1100.0
3195,2026-09-03,3,392,5805.0
3196,2026-05-14,2,386,4840.0
3197,2026-01-24,3,293,4975.0
3198,2026-09-08,1,516,9700.0
3199,2026-01-11,1,331,7535.0
3200,2026-03-30,2,324,1800.0
3201,2026-06-08,2,321,2776.0
3202,2026-03-02,1,394,2105.0
3203,2026-08-30,3,425,13300.0
3204,2026-02-08,1,97,8950.0
3205,2026-07-11,3,292,5100.0
3206,2026-07-10,3,575,12820.0
3207,2026-02-25,2,120,685.0
3208,2026-07-16,1,353,5040.0
3209,2026-05-12,3,582,5825.0
3210,2026-03-19,1,90,1000.0
3211,2026-09-19,1,276,2875.0
3212,2026-08-09,3,148,7110.0
3213,2026-05-12,3,62,10875.0
3214,2026-07-23,3,310,5750.0
3215,2026-09-03,2,371,7640.0
3216,2026-06-27,1,297,100.0
3217,2026-02-19,1,284,3000.0
3218,2026-01-08,2,82,1252.0
3219,2026-03-24,3,27,600.0
3220,2026-01-13,1,520,4060.0
3221,2026-08-08,3,472,7350.0
3222,2026-07-20,1,132,4500.0
3223,2026-04-25,3,439,2027.5
3224,2026-07-30,2,112,3970.0
3225,2026-05-18,1,494,5750.0
3226,2026-09-19,1,275,2200.0
3227,2026-05-21,2,110,6600.0
3228,2026-07-26,2,425,855.0
3229,2026-04-30,2,94,9850.0
3230,2026-07-11,2,260,1360.0
3231,2026-01-03,2,529,2100.0
3232,2026-07-20,1,522,4010.0
3233,2026-07-07,2,178,2050.0
3234,2026-05-06,1,74,3050.0
3235,2026-09-21,3,553,3600.0
3236,2026-01-30,1,587,3225.0
3237,2026-01-08,2,564,2540.0
3238,2026-03-10,1,459,4700.0
3239,2026-02-27,2,542,12670.0
3240,2026-08-02,1,24,8070.0
3241,2026-06-11,2,335,5710.0
3242,2026-07-09,1,553,770.0
3243,2026-03-03,2,169,7700.0
3244,2026-01-06,1,474,1080.0
3245,2026-02-15,2,134,2925.0
3246,2026-02-16,3,183,2970.0
3247,2026-04-11,3,529,710.0
3248,2026-08-24,3,471,2785.0
3249,2026-09-30,2,342,1870.0
3250,2026-07-21,2,414,700.0
3251,2026-05-28,2,542,6835.0
3252,2026-09-06,2,550,3600.0
3253,2026-03-11,3,487,7095.0
3254,2026-09-01,1,21,3700.0
3255,2026-06-08,1,534,8780.0
3256,2026-05-09,2,579,6460.0
3257,2026-02-08,2,579,2400.0
3258,2026-08-31,3,364,3750.0
3259,2026-05-08,2,122,400.0
3260,2026-01-19,2,119,7110.0
3261,2026-06-14,2,176,12850.0
3262,2026-05-31,2,234,5362.5
3263,2026-07-04,2,527,8590.0
3264,2026-01-20,2,441,6390.0
3265,2026-03-08,2,94,8040.0
3266,2026-08-11,1,512,3840.0
3267,2026-01-01,1,36,7900.0
3268,2026-06-25,1,553,800.0
3269,2026-03-27,3,268,7950.0
3270,2026-01-02,1,306,1200.0
3271,2026-01-25,1,523,13155.0
3272,2026-04-15,3,354,2100.0
3273,2026-07-15,1,465,18000.0
3274,2026-04-29,3,126,4880.0
3275,2026-01-18,3,222,1640.0
3276,2026-02-06,1,120,1750.0
3277,2026-04-19,1,389,9485.0
3278,2026-09-27,2,95,3600.0
3279,2026-02-01,3,2,1740.0
3280,2026-04-18,3,244,3370.0
3281,2026-03-04,3,166,2340.0
3282,2026-07-27,2,237,2665.0
3283,2026-01-26,3,319,1800.0
3284,2026-08-11,1,462,8200.0
3285,2026-06-14,3,443,6000.0
3286,2026-09-28,1,600,5890.0
3287,2026-07-07,1,529,7341.0
3288,2026-05-25,3,131,1200.0
3289,2026-07-16,2,274,1660.0
3290,2026-01-22,2,520,6080.0
3291,2026-01-23,1,322,10240.0
3292,2026-09-05,1,569,5000.0
3293,2026-09-15,3,228,5400.0
3294,2026-07-01,1,158,5450.0
3295,2026-09-06,1,574,13050.0
3296,2026-08-01,3,297,1400.0
3297,2026-03-12,1,345,7100.0
3298,2026-04-12,2,214,10300.0
3299,2026-07-02,1,103,5852.0
3300,2026-07-19,3,51,3600.0
3301,2026-02-26,3,268,795.0
3302,2026-07-14,1,77,8200.0
3303,2026-07-01,2,479,9720.0
3304,2026-04-10,2,350,95.0
3305,2026-01-28,1,372,16200.0
3306,2026-02-11,1,87,6540.0
3307,2026-04-25,3,153,5540.0
3308,2026-03-24,2,233,2500.0
3309,2026-06-03,2,594,5880.0
3310,2026-01-09,1,509,16400.0
3311,2026-08-17,3,304,8100.0
3312,2026-09-08,1,6,480.0
3313,2026-09-09,1,451,2550.0
3314,2026-05-13,2,501,2300.0
3315,2026-03-27,1,104,1800.0
3316,2026-06-22,2,207,13670.0
3317,2026-02-14,1,42,4700.0
3318,2026-06-25,2,283,690.0
3319,2026-01-19,1,84,240.0
3320,2026-05-05,2,411,5852.0
3321,2026-02-28,2,469,1900.0
3322,2026-05-16,2,286,9480.0
3323,2026-02-11,3,561,3200.0
3324,2026-09-09,1,460,7800.0
3325,2026-09-01,2,483,3470.0
3326,2026-03-09,2,123,11445.0
3327,2026-04-19,1,354,6700.0
3328,2026-01-20,1,67,4490.0
3329,2026-01-03,3,231,17140.0
3330,2026-07-03,2,127,4828.0
3331,2026-01-23,1,460,8355.0
3332,2026-01-13,1,429,9510.0
3333,2026-01-23,2,361,4800.0
3334,2026-02-20,1,447,5205.0
3335,2026-07-25,1,551,2600.0
3336,2026-09-27,2,172,10200.0
3337,2026-08-24,3,385,7100.0
3338,2026-07-02,3,16,2725.0
3339,2026-04-17,3,271,2470.0
3340,2026-05-26,2,145,9350.0
3341,2026-09-06,1,413,7990.0
3342,2026-08-09,3,1,10615.0
3343,2026-07-20,2,398,12280.0
3344,2026-03-07,1,198,8677.5
3345,2026-05-11,2,276,4300.0
3346,2026-06-18,2,303,5100.0
3347,2026-09-26,3,173,6740.0
3348,2026-09-21,2,202,4292.0
3349,2026-03-10,1,515,7580.0
3350,2026-09-30,1,325,5760.0
3351,2026-06-02,2,279,2260.0
3352,2026-09-19,3,448,12460.0
3353,2026-02-17,3,246,3910.0
3354,2026-01-24,3,219,2960.0
3355,2026-06-11,2,518,600.0
3356,2026-03-15,2,280,5117.5
3357,2026-03-04,3,33,4000.0
3358,2026-03-27,3,59,742.5
3359,2026-07-21,2,259,5310.0
3360,2026-05-16,1,546,4330.0
3361,2026-01-10,1,126,4590.0
3362,2026-02-02,2,482,2060.0
3363,2026-04-15,3,555,7635.0
3364,2026-06-22,2,76,5980.0
3365,2026-05-27,3,392,8630.0
3366,2026-07-28,2,119,4800.0
3367,2026-08-19,3,301,4195.0
3368,2026-05-18,2,531,400.0
3369,2026-03-26,2,376,1500.0
3370,2026-03-07,1,544,240.0
3371,2026-06-10,2,178,150.0
3372,2026-08-23,1,79,3110.0
3373,2026-05-30,3,287,7376.0
3374,2026-01-12,2,65,1300.0
3375,2026-01-29,2,465,2745.0
3376,2026-08-11,3,465,7475.0
3377,2026-08-21,2,411,3150.0
3378,2026-09-14,1,248,7820.0
3379,2026-03-05,1,259,1800.0
3380,2026-04-02,2,238,8800.0
3381,2026-03-09,2,38,2600.0
3382,2026-06-04,1,414,7125.0
3383,2026-01-30,3,289,5700.0
3384,2026-02-14,2,429,4240.0
3385,2026-01-02,1,587,12240.0
3386,2026-09-06,1,48,2560.0
3387,2026-02-12,2,354,4200.0
3388,2026-08-05,2,8,4730.0
3389,2026-01-07,2,516,10175.0
3390,2026-05-01,2,93,6520.0
3391,2026-03-05,1,241,4275.0
3392,2026-03-02,3,186,5400.0
3393,2026-01-23,1,494,1820.0
3394,2026-01-19,1,531,4040.0
3395,2026-05-17,1,33,5640.0
3396,2026-06-09,3,542,3450.0
3397,2026-05-13,3,38,7700.0
3398,2026-06-04,1,394,4300.0
3399,2026-01-25,1,211,9300.0
3400,2026-01-08,2,399,8040.0
3401,2026-05-29,1,304,4300.0
3402,2026-01-15,3,515,6990.0
3403,2026-01-18,3,430,1650.0
3404,2026-07-24,1,340,8260.0
3405,2026-06-08,1,151,7800.0
3406,2026-09-04,1,137,3300.0
3407,2026-02-03,2,496,3260.0
3408,2026-09-27,2,565,6400.0
3409,2026-05-12,1,155,3575.0
3410,2026-04-16,2,147,11465.0
3411,2026-07-24,1,218,3200.0
3412,2026-03-03,3,570,4100.0
3413,2026-01-17,1,31,2070.0
3414,2026-03-06,1,107,10000.0
3415,2026-01-27,1,315,400.0
3416,2026-01-29,3,82,445.0
3417,2026-06-10,1,435,4810.0
3418,2026-07-24,1,503,1952.0
3419,2026-04-10,3,542,2100.0
3420,2026-05-08,1,526,1960.0
3421,2026-02-27,3,442,8485.0
3422,2026-04-04,2,116,3750.0
3423,2026-08-03,2,246,6810.0
3424,2026-07-03,1,144,950.0
3425,2026-02-14,2,383,10700.0
3426,2026-08-01,1,493,100.0
3427,2026-03-13,3,350,8510.0
3428,2026-02-26,1,296,4800.0
3429,2026-08-30,3,565,10480.0
3430,2026-05-11,1,239,6400.0
3431,2026-04-06,2,502,8600.0
3432,2026-07-05,3,53,5200.0
3433,2026-04-26,3,487,1228.0
3434,2026-01-30,3,122,460.0
3435,2026-01-01,1,301,7426.0
3436,2026-07-14,2,543,8000.0
3437,2026-02-12,3,294,3300.0
3438,2026-05-08,3,280,6776.0
3439,2026-05-02,1,569,4860.0
3440,2026-09-08,2,147,5616.0
3441,2026-08-23,3,141,3070.0
3442,2026-07-01,2,387,3125.0
3443,2026-04-08,2,221,4500.0
3444,2026-06-21,1,250,5488.0
3445,2026-01-04,1,332,4000.0
3446,2026-02-20,3,4,150.0
3447,2026-03-12,3,141,9450.0
3448,2026-07-23,2,576,3900.0
3449,2026-09-30,1,384,1100.0
3450,2026-05-10,3,361,12915.0
3451,2026-06-17,3,294,2135.0
3452,2026-06-10,1,168,8130.0
3453,2026-05-28,2,423,6160.0
3454,2026-04-22,2,339,6515.0
3455,2026-03-04,3,553,3425.0
3456,2026-01-05,3,385,9100.0
3457,2026-04-29,3,510,7368.0
3458,2026-05-18,1,295,1485.0
3459,2026-03-11,3,565,1100.0
3460,2026-06-15,2,411,3800.0
3461,2026-07-25,2,199,10130.0
3462,2026-05-03,1,10,18275.0
3463,2026-02-07,2,337,2240.0
3464,2026-08-17,2,341,7600.0
3465,2026-08-17,1,371,4242.0
3466,2026-03-17,1,293,2850.0
3467,2026-03-28,3,507,3880.0
3468,2026-03-14,3,33,13400.0
3469,2026-07-31,2,458,8400.0
3470,2026-09-17,1,371,200.0
3471,2026-09-30,3,101,5200.0
3472,2026-01-05,1,531,6340.0
3473,2026-06-04,1,374,9900.0
3474,2026-03-13,2,426,5600.0
3475,2026-08-02,1,291,5200.0
3476,2026-06-25,3,460,7490.0
3477,2026-05-11,2,204,13300.0
3478,2026-02-03,1,34,12700.0
3479,2026-09-23,2,485,3800.0
3480,2026-07-02,3,58,6200.0
3481,2026-07-01,3,97,10100.0
3482,2026-05-11,2,548,5100.0
3483,2026-08-24,2,273,3200.0
3484,2026-04-15,3,475,1625.0
3485,2026-04-14,2,422,4000.0
3486,2026-04-03,2,467,6272.0
3487,2026-02-02,1,453,200.0
3488,2026-09-27,2,196,10535.0
3489,2026-08-25,2,258,2500.0
3490,2026-07-13,3,565,6750.0
3491,2026-03-28,1,154,6480.0
3492,2026-06-17,1,370,6150.0
3493,2026-04-04,2,388,452.0
3494,2026-05-11,1,68,7480.0
3495,2026-07-04,2,558,10035.0
3496,2026-07-17,2,187,9900.0
3497,2026-05-07,2,235,8050.0
3498,2026-09-28,3,45,5830.0
3499,2026-06-06,2,507,6110.0
3500,2026-07-04,1,545,4940.0
3501,2026-02-22,1,291,7570.0
3502,2026-05-26,2,180,16500.0
3503,2026-07-12,3,157,9600.0
3504,2026-09-03,2,325,2750.0
3505,2026-07-28,1,194,1575.0
3506,2026-05-06,1,127,400.0
3507,2026-02-16,3,108,5100.0
3508,2026-05-27,1,563,8450.0
3509,2026-03-19,1,68,4250.0
3510,2026-02-06,2,50,2445.5
3511,2026-01-10,3,103,6011.0
3512,2026-09-15,3,85,4060.0
3513,2026-04-02,1,8,100.0
3514,2026-08-15,2,336,6955.0
3515,2026-07-14,3,81,2965.0
3516,2026-08-06,2,80,3900.0
3517,2026-04-16,1,210,5216.0
3518,2026-02-20,2,513,3810.0
3519,2026-06-18,3,490,5120.0
3520,2026-06-17,1,173,10110.0
3521,2026-08-28,1,476,10580.0
3522,2026-06-18,3,175,1740.0
3523,2026-04-10,3,357,4780.0
3524,2026-09-10,3,65,4000.0
3525,2026-02-05,2,349,3890.0
3526,2026-07-07,1,532,1300.0
3527,2026-06-03,3,133,5710.0
3528,2026-08-17,2,349,9900.0
3529,2026-03-01,2,466,9300.0
3530,2026-02-05,2,309,1300.0
3531,2026-07-01,2,464,9225.0
3532,2026-06-02,3,42,15250.0
3533,2026-04-22,2,332,3800.0
3534,2026-09-14,3,77,12400.0
3535,2026-01-30,3,281,6305.0
3536,2026-02-07,2,227,2635.0
3537,2026-02-20,2,183,2675.0
3538,2026-06-16,1,500,6200.0
3539,2026-08-11,2,471,550.0
3540,2026-02-02,3,396,3860.0
3541,2026-05-31,3,109,6540.0
3542,2026-07-11,3,291,1190.0
3543,2026-03-07,1,438,1860.0
3544,2026-02-22,2,181,5770.0
3545,2026-04-29,3,106,7400.0
3546,2026-03-30,2,329,6190.0
3547,2026-06-07,1,43,2600.0
3548,2026-06-01,2,309,3300.0
3549,2026-09-10,3,404,1400.0
3550,2026-07-31,3,195,3760.0
3551,2026-05-26,3,270,3600.0
3552,2026-09-06,2,200,3380.0
3553,2026-01-26,3,573,100.0
3554,2026-01-11,3,508,3432.0
3555,2026-06-14,3,24,8070.0
3556,2026-03-20,2,56,7150.0
3557,2026-01-30,2,308,3400.0
3558,2026-06-21,1,308,12965.0
3559,2026-05-25,2,298,912.0
3560,2026-04-18,1,67,4170.0
3561,2026-01-12,1,528,2660.0
3562,2026-06-02,3,318,8900.0
3563,2026-01-10,1,539,440.0
3564,2026-05-12,1,245,6400.0
3565,2026-02-05,3,5,2700.0
3566,2026-07-31,2,438,4645.0
3567,2026-04-16,1,411,4800.0
3568,2026-02-27,1,338,3800.0
3569,2026-01-01,3,426,2960.0
3570,2026-04-08,1,97,3070.0
3571,2026-02-16,2,238,5200.0
3572,2026-02-18,1,289,7525.0
3573,2026-06-26,3,520,7470.0
3574,2026-04-05,1,32,700.0
3575,2026-04-01,2,565,3800.0
3576,2026-07-13,1,227,5550.0
3577,2026-06-06,1,84,3700.0
3578,2026-08-29,1,422,6920.0
3579,2026-09-14,1,465,5405.0
3580,2026-05-14,3,351,800.0
3581,2026-09-02,3,266,1352.0
3582,2026-05-31,2,333,13520.0
3583,2026-02-18,2,366,4240.0
3584,2026-05-09,2,250,1760.0
3585,2026-04-08,2,325,4240.0
3586,2026-01-14,3,126,11460.0
3587,2026-04-15,3,432,2550.0
3588,2026-05-27,3,553,6000.0
3589,2026-03-24,1,4,5568.0
3590,2026-04-19,2,281,4660.0
3591,2026-07-20,1,207,9600.0
3592,2026-07-23,2,402,4100.0
3593,2026-01-25,2,595,3250.0
3594,2026-08-15,1,157,1800.0
3595,2026-06-05,2,441,4800.0
3596,2026-07-22,1,216,4070.0
3597,2026-02-13,1,544,10440.0
3598,2026-07-19,2,309,5870.0
3599,2026-03-13,2,547,7070.0
3600,2026-09-06,3,154,160.0
3601,2026-09-23,1,520,800.0
3602,2026-07-26,2,322,8625.0
3603,2026-01-11,1,471,1342.5
3604,2026-03-03,1,319,3340.0
3605,2026-08-04,3,543,2600.0
3606,2026-08-13,1,351,2475.0
3607,2026-05-14,1,93,7800.0
3608,2026-03-19,2,420,3600.0
3609,2026-04-01,2,537,2500.0
3610,2026-09-28,1,116,3500.0
3611,2026-08-18,3,260,7800.0
3612,2026-02-19,3,117,8000.0
3613,2026-03-18,1,231,3600.0
3614,2026-09-20,1,435,1045.0
3615,2026-07-20,1,69,3800.0
3616,2026-07-29,1,26,5500.0
3617,2026-06-02,3,387,2525.0
3618,2026-09-17,2,385,6820.0
3619,2026-08-12,2,15,3750.0
3620,2026-05-06,3,328,2850.0
3621,2026-09-25,1,496,240.0
3622,2026-06-20,1,166,5500.0
3623,2026-03-17,2,238,1800.0
3624,2026-03-16,3,438,700.0
3625,2026-09-29,2,46,1230.0
3626,2026-07-29,1,295,3600.0
3627,2026-04-10,1,274,7700.0
3628,2026-08-22,1,541,5725.0
3629,2026-07-13,3,592,1300.0
3630,2026-06-24,1,86,5550.0
3631,2026-06-08,2,89,9000.0
3632,2026-06-15,2,413,8725.0
3633,2026-04-12,2,159,1985.0
3634,2026-01-14,3,383,910.0
3635,2026-08-09,3,428,150.0
3636,2026-05-22,1,457,1200.0
3637,2026-07-19,3,132,2000.0
3638,2026-06-05,1,336,4580.0
3639,2026-09-17,1,426,4700.0
3640,2026-07-27,3,148,4100.0
3641,2026-08-12,1,374,9800.0
3642,2026-02-17,2,144,1940.0
3643,2026-05-26,2,250,3300.0
3644,2026-06-08,2,590,12540.0
3645,2026-01-08,1,195,7060.0
3646,2026-07-26,2,302,7500.0
3647,2026-04-02,3,490,5780.0
3648,2026-02-15,3,346,600.0
3649,2026-06-26,1,144,13380.0
3650,2026-03-13,1,402,2440.0
3651,2026-04-22,2,405,2940.0
3652,2026-03-24,2,43,1500.0
3653,2026-08-13,3,359,4150.0
3654,2026-06-23,1,149,12840.0
3655,2026-05-01,2,371,3300.0
3656,2026-07-12,2,37,10440.0
3657,2026-05-18,1,206,5400.0
3658,2026-07-16,2,56,570.0
3659,2026-03-15,1,503,3600.0
3660,2026-05-13,3,437,5430.0
3661,2026-03-19,1,109,7860.0
3662,2026-04-23,3,575,9600.0
3663,2026-08-16,3,305,1050.0
3664,2026-07-03,1,573,1800.0
3665,2026-01-22,2,473,2780.0
3666,2026-01-13,3,366,4872.0
3667,2026-09-12,2,331,7325.0
3668,2026-01-07,2,594,2200.0
3669,2026-05-05,1,272,7427.5
3670,2026-04-30,3,351,2880.0
3671,2026-07-06,1,256,2950.0
3672,2026-06-28,1,179,1450.0
3673,2026-08-04,3,301,7700.0
3674,2026-06-05,3,143,1042.5
3675,2026-04-17,2,197,4700.0
3676,2026-05-07,1,223,6300.0
3677,2026-05-17,2,99,6670.0
3678,2026-07-10,3,429,4700.0
3679,2026-01-23,3,359,11920.0
3680,2026-09-04,1,418,11000.0
3681,2026-02-15,2,135,300.0
3682,2026-06-28,1,537,8900.0
3683,2026-09-28,1,233,8600.0
3684,2026-09-28,3,171,1100.0
3685,2026-09-15,3,107,1500.0
3686,2026-07-19,2,40,100.0
3687,2026-03-16,2,176,1500.0
3688,2026-02-06,3,196,4350.0
3689,2026-07-02,2,121,800.0
3690,2026-04-04,1,44,1900.0
3691,2026-01-22,2,503,11100.0
3692,2026-07-14,2,53,2300.0
3693,2026-05-02,3,80,5600.0
3694,2026-01-09,2,191,13800.0
3695,2026-02-16,1,158,8420.0
3696,2026-02-26,2,169,5100.0
3697,2026-04-26,1,554,10930.0
3698,2026-03-03,2,573,3168.0
3699,2026-01-11,2,118,4300.0
3700,2026-08-31,2,395,6600.0
3701,2026-06-10,3,173,2860.0
3702,2026-07-06,3,304,3600.0
3703,2026-06-20,3,15,2250.0
3704,2026-01-01,2,301,7500.0
3705,2026-03-21,1,241,10350.0
3706,2026-05-29,2,194,5400.0
3707,2026-05-21,2,218,1900.0
3708,2026-09-20,2,429,5350.0
3709,2026-02-02,2,64,5870.0
3710,2026-01-22,2,200,2100.0
3711,2026-09-24,2,253,3410.0
3712,2026-03-29,1,118,12450.0
3713,2026-07-12,3,588,2000.0
3714,2026-07-27,1,159,1500.0
3715,2026-08-23,2,263,7020.0
3716,2026-03-26,2,361,6100.0
3717,2026-07-08,1,465,10260.0
3718,2026-05-29,3,332,9810.0
3719,2026-01-18,3,264,4200.0
3720,2026-03-17,1,135,1200.0
3721,2026-09-23,2,166,600.0
3722,2026-09-05,1,445,1300.0
3723,2026-06-07,3,455,1500.0
3724,2026-08-14,3,74,3576.0
3725,2026-09-07,3,161,2145.0
3726,2026-09-10,1,22,5125.0
3727,2026-07-14,2,433,3200.0
3728,2026-03-20,3,390,5340.0
3729,2026-08-05,3,26,4210.0
3730,2026-05-02,1,166,142.5
3731,2026-03-03,3,180,5230.0
3732,2026-06-06,1,39,1075.0
3733,2026-09-27,1,263,760.0
3734,2026-08-26,2,510,760.0
3735,2026-02-05,3,569,3450.0
3736,2026-01-13,3,66,7740.0
3737,2026-06-26,1,4,10700.0
3738,2026-05-01,3,118,7760.0
3739,2026-02-12,1,245,440.0
3740,2026-09-22,2,303,5500.0
3741,2026-07-14,2,213,3225.0
3742,2026-01-08,1,207,10550.0
3743,2026-03-10,1,584,6180.0
3744,2026-03-25,1,281,2916.0
3745,2026-02-04,2,172,3900.0
3746,2026-03-31,1,530,6550.0
3747,2026-08-31,1,299,6826.0
3748,2026-05-19,1,390,7700.0
3749,2026-01-14,2,398,8280.0
3750,2026-05-27,3,375,2080.0
3751,2026-03-09,3,144,2650.0
3752,2026-01-21,2,565,1200.0
3753,2026-05-24,2,437,11875.0
3754,2026-07-24,1,588,380.0
3755,2026-01-23,2,413,440.0
3756,2026-08-21,1,360,2427.5
3757,2026-09-07,3,62,3300.0
3758,2026-06-27,2,277,2400.0
3759,2026-09-04,1,411,228.0
3760,2026-03-07,2,291,2600.0
3761,2026-05-14,1,224,3045.0
3762,2026-02-15,3,424,10300.0
3763,2026-06-13,1,484,1240.0
3764,2026-09-30,2,15,15400.0
3765,2026-01-05,2,160,9700.0
3766,2026-06-01,1,374,1540.0
3767,2026-01-07,1,198,9700.0
3768,2026-04-12,3,151,5435.0
3769,2026-01-20,2,550,5435.0
3770,2026-01-12,3,325,1895.0
3771,2026-05-10,1,463,5300.0
3772,2026-05-06,1,547,3700.0
3773,2026-09-23,2,368,1300.0
3774,2026-08-03,3,115,9540.0
3775,2026-05-21,1,492,3405.0
3776,2026-09-19,1,190,7000.0
3777,2026-02-18,2,596,1200.0
3778,2026-08-02,1,84,4060.0
3779,2026-07-31,3,304,1540.0
3780,2026-06-03,1,366,11360.0
3781,2026-05-20,1,186,3885.0
3782,2026-01-27,1,221,7500.0
3783,2026-06-11,1,104,1180.0
3784,2026-07-03,1,260,4300.0
3785,2026-08-22,3,449,13452.0
3786,2026-02-12,2,390,9190.0
3787,2026-08-12,1,170,6890.0
3788,2026-01-25,1,71,2104.0
3789,2026-03-26,2,576,8000.0
3790,2026-09-11,1,470,8200.0
3791,2026-09-20,1,374,3490.0
3792,2026-08-05,3,565,7900.0
3793,2026-09-22,1,309,3200.0
3794,2026-07-08,1,150,4500.0
3795,2026-06-09,2,32,2000.0
3796,2026-03-08,1,223,8650.0
3797,2026-08-09,1,340,5250.0
3798,2026-02-09,1,143,6480.0
3799,2026-02-25,2,158,1550.0
3800,2026-08-14,3,468,1585.0
3801,2026-07-15,3,144,15270.0
3802,2026-02-19,3,556,10660.0
3803,2026-07-29,2,103,3900.0
3804,2026-05-30,2,501,2910.0
3805,2026-04-18,1,336,285.0
3806,2026-08-23,1,550,2300.0
3807,2026-02-04,2,281,3750.0
3808,2026-02-15,2,429,1200.0
3809,2026-03-06,3,505,4770.0
3810,2026-05-23,2,237,15600.0
3811,2026-04-04,2,236,6200.0
3812,2026-04-16,2,514,7410.0
3813,2026-06-07,2,193,6465.0
3814,2026-04-19,3,498,1500.0
3815,2026-04-22,1,477,1050.0
3816,2026-05-22,2,184,400.0
3817,2026-08-29,2,200,7560.0
3818,2026-05-26,3,406,5400.0
3819,2026-04-21,3,92,11028.0
3820,2026-06-01,1,540,4585.0
3821,2026-09-30,2,558,1875.0
3822,2026-04-21,2,233,10180.0
3823,2026-07-04,3,179,10050.0
3824,2026-07-22,2,557,8210.0
3825,2026-07-24,1,507,600.0
3826,2026-06-14,2,63,6860.0
3827,2026-07-11,1,173,1900.0
3828,2026-01-07,3,500,9060.0
3829,2026-01-29,2,435,2075.0
3830,2026-07-19,3,25,4800.0
3831,2026-04-02,1,529,1000.0
3832,2026-08-25,2,181,7125.0
3833,2026-05-08,2,288,4310.0
3834,2026-07-25,1,61,8740.0
3835,2026-07-10,2,470,7500.0
3836,2026-07-16,3,581,2802.0
3837,2026-08-05,1,97,3690.0
3838,2026-05-29,1,340,13320.0
3839,2026-03-08,3,337,3840.0
3840,2026-08-04,1,599,2480.0
3841,2026-03-12,2,445,2026.0
3842,2026-09-04,2,502,5600.0
3843,2026-05-24,2,409,1710.0
3844,2026-03-28,1,414,3785.0
3845,2026-05-07,2,63,7470.0
3846,2026-04-11,2,471,4500.0
3847,2026-07-30,1,468,4000.0
3848,2026-01-24,2,359,7605.0
3849,2026-08-19,1,270,4400.0
3850,2026-02-10,1,35,3700.0
3851,2026-01-29,1,91,7250.0
3852,2026-05-28,2,391,2400.0
3853,2026-09-27,3,375,8240.0
3854,2026-02-17,2,594,2000.0
3855,2026-08-22,3,575,4085.0
3856,2026-02-15,1,569,10895.0
3857,2026-04-12,1,153,1200.0
3858,2026-06-29,2,302,12310.0
3859,2026-07-18,3,540,4900.0
3860,2026-07-17,3,261,6100.0
3861,2026-04-25,1,295,3500.0
3862,2026-03-30,2,266,3545.0
3863,2026-02-11,3,334,8550.0
3864,2026-07-07,2,415,2385.0
3865,2026-08-27,3,516,150.0
3866,2026-05-24,1,535,6170.0
3867,2026-03-09,3,250,5300.0
3868,2026-06-24,1,284,1200.0
3869,2026-07-02,1,3,12700.0
3870,2026-08-29,3,362,3060.0
3871,2026-03-11,1,495,7400.0
3872,2026-05-16,1,211,8965.0
3873,2026-07-14,2,448,6805.0
3874,2026-06-14,3,277,3500.0
3875,2026-09-28,1,560,12495.0
3876,2026-02-09,1,344,1272.0
3877,2026-07-18,1,500,600.0
3878,2026-08-07,1,83,9200.0
3879,2026-03-15,3,592,2660.0
3880,2026-02-11,3,212,738.0
3881,2026-07-30,3,481,1700.0
3882,2026-06-11,2,303,7900.0
3883,2026-03-31,1,49,4790.0
3884,2026-02-26,3,582,540.0
3885,2026-05-05,1,157,9520.0
3886,2026-06-16,2,515,3000.0
3887,2026-05-11,1,395,3400.0
3888,2026-06-01,1,289,6585.0
3889,2026-08-02,1,231,1200.0
3890,2026-02-02,1,451,5300.0
3891,2026-09-09,3,146,7800.0
3892,2026-02-26,1,113,4735.0
3893,2026-06-29,2,98,6670.0
3894,2026-03-07,3,377,2200.0
3895,2026-03-10,1,188,4400.0
3896,2026-02-19,3,456,8830.0
3897,2026-03-16,3,437,5380.0
3898,2026-01-07,3,275,12970.0
3899,2026-04-20,1,36,4282.5
3900,2026-04-12,2,525,1485.0
3901,2026-08-11,1,203,600.0
3902,2026-03-07,1,520,5100.0
3903,2026-03-19,1,61,1400.0
3904,2026-03-20,2,219,300.0
3905,2026-01-22,2,221,6170.0
3906,2026-06-13,1,77,4335.0
3907,2026-05-22,2,356,6360.0
3908,2026-03-03,1,374,2700.0
3909,2026-05-29,1,578,1000.0
3910,2026-04-07,1,138,6100.0
3911,2026-09-14,3,147,2950.0
3912,2026-09-27,1,477,3240.0
3913,2026-06-14,2,317,8300.0
3914,2026-08-16,3,332,10960.0
3915,2026-08-24,3,240,12725.0
3916,2026-02-08,2,90,8150.0
3917,2026-05-30,3,11,4660.0
3918,2026-02-01,1,594,1500.0
3919,2026-01-05,2,77,6000.0
3920,2026-07-24,2,480,8700.0
3921,2026-02-22,3,580,3030.0
3922,2026-01-08,1,337,10340.0
3923,2026-09-15,3,367,2800.0
3924,2026-09-22,1,541,4787.5
3925,2026-01-11,3,209,11542.5
3926,2026-04-04,3,307,6800.0
3927,2026-02-15,1,272,2780.0
3928,2026-07-21,2,17,6600.0
3929,2026-03-31,3,218,6452.0
3930,2026-07-29,2,230,4900.0
3931,2026-08-12,1,495,19950.0
3932,2026-01-01,1,435,1900.0
3933,2026-01-12,2,327,4300.0
3934,2026-09-12,2,56,6175.0
3935,2026-08-23,1,450,80.0
3936,2026-08-03,2,67,2180.0
3937,2026-05-15,3,290,3900.0
3938,2026-04-19,1,328,4600.0
3939,2026-07-18,3,3,2180.0
3940,2026-06-08,2,584,2290.0
3941,2026-09-05,3,460,2890.0
3942,2026-02-22,3,252,7305.0
3943,2026-02-20,3,173,6600.0
3944,2026-07-08,1,524,15600.0
3945,2026-05-04,3,524,2375.0
3946,2026-03-18,3,396,5560.0
3947,2026-05-18,2,82,8640.0
3948,2026-05-21,2,35,7200.0
3949,2026-07-16,2,202,5200.0
3950,2026-09-22,1,229,9960.0
3951,2026-03-12,3,495,8866.0
3952,2026-01-17,1,422,2120.0
3953,2026-07-22,1,334,6460.0
3954,2026-04-17,1,530,3525.0
3955,2026-06-10,1,280,2800.0
3956,2026-03-28,3,88,2449.0
3957,2026-01-07,3,33,7075.0
3958,2026-07-10,3,267,4755.0
3959,2026-03-13,1,121,7710.0
3960,2026-03-05,3,134,2100.0
3961,2026-04-21,2,461,8775.0
3962,2026-05-21,1,224,13020.0
3963,2026-03-19,1,109,2900.0
3964,2026-07-07,1,7,9480.0
3965,2026-02-21,3,275,7040.0
3966,2026-01-10,1,164,2680.0
3967,2026-05-30,2,474,670.0
3968,2026-01-13,1,293,6550.0
3969,2026-07-29,1,455,3650.0
3970,2026-06-29,2,28,6490.0
3971,2026-09-17,2,344,6000.0
3972,2026-02-26,1,360,4680.0
3973,2026-05-15,1,391,2700.0
3974,2026-07-26,1,550,6325.0
3975,2026-08-30,3,1,2125.0
3976,2026-04-16,2,476,3480.0
3977,2026-06-16,1,293,5710.0
3978,2026-04-28,3,110,5300.0
3979,2026-04-02,1,566,6950.0
3980,2026-04-27,2,590,6450.0
3981,2026-07-10,1,261,6317.5
3982,2026-09-01,1,166,3335.0
3983,2026-07-25,2,347,3790.0
3984,2026-01-28,2,397,2000.0
3985,2026-04-11,1,296,3980.0
3986,2026-01-02,2,187,5700.0
3987,2026-07-28,2,491,4100.0
3988,2026-07-09,1,133,3172.0
3989,2026-05-01,2,365,2400.0
3990,2026-06-13,1,435,10140.0
3991,2026-06-10,2,76,8442.5
3992,2026-05-16,3,526,2580.0
3993,2026-01-24,2,144,4240.0
3994,2026-05-18,3,417,6270.0
3995,2026-02-23,2,343,6000.0
3996,2026-01-31,3,361,2342.5
3997,2026-09-22,1,195,3850.0
3998,2026-02-24,2,477,9527.5
3999,2026-04-21,1,248,7810.0
4000,2026-03-10,2,54,200.0
4001,2026-04-27,2,238,6450.0
4002,2026-04-06,3,219,3600.0
4003,2026-02-21,1,554,3060.0
4004,2026-02-28,1,134,9945.0
4005,2026-05-10,2,189,1535.0
4006,2026-01-23,1,480,1892.5
4007,2026-09-19,3,346,5500.0
4008,2026-07-20,2,463,2760.0
4009,2026-06-14,1,161,3652.0
4010,2026-05-14,2,269,3378.0
4011,2026-08-22,1,453,7120.0
4012,2026-01-30,2,481,6050.0
4013,2026-03-08,1,571,6300.0
4014,2026-08-24,1,367,4640.0
4015,2026-09-12,2,594,7000.0
4016,2026-02-19,3,394,5520.0
4017,2026-06-25,1,57,6270.0
4018,2026-03-20,3,544,14140.0
4019,2026-03-28,2,442,7400.0
4020,2026-02-10,1,536,5985.0
4021,2026-06-28,1,406,6400.0
4022,2026-01-22,3,37,8200.0
4023,2026-01-13,1,507,8580.0
4024,2026-06-11,2,287,6400.0
4025,2026-09-29,2,29,1900.0
4026,2026-04-02,3,286,600.0
4027,2026-08-20,1,110,5100.0
4028,2026-08-19,1,95,4660.0
4029,2026-09-07,1,267,6450.0
4030,2026-04-16,2,233,400.0
4031,2026-05-27,2,395,5980.0
4032,2026-03-27,2,208,6110.0
4033,2026-02-05,3,8,5910.0
4034,2026-04-16,1,333,7320.0
4035,2026-02-20,3,43,1800.0
4036,2026-05-19,2,597,4500.0
4037,2026-02-10,1,535,6260.0
4038,2026-09-04,3,326,3800.0
4039,2026-06-21,2,464,16000.0
4040,2026-07-17,2,458,3675.0
4041,2026-05-22,2,73,2100.0
4042,2026-02-25,3,126,4800.0
4043,2026-09-25,1,125,4450.0
4044,2026-02-12,3,105,5790.0
4045,2026-04-10,3,49,3400.0
4046,2026-08-11,1,554,2360.0
4047,2026-09-01,2,327,3620.0
4048,2026-05-31,3,276,4200.0
4049,2026-02-27,3,381,7000.0
4050,2026-06-02,2,301,1040.0
4051,2026-02-21,1,598,4320.0
4052,2026-05-27,1,206,5200.0
4053,2026-05-12,3,483,7800.0
4054,2026-03-16,2,33,2550.0
4055,2026-01-03,1,71,785.0
4056,2026-05-28,2,211,1100.0
4057,2026-04-12,1,467,4240.0
4058,2026-06-10,2,208,3285.0
4059,2026-08-02,2,287,1710.0
4060,2026-03-20,2,71,4740.0
4061,2026-05-11,2,216,13365.0
4062,2026-04-28,1,526,3100.0
4063,2026-09-08,3,120,1700.0
4064,2026-02-10,3,16,5928.0
4065,2026-08-27,3,115,3428.0
4066,2026-09-28,2,475,228.0
4067,2026-08-26,1,426,11900.0
4068,2026-08-08,1,292,7660.0
4069,2026-08-04,2,418,5085.0
4070,2026-07-27,1,450,2345.0
4071,2026-05-12,3,227,300.0
4072,2026-03-22,1,57,6930.0
4073,2026-08-26,2,177,1700.0
4074,2026-08-22,2,430,1900.0
4075,2026-08-22,2,225,3255.0
4076,2026-05-22,1,221,7200.0
4077,2026-06-20,3,13,8400.0
4078,2026-03-31,2,186,15190.0
4079,2026-07-27,3,268,11600.0
4080,2026-02-06,1,331,2060.0
4081,2026-04-14,1,561,14100.0
4082,2026-03-01,3,556,9605.0
4083,2026-09-06,3,521,7100.0
4084,2026-05-17,2,318,10375.0
4085,2026-03-20,3,353,3760.0
4086,2026-08-23,2,185,1980.0
4087,2026-09-04,3,199,5600.0
4088,2026-06-22,1,543,2650.0
4089,2026-04-29,2,337,750.0
4090,2026-08-03,2,501,700.0
4091,2026-09-04,1,74,7190.0
4092,2026-06-05,1,168,2227.5
4093,2026-09-03,1,415,1600.0
4094,2026-07-28,3,128,3700.0
4095,2026-07-08,3,9,5100.0
4096,2026-09-07,1,77,4335.0
4097,2026-09-09,1,85,2565.0
4098,2026-06-24,2,111,3485.0
4099,2026-02-02,1,126,10120.0
4100,2026-02-06,2,416,8200.0
4101,2026-03-30,1,399,2800.0
4102,2026-04-25,3,214,8100.0
4103,2026-07-05,2,395,2575.0
4104,2026-01-26,1,537,2965.0
4105,2026-07-04,1,500,2450.0
4106,2026-05-14,3,473,2700.0
4107,2026-08-06,2,242,2500.0
4108,2026-01-29,3,71,9070.0
4109,2026-06-13,2,322,1300.0
4110,2026-05-04,3,445,14300.0
4111,2026-05-07,2,326,8900.0
4112,2026-06-24,1,525,3000.0
4113,2026-05-14,3,489,12075.0
4114,2026-03-28,2,56,7800.0
4115,2026-05-15,3,401,80.0
4116,2026-08-20,2,434,1440.0
4117,2026-09-03,1,34,1200.0
4118,2026-04-10,1,3,1510.0
4119,2026-04-24,1,538,2250.0
4120,2026-01-20,2,393,5792.5
4121,2026-04-29,3,241,1900.0
4122,2026-01-26,2,483,2050.0
4123,2026-01-25,3,262,3900.0
4124,2026-03-13,3,528,1800.0
4125,2026-02-01,2,80,9000.0
4126,2026-05-18,1,487,728.0
4127,2026-07-09,3,222,2137.5
4128,2026-04-19,2,70,2040.0
4129,2026-04-29,3,59,3820.0
4130,2026-08-01,2,233,2820.0
4131,2026-03-31,2,478,4100.0
4132,2026-04-25,3,410,8200.0
4133,2026-08-20,2,389,3395.0
4134,2026-05-01,3,215,6100.0
4135,2026-02-05,1,93,7100.0
4136,2026-06-05,3,218,6275.0
4137,2026-05-17,2,153,11850.0
4138,2026-08-22,3,80,12800.0
4139,2026-09-30,1,122,9400.0
4140,2026-07-24,2,523,1610.0
4141,2026-04-29,1,327,8200.0
4142,2026-06-07,1,299,5300.0
4143,2026-08-15,1,423,1742.5
4144,2026-07-13,2,434,2370.0
4145,2026-09-01,1,229,3340.0
4146,2026-01-31,2,497,1810.0
4147,2026-02-22,1,496,9380.0
4148,2026-04-24,1,503,3225.0
4149,2026-09-25,2,490,200.0
4150,2026-08-28,1,426,9335.0
4151,2026-01-08,1,452,4375.0
4152,2026-03-16,3,230,6400.0
4153,2026-04-22,2,418,3252.5
4154,2026-06-26,2,391,1590.0
4155,2026-07-15,2,372,5310.0
4156,2026-08-11,1,408,7190.0
4157,2026-01-18,3,313,7462.5
4158,2026-07-24,3,488,5100.0
4159,2026-01-03,3,88,300.0
4160,2026-05-08,1,61,4200.0
4161,2026-09-15,1,441,3800.0
4162,2026-05-02,1,24,4200.0
4163,2026-04-30,1,14,7380.0
4164,2026-05-02,2,65,5690.0
4165,2026-09-14,2,293,600.0
4166,2026-01-29,1,54,4200.0
4167,2026-03-20,3,575,2500.0
4168,2026-05-27,3,204,4640.0
4169,2026-01-04,3,47,5765.0
4170,2026-07-04,1,421,8400.0
4171,2026-09-11,1,318,3515.0
4172,2026-07-06,1,73,4740.0
4173,2026-07-25,3,15,8100.0
4174,2026-05-10,2,11,9400.0
4175,2026-08-16,1,319,9300.0
4176,2026-03-27,2,377,5700.0
4177,2026-06-04,3,60,12200.0
4178,2026-01-18,1,5,4100.0
4179,2026-06-22,2,244,11390.0
4180,2026-07-02,1,573,4500.0
4181,2026-06-29,3,465,1505.0
4182,2026-09-12,3,554,5280.0
4183,2026-01-27,1,325,1250.0
4184,2026-02-24,1,582,9090.0
4185,2026-09-12,1,311,11700.0
4186,2026-03-06,1,269,3770.0
4187,2026-06-22,2,395,5200.0
4188,2026-06-08,1,127,990.0
4189,2026-09-01,1,427,5100.0
4190,2026-05-03,2,597,2180.0
4191,2026-07-15,2,559,200.0
4192,2026-08-30,1,397,6510.0
4193,2026-02-06,3,44,6790.0
4194,2026-08-20,1,365,6310.0
4195,2026-01-10,3,48,3735.0
4196,2026-05-28,3,476,500.0
4197,2026-02-04,1,164,5600.0
4198,2026-08-23,1,287,12340.0
4199,2026-05-14,1,441,6080.0
4200,2026-09-12,1,110,2585.0
4201,2026-02-27,1,381,5000.0
4202,2026-03-19,2,572,2500.0
4203,2026-08-05,3,272,5080.0
4204,2026-09-25,3,88,750.0
4205,2026-08-04,3,289,5476.0
4206,2026-05-13,2,50,2508.0
4207,2026-03-29,2,463,6040.0
4208,2026-06-25,3,505,10100.0
4209,2026-05-23,1,502,5600.0
4210,2026-05-05,1,299,1300.0
4211,2026-02-26,3,447,6260.0
4212,2026-09-07,1,488,9850.0
4213,2026-01-16,1,574,700.0
4214,2026-09-11,1,441,5300.0
4215,2026-07-29,2,2,1385.0
4216,2026-07-16,3,318,5100.0
4217,2026-03-30,1,44,6540.0
4218,2026-09-19,3,595,4000.0
4219,2026-01-01,3,281,6940.0
4220,2026-01-23,3,254,1680.0
4221,2026-04-16,2,496,4035.0
4222,2026-02-04,1,149,11170.0
4223,2026-01-15,3,367,5625.0
4224,2026-01-12,1,123,400.0
4225,2026-09-27,3,229,460.0
4226,2026-04-25,1,106,4060.0
4227,2026-03-19,2,358,4340.0
4228,2026-09-08,2,505,7100.0
4229,2026-09-15,3,32,11550.0
4230,2026-02-13,2,396,5680.0
4231,2026-05-04,1,88,4500.0
4232,2026-03-29,1,303,480.0
4233,2026-08-20,2,423,3900.0
4234,2026-04-13,2,426,5200.0
4235,2026-07-15,3,310,300.0
4236,2026-03-01,3,268,4400.0
4237,2026-01-14,2,191,9160.0
4238,2026-07-21,2,380,976.0
4239,2026-02-17,3,78,1205.0
4240,2026-08-10,3,325,3600.0
4241,2026-03-22,2,164,1435.0
4242,2026-05-25,3,401,1800.0
4243,2026-04-05,1,581,11382.0
4244,2026-02-20,2,117,4540.0
4245,2026-05-04,1,586,2100.0
4246,2026-05-23,3,400,80.0
4247,2026-09-13,2,447,7200.0
4248,2026-09-24,2,43,1867.5
4249,2026-04-19,3,251,6550.0
4250,2026-01-24,2,315,1450.0
4251,2026-03-08,2,55,5700.0
4252,2026-03-07,3,101,6820.0
4253,2026-07-08,1,279,600.0
4254,2026-09-10,1,438,3180.0
4255,2026-05-13,2,348,240.0
4256,2026-01-26,1,476,4830.0
4257,2026-04-26,1,276,600.0
4258,2026-04-05,3,545,4800.0
4259,2026-09-26,2,535,10070.0
4260,2026-01-23,3,344,1785.0
4261,2026-01-04,1,391,900.0
4262,2026-02-15,3,164,6200.0
4263,2026-07-01,3,437,6752.0
4264,2026-03-21,1,353,12770.0
4265,2026-06-06,1,267,5800.0
4266,2026-07-06,1,122,8400.0
4267,2026-08-20,1,297,4200.0
4268,2026-06-04,2,40,300.0
4269,2026-07-04,1,324,1500.0
4270,2026-08-02,1,498,4175.0
4271,2026-09-05,1,300,11100.0
4272,2026-01-18,2,226,11395.0
4273,2026-01-22,3,288,4270.0
4274,2026-03-27,3,569,690.0
4275,2026-03-31,2,193,2260.0
4276,2026-07-01,1,596,7570.0
4277,2026-06-06,1,576,7185.0
4278,2026-08-26,3,500,4060.0
4279,2026-07-15,1,341,10100.0
4280,2026-04-18,3,263,1350.0
4281,2026-06-16,2,425,1200.0
4282,2026-08-24,3,403,3850.0
4283,2026-05-07,2,229,2700.0
4284,2026-09-01,2,367,6680.0
4285,2026-04-07,1,268,1400.0
4286,2026-08-23,3,15,1045.0
4287,2026-02-19,3,69,6400.0
4288,2026-01-03,2,562,2600.0
4289,2026-09-10,3,484,6119.0
4290,2026-08-03,2,300,1300.0
4291,2026-07-02,1,575,6925.0
4292,2026-09-18,1,241,1704.0
4293,2026-02-20,1,562,2970.0
4294,2026-04-14,1,58,1950.0
4295,2026-05-21,3,9,5000.0
4296,2026-03-19,1,498,3550.0
4297,2026-03-23,3,81,490.0
4298,2026-09-23,2,439,9900.0
4299,2026-03-04,1,330,5000.0
4300,2026-01-10,2,573,7350.0
4301,2026-09-20,2,154,2527.5
4302,2026-03-04,1,128,4300.0
4303,2026-04-05,2,570,12440.0
4304,2026-04-22,1,413,7190.0
4305,2026-04-29,1,105,2360.0
4306,2026-08-01,3,595,3050.0
4307,2026-01-28,2,356,6270.0
4308,2026-09-09,2,249,4760.0
4309,2026-02-13,1,221,1470.0
4310,2026-07-16,3,32,2100.0
4311,2026-03-02,1,238,1300.0
4312,2026-03-10,2,163,4500.0
4313,2026-06-22,1,139,2780.0
4314,2026-07-06,3,454,1235.0
4315,2026-01-11,3,264,3400.0
4316,2026-03-11,1,571,5490.0
4317,2026-09-14,3,21,8940.0
4318,2026-03-23,3,321,2400.0
4319,2026-01-18,1,383,6082.0
4320,2026-03-25,3,435,6776.0
4321,2026-07-18,1,482,5780.0
4322,2026-09-09,2,248,6310.0
4323,2026-01-19,1,228,5175.0
4324,2026-03-03,1,562,2400.0
4325,2026-07-09,3,364,12400.0
4326,2026-01-01,1,16,1950.0
4327,2026-03-10,3,308,2400.0
4328,2026-01-01,1,378,5600.0
4329,2026-08-01,2,371,4740.0
4330,2026-07-28,2,162,2600.0
4331,2026-06-26,3,108,5650.0
4332,2026-03-27,1,504,8520.0
4333,2026-04-05,1,81,885.0
4334,2026-04-16,1,334,1360.0
4335,2026-01-30,2,459,2470.0
4336,2026-07-29,2,560,2600.0
4337,2026-04-12,1,324,1500.0
4338,2026-08-11,3,328,3750.0
4339,2026-07-12,1,347,700.0
4340,2026-05-18,3,144,6800.0
4341,2026-08-04,3,534,3750.0
4342,2026-08-23,2,544,200.0
4343,2026-08-19,3,553,11025.0
4344,2026-06-21,3,590,6000.0
4345,2026-02-17,1,188,2800.0
4346,2026-09-07,3,53,2700.0
4347,2026-05-30,2,470,8340.0
4348,2026-09-09,1,336,9435.0
4349,2026-08-01,2,304,5900.0
4350,2026-03-13,1,294,12610.0
4351,2026-03-29,1,282,5100.0
4352,2026-07-12,3,99,7500.0
4353,2026-03-02,1,118,4580.0
4354,2026-07-14,2,373,5100.0
4355,2026-01-11,3,145,1575.0
4356,2026-04-12,2,57,10560.0
4357,2026-07-28,1,323,7200.0
4358,2026-07-06,2,455,650.0
4359,2026-08-17,3,242,3000.0
4360,2026-06-14,1,16,3200.0
4361,2026-06-07,2,164,1400.0
4362,2026-09-26,3,595,6850.0
4363,2026-01-28,2,239,3100.0
4364,2026-05-17,3,57,1170.0
4365,2026-02-02,3,83,6000.0
4366,2026-09-18,2,276,960.0
4367,2026-05-30,2,164,3300.0
4368,2026-01-02,2,207,8100.0
4369,2026-07-16,1,47,9500.0
4370,2026-08-11,2,430,6500.0
4371,2026-08-17,3,94,700.0
4372,2026-06-29,1,241,6410.0
4373,2026-04-05,3,61,9505.0
4374,2026-06-20,2,582,5200.0
4375,2026-02-14,1,448,3705.0
4376,2026-09-26,2,297,12400.0
4377,2026-08-04,1,233,4380.0
4378,2026-09-09,2,401,2080.0
4379,2026-09-11,3,492,2300.0
4380,2026-09-10,2,417,2800.0
4381,2026-02-14,1,361,7575.0
4382,2026-05-02,3,584,630.0
4383,2026-07-21,2,516,3900.0
4384,2026-04-25,3,15,7600.0
4385,2026-08-29,1,238,9810.0
4386,2026-05-15,3,59,13120.0
4387,2026-01-05,1,339,5800.0
4388,2026-09-12,3,552,13085.0
4389,2026-06-30,1,524,1250.0
4390,2026-05-17,2,431,1020.0
4391,2026-09-26,1,41,1380.0
4392,2026-04-05,2,490,2275.0
4393,2026-09-29,2,155,5160.0
4394,2026-02-01,1,447,6400.0
4395,2026-08-11,2,345,8020.0
4396,2026-03-27,1,469,11800.0
4397,2026-03-27,2,364,6000.0
4398,2026-03-03,3,505,1510.0
4399,2026-09-11,1,96,1100.0
4400,2026-07-26,1,333,13440.0
4401,2026-06-28,1,85,2852.0
4402,2026-01-29,3,324,1955.0
4403,2026-03-14,3,203,2450.0
4404,2026-04-23,1,88,6840.0
4405,2026-03-01,1,349,10700.0
4406,2026-04-18,2,339,7200.0
4407,2026-05-10,3,163,4385.0
4408,2026-05-10,1,479,3150.0
4409,2026-04-06,3,329,9425.0
4410,2026-03-13,1,365,5260.0
4411,2026-02-12,2,390,12700.0
4412,2026-07-24,2,319,95.0
4413,2026-06-25,1,232,15320.0
4414,2026-05-01,3,69,1900.0
4415,2026-03-19,2,35,4140.0
4416,2026-08-23,3,86,3560.0
4417,2026-01-28,2,6,7828.0
4418,2026-08-27,1,290,7440.0
4419,2026-01-15,3,566,2000.0
4420,2026-09-27,2,391,4500.0
4421,2026-03-05,1,28,900.0
4422,2026-03-11,3,175,1300.0
4423,2026-08-05,1,598,4005.0
4424,2026-07-02,2,464,3100.0
4425,2026-09-29,1,429,600.0
4426,2026-04-25,2,337,1876.0
4427,2026-06-19,1,340,570.0
4428,2026-05-29,2,547,2300.0
4429,2026-03-23,3,372,320.0
4430,2026-02-10,1,547,6625.0
4431,2026-06-13,2,522,3810.0
4432,2026-08-24,3,204,5350.0
4433,2026-01-12,2,414,5050.0
4434,2026-06-02,2,105,3035.0
4435,2026-05-20,1,287,2560.0
4436,2026-02-26,2,119,1280.0
4437,2026-08-10,2,196,1245.0
4438,2026-05-08,1,438,1650.0
4439,2026-08-03,1,399,5200.0
4440,2026-01-04,2,565,320.0
4441,2026-07-20,2,330,1300.0
4442,2026-03-06,2,372,6300.0
4443,2026-07-12,3,489,5900.0
4444,2026-01-01,3,480,9750.0
4445,2026-03-23,2,280,2200.0
4446,2026-03-14,1,319,500.0
4447,2026-02-01,2,360,1163.0
4448,2026-03-19,3,371,5580.0
4449,2026-03-10,1,495,8140.0
4450,2026-07-24,1,214,10185.0
4451,2026-01-12,1,240,5650.0
4452,2026-06-29,3,430,7615.0
4453,2026-02-08,3,209,8235.0
4454,2026-05-13,1,139,3300.0
4455,2026-07-06,1,177,3752.0
4456,2026-07-02,3,416,8550.0
4457,2026-06-13,2,509,1425.0
4458,2026-09-05,3,15,160.0
4459,2026-02-10,2,241,4450.0
4460,2026-09-30,2,133,5110.0
4461,2026-02-24,1,184,4180.0
4462,2026-04-24,3,9,2540.0
4463,2026-03-31,1,58,2400.0
4464,2026-08-06,1,570,5400.0
4465,2026-08-08,3,596,2655.0
4466,2026-03-22,1,100,80.0
4467,2026-07-28,1,446,1910.0
4468,2026-06-05,3,503,880.0
4469,2026-02-18,2,170,400.0
4470,2026-08-09,3,516,3300.0
4471,2026-07-15,2,524,8700.0
4472,2026-09-16,2,81,400.0
4473,2026-07-14,1,359,4950.0
4474,2026-09-16,2,482,3700.0
4475,2026-07-30,1,306,6900.0
4476,2026-01-20,2,328,2007.5
4477,2026-08-10,3,73,5000.0
4478,2026-06-03,3,170,2300.0
4479,2026-06-29,3,273,2400.0
4480,2026-07-07,3,176,1785.0
4481,2026-05-11,3,373,5735.0
4482,2026-05-27,3,425,3670.0
4483,2026-04-05,2,168,8800.0
4484,2026-01-03,1,587,300.0
4485,2026-08-31,1,140,2900.0
4486,2026-04-08,3,114,2650.0
4487,2026-09-10,1,135,3050.0
4488,2026-08-17,3,538,1500.0
4489,2026-07-30,2,527,1800.0
4490,2026-01-18,1,496,300.0
4491,2026-08-22,3,111,3255.0
4492,2026-01-09,1,111,3500.0
4493,2026-08-25,1,346,320.0
4494,2026-04-18,1,106,1050.0
4495,2026-04-13,1,427,2500.0
4496,2026-06-17,1,260,8140.0
4497,2026-03-15,2,353,9440.0
4498,2026-08-17,1,330,3640.0
4499,2026-02-09,2,455,2080.0
4500,2026-07-26,1,223,80.0
4501,2026-06-01,2,495,6400.0
4502,2026-02-02,2,104,6000.0
4503,2026-09-15,1,37,11390.0
4504,2026-08-01,3,169,1800.0
4505,2026-02-20,1,114,3395.0
4506,2026-09-13,2,455,6520.0
4507,2026-04-22,3,354,4800.0
4508,2026-02-03,2,151,692.5
4509,2026-02-24,1,306,9100.0
4510,2026-02-09,3,38,3982.5
4511,2026-06-01,1,399,8690.0
4512,2026-01-14,1,194,2900.0
4513,2026-03-24,2,327,300.0
4514,2026-03-13,2,510,4590.0
4515,2026-08-04,1,536,780.0
4516,2026-09-24,2,16,1080.0
4517,2026-09-05,2,432,4440.0
4518,2026-03-02,1,98,12200.0
4519,2026-06-05,2,245,7100.0
4520,2026-01-16,3,231,3500.0
4521,2026-03-29,1,468,2050.0
4522,2026-08-17,2,200,760.0
4523,2026-01-05,2,141,9920.0
4524,2026-06-14,2,527,5400.0
4525,2026-08-11,3,37,2885.0
4526,2026-05-01,2,590,7690.0
4527,2026-02-08,3,257,3017.5
4528,2026-05-11,1,117,5840.0
4529,2026-01-03,2,239,18970.0
4530,2026-03-26,2,488,1650.0
4531,2026-07-14,2,521,2560.0
4532,2026-07-15,2,69,540.0
4533,2026-04-02,3,110,7800.0
4534,2026-01-16,1,559,4500.0
4535,2026-04-06,1,321,1185.0
4536,2026-09-17,1,272,900.0
4537,2026-08-18,1,394,4685.0
4538,2026-06-03,2,349,9865.0
4539,2026-03-28,1,244,2287.5
4540,2026-01-23,3,531,6300.0
4541,2026-04-22,1,169,10250.0
4542,2026-04-04,2,69,10600.0
4543,2026-01-31,2,354,4285.0
4544,2026-05-27,2,422,4875.0
4545,2026-08-11,1,540,1733.0
4546,2026-04-25,1,416,8950.0
4547,2026-07-11,1,395,3500.0
4548,2026-01-19,3,10,11520.0
4549,2026-03-30,1,479,1050.0
4550,2026-01-26,1,470,3960.0
4551,2026-09-14,1,443,4110.0
4552,2026-04-24,3,340,1580.0
4553,2026-04-29,3,517,3940.0
4554,2026-01-04,3,133,4350.0
4555,2026-05-22,2,75,14860.0
4556,2026-01-27,3,20,2100.0
4557,2026-07-11,1,452,5000.0
4558,2026-06-07,3,289,400.0
4559,2026-07-03,2,55,6344.0
4560,2026-04-09,3,464,5000.0
4561,2026-02-15,2,269,900.0
4562,2026-02-05,3,439,4100.0
4563,2026-07-27,1,476,150.0
4564,2026-04-02,1,42,10575.0
4565,2026-07-21,3,51,200.0
4566,2026-01-05,2,363,1900.0
4567,2026-09-09,1,97,200.0
4568,2026-03-25,3,454,9672.0
4569,2026-04-25,2,225,10400.0
4570,2026-06-22,1,314,4720.0
4571,2026-07-09,3,178,7350.0
4572,2026-05-02,3,203,1200.0
4573,2026-04-24,1,164,3970.0
4574,2026-02-28,3,446,3600.0
4575,2026-06-24,1,354,5100.0
4576,2026-07-30,2,256,4400.0
4577,2026-06-25,3,140,5619.0
4578,2026-02-01,3,226,13100.0
4579,2026-01-15,2,475,5685.0
4580,2026-07-24,2,161,8300.0
4581,2026-01-16,2,163,15300.0
4582,2026-07-16,1,407,400.0
4583,2026-02-10,1,264,2770.0
4584,2026-06-29,3,592,5085.0
4585,2026-07-18,2,171,4300.0
4586,2026-03-27,2,325,10100.0
4587,2026-03-22,1,29,5100.0
4588,2026-09-04,3,63,12300.0
4589,2026-09-11,3,86,5100.0
4590,2026-03-28,1,540,13700.0
4591,2026-08-26,2,552,8700.0
4592,2026-06-06,1,572,2780.0
4593,2026-09-05,3,516,4780.0
4594,2026-01-08,3,395,14135.0
4595,2026-03-09,2,48,3035.0
4596,2026-02-03,2,114,7910.0
4597,2026-01-25,2,217,6400.0
4598,2026-01-12,2,424,3975.0
4599,2026-07-17,1,507,2710.0
4600,2026-06-12,2,64,4500.0
4601,2026-09-12,3,522,1400.0
4602,2026-08-08,1,295,6800.0
4603,2026-03-16,3,277,10500.0
4604,2026-07-03,1,95,7425.0
4605,2026-09-01,3,219,10020.0
4606,2026-01-21,2,159,8310.0
4607,2026-03-30,3,29,6760.0
4608,2026-06-08,2,559,1800.0
4609,2026-07-17,1,78,5542.5
4610,2026-06-17,1,225,8110.0
4611,2026-08-05,1,269,4345.0
4612,2026-05-15,2,271,11100.0
4613,2026-05-05,3,463,7100.0
4614,2026-09-08,1,34,7635.0
4615,2026-06-25,2,346,5400.0
4616,2026-07-11,2,530,7485.0
4617,2026-05-13,1,501,4955.0
4618,2026-08-24,1,123,2200.0
4619,2026-06-16,2,272,300.0
4620,2026-06-21,3,267,8960.0
4621,2026-07-29,3,80,6600.0
4622,2026-03-21,2,273,2880.0
4623,2026-02-04,1,544,600.0
4624,2026-05-13,3,107,1750.0
4625,2026-06-29,1,400,8540.0
4626,2026-09-30,1,351,1700.0
4627,2026-07-31,1,1,9660.0
4628,2026-06-28,2,282,5740.0
4629,2026-02-19,1,343,5970.0
4630,2026-08-29,1,559,1600.0
4631,2026-01-07,2,64,3225.0
4632,2026-05-15,2,129,7320.0
4633,2026-02-02,1,169,2760.0
4634,2026-04-04,1,295,6790.0
4635,2026-02-08,2,4,5268.0
4636,2026-09-22,3,102,7600.0
4637,2026-07-11,3,592,6500.0
4638,2026-09-16,1,594,9640.0
4639,2026-03-19,1,595,3695.0
4640,2026-06-30,1,326,1500.0
4641,2026-02-13,1,125,5600.0
4642,2026-07-29,3,469,5600.0
4643,2026-04-15,1,504,2945.0
4644,2026-05-23,2,525,5055.0
4645,2026-09-10,1,103,10700.0
4646,2026-06-05,2,313,3890.0
4647,2026-01-25,2,254,4490.0
4648,2026-07-14,2,410,2650.0
4649,2026-01-20,3,135,4540.0
4650,2026-07-28,1,550,9600.0
4651,2026-01-05,3,111,160.0
4652,2026-06-27,2,174,3600.0
4653,2026-09-05,3,91,4200.0
4654,2026-05-08,1,100,4060.0
4655,2026-08-10,2,237,8155.0
4656,2026-05-05,2,487,6250.0
4657,2026-02-01,1,494,6005.0
4658,2026-04-25,3,61,9485.0
4659,2026-06-17,3,392,800.0
4660,2026-05-27,1,210,8325.0
4661,2026-01-23,1,272,2310.0
4662,2026-05-27,1,136,4300.0
4663,2026-08-06,2,298,5700.0
4664,2026-01-08,3,375,7090.0
4665,2026-09-06,3,596,8600.0
4666,2026-09-07,3,376,8220.0
4667,2026-04-06,1,257,8770.0
4668,2026-04-10,3,593,4000.0
4669,2026-02-11,1,270,1200.0
4670,2026-01-06,2,275,5677.0
4671,2026-06-11,2,186,142.5
4672,2026-07-20,1,307,3540.0
4673,2026-09-29,3,240,12200.0
4674,2026-06-26,2,211,9035.0
4675,2026-09-07,3,504,3830.0
4676,2026-02-08,3,343,1600.0
4677,2026-03-12,1,516,12560.0
4678,2026-09-19,2,253,5640.0
4679,2026-07-18,1,424,2980.0
4680,2026-08-30,3,59,2880.0
4681,2026-06-02,3,454,430.0
4682,2026-06-24,1,519,12600.0
4683,2026-04-20,2,251,5000.0
4684,2026-09-30,3,595,2900.0
4685,2026-04-30,1,411,6880.0
4686,2026-05-18,2,473,970.0
4687,2026-01-02,3,66,9345.0
4688,2026-05-28,2,368,7855.0
4689,2026-05-11,3,221,7920.0
4690,2026-01-10,1,181,2340.0
4691,2026-04-19,2,9,6910.0
4692,2026-09-08,1,14,2200.0
4693,2026-05-18,3,394,1900.0
4694,2026-08-08,2,169,2090.0
4695,2026-09-18,1,394,4260.0
4696,2026-01-17,2,417,5625.0
4697,2026-06-27,2,397,5805.0
4698,2026-07-15,2,327,4540.0
4699,2026-05-29,3,545,3500.0
4700,2026-09-06,1,92,3800.0
4701,2026-08-12,3,558,7800.0
4702,2026-08-12,1,580,1920.0
4703,2026-06-01,2,515,8040.0
4704,2026-08-17,2,231,4820.0
4705,2026-01-19,3,433,3670.0
4706,2026-09-01,1,373,4100.0
4707,2026-03-26,3,358,4580.0
4708,2026-05-13,3,205,1047.5
4709,2026-06-19,2,1,13167.5
4710,2026-05-02,2,219,6480.0
4711,2026-06-17,1,175,1100.0
4712,2026-06-02,3,100,6900.0
4713,2026-08-19,2,289,1580.0
4714,2026-04-15,1,95,1200.0
4715,2026-09-03,2,172,4785.0
4716,2026-07-30,1,548,1000.0
4717,2026-04-01,2,273,6510.0
4718,2026-02-24,2,47,300.0
4719,2026-07-29,1,323,7205.0
4720,2026-02-12,1,47,5800.0
4721,2026-08-07,2,582,6460.0
4722,2026-09-07,1,423,6760.0
4723,2026-08-21,1,419,9500.0
4724,2026-08-03,2,157,5740.0
4725,2026-05-14,2,320,700.0
4726,2026-08-04,3,130,4485.0
4727,2026-05-22,1,504,1150.0
4728,2026-03-15,2,546,1900.0
4729,2026-05-12,1,462,1900.0
4730,2026-01-22,3,243,12200.0
4731,2026-05-28,1,4,10800.0
4732,2026-01-17,1,392,13335.0
4733,2026-08-15,3,336,346.0
4734,2026-07-03,2,284,3286.0
4735,2026-03-09,2,251,760.0
4736,2026-08-19,2,43,2200.0
4737,2026-03-14,1,501,6050.0
4738,2026-04-28,2,133,1500.0
4739,2026-05-17,3,296,2875.0
4740,2026-05-25,1,106,3135.0
4741,2026-06-19,1,424,6020.0
4742,2026-03-24,2,212,4165.0
4743,2026-03-03,2,307,5800.0
4744,2026-01-24,3,56,4360.0
4745,2026-05-22,3,151,10940.0
4746,2026-08-28,1,510,850.0
4747,2026-04-16,1,429,1500.0
4748,2026-03-03,3,107,2070.0
4749,2026-02-04,2,289,4500.0
4750,2026-09-12,1,135,3600.0
4751,2026-03-05,3,154,6350.0
4752,2026-04-16,1,97,4100.0
4753,2026-05-23,3,520,3720.0
4754,2026-04-10,2,10,350.0
4755,2026-01-18,1,239,5575.0
4756,2026-08-01,3,406,3476.0
4757,2026-08-14,3,177,400.0
4758,2026-03-09,2,352,6720.0
4759,2026-01-01,1,565,700.0
4760,2026-05-30,1,373,9736.0
4761,2026-04-02,1,103,2840.0
4762,2026-06-18,3,569,3040.0
4763,2026-04-10,2,475,3960.0
4764,2026-02-16,1,4,3400.0
4765,2026-01-18,1,350,4982.5
4766,2026-06-07,3,27,9205.0
4767,2026-03-21,3,338,2400.0
4768,2026-03-07,1,582,2800.0
4769,2026-04-21,2,101,1700.0
4770,2026-08-23,2,48,8192.5
4771,2026-09-28,3,593,2100.0
4772,2026-05-24,2,503,4600.0
4773,2026-04-19,2,171,1382.0
4774,2026-01-19,1,113,4000.0
4775,2026-04-10,3,453,7200.0
4776,2026-06-27,2,103,685.0
4777,2026-01-11,2,89,11080.0
4778,2026-09-20,1,536,8590.0
4779,2026-01-17,2,151,3420.0
4780,2026-06-27,1,212,12175.0
4781,2026-07-25,1,422,1888.0
4782,2026-09-25,3,220,6000.0
4783,2026-02-05,2,22,10430.0
4784,2026-06-03,2,7,3900.0
4785,2026-09-17,1,60,4800.0
4786,2026-03-29,1,303,5560.0
4787,2026-09-07,1,341,80.0
4788,2026-08-20,3,329,2500.0
4789,2026-04-24,2,298,1000.0
4790,2026-03-27,1,111,7900.0
4791,2026-02-25,3,347,3700.0
4792,2026-09-25,1,46,3705.0
4793,2026-01-02,3,192,6500.0
4794,2026-09-27,1,523,2850.0
4795,2026-08-08,1,592,7800.0
4796,2026-09-20,3,13,2660.0
4797,2026-07-24,2,405,1360.0
4798,2026-07-27,1,277,5970.0
4799,2026-07-25,1,6,13170.0
4800,2026-03-11,2,339,832.0
4801,2026-06-30,1,494,1300.0
4802,2026-05-31,2,325,200.0
4803,2026-09-03,1,595,800.0
4804,2026-01-11,2,584,6325.0
4805,2026-04-17,3,600,2970.0
4806,2026-09-04,1,315,5500.0
4807,2026-01-08,3,526,6800.0
4808,2026-08-21,3,215,7380.0
4809,2026-09-19,2,283,7240.0
4810,2026-08-26,2,105,4800.0
4811,2026-03-08,3,570,9800.0
4812,2026-07-17,1,590,6840.0
4813,2026-09-19,2,335,3600.0
4814,2026-01-28,2,372,7900.0
4815,2026-07-01,1,519,15545.0
4816,2026-02-25,1,296,1500.0
4817,2026-01-28,2,148,3700.0
4818,2026-01-11,1,324,7400.0
4819,2026-08-14,2,150,8145.0
4820,2026-06-29,3,342,3350.0
4821,2026-04-24,2,175,5175.0
4822,2026-04-16,1,490,1185.0
4823,2026-01-17,1,175,9600.0
4824,2026-08-22,1,458,11370.0
4825,2026-03-09,2,365,1440.0
4826,2026-04-04,3,19,4480.0
4827,2026-07-31,1,548,3816.0
4828,2026-08-16,3,18,11200.0
4829,2026-04-04,1,465,1380.0
4830,2026-08-06,1,182,180.0
4831,2026-07-02,1,424,18315.0
4832,2026-01-06,2,305,5040.0
4833,2026-07-23,3,499,8940.0
4834,2026-05-01,3,108,600.0
4835,2026-08-07,1,544,2690.0
4836,2026-08-21,3,539,1800.0
4837,2026-05-16,1,426,4700.0
4838,2026-09-24,1,535,150.0
4839,2026-06-08,3,353,9900.0
4840,2026-09-10,3,108,6020.0
4841,2026-08-06,2,170,3000.0
4842,2026-08-04,3,209,4650.0
4843,2026-09-27,1,427,3100.0
4844,2026-07-09,2,406,9300.0
4845,2026-04-30,2,570,3800.0
4846,2026-03-08,2,19,100.0
4847,2026-07-02,1,147,13550.0
4848,2026-03-31,1,390,1235.0
4849,2026-02-21,2,204,11340.0
4850,2026-07-18,3,586,9100.0
4851,2026-09-15,2,502,1600.0
4852,2026-08-19,2,599,3600.0
4853,2026-09-05,3,213,2900.0
4854,2026-01-09,1,249,6480.0
4855,2026-08-28,2,102,2955.0
4856,2026-06-22,1,372,4690.0
4857,2026-04-25,2,156,240.0
4858,2026-07-03,1,506,3760.0
4859,2026-01-19,2,189,3600.0
4860,2026-09-04,1,450,2260.0
4861,2026-06-17,3,408,4900.0
4862,2026-03-22,3,15,7125.0
4863,2026-05-05,1,449,2460.0
4864,2026-08-05,2,355,3300.0
4865,2026-06-23,2,243,7125.0
4866,2026-01-21,2,89,4405.0
4867,2026-01-09,3,523,3640.0
4868,2026-08-31,1,571,2400.0
4869,2026-05-15,2,499,3725.0
4870,2026-03-05,1,111,1425.0
4871,2026-04-30,3,427,9860.0
4872,2026-02-10,3,472,1500.0
4873,2026-07-29,3,219,1520.0
4874,2026-01-02,1,412,8400.0
4875,2026-02-04,1,472,7200.0
4876,2026-03-13,1,240,3900.0
4877,2026-08-28,1,121,1930.0
4878,2026-04-12,1,61,1900.0
4879,2026-09-01,3,366,2700.0
4880,2026-08-29,3,340,2540.0
4881,2026-04-13,3,406,740.0
4882,2026-09-28,3,527,540.0
4883,2026-09-07,2,259,10890.0
4884,2026-05-07,2,11,8400.0
4885,2026-06-06,2,523,1660.0
4886,2026-02-26,1,71,5100.0
4887,2026-04-16,2,364,2766.0
4888,2026-03-06,3,386,5375.0
4889,2026-08-17,2,555,3685.0
4890,2026-03-20,1,105,1860.0
4891,2026-07-21,1,570,3300.0
4892,2026-07-20,1,293,4310.0
4893,2026-04-17,3,344,5120.0
4894,2026-08-16,2,96,6940.0
4895,2026-04-09,3,275,4610.0
4896,2026-06-29,2,361,7500.0
4897,2026-08-23,2,423,1952.0
4898,2026-03-29,1,167,2520.0
4899,2026-02-16,3,43,11200.0
4900,2026-03-27,3,42,7570.0
4901,2026-07-30,2,574,2000.0
4902,2026-02-09,3,302,2790.0
4903,2026-09-11,3,132,8720.0
4904,2026-01-04,2,83,6300.0
4905,2026-07-20,1,429,9170.0
4906,2026-06-28,3,182,900.0
4907,2026-08-21,2,314,5250.0
4908,2026-03-08,3,526,3990.0
4909,2026-09-25,2,32,5080.0
4910,2026-05-25,3,571,13015.0
4911,2026-01-22,1,566,11660.0
4912,2026-09-28,2,426,8580.0
4913,2026-09-18,1,163,7990.0
4914,2026-05-24,2,197,3000.0
4915,2026-05-25,3,189,4275.0
4916,2026-07-06,1,203,3000.0
4917,2026-02-19,1,305,4210.0
4918,2026-08-19,1,489,700.0
4919,2026-03-19,2,207,900.0
4920,2026-08-31,3,91,4200.0
4921,2026-02-27,2,543,8285.0
4922,2026-05-07,1,171,5600.0
4923,2026-01-07,3,35,5930.0
4924,2026-03-16,3,159,10350.0
4925,2026-05-21,2,183,3660.0
4926,2026-01-27,1,431,1100.0
4927,2026-09-30,2,393,6740.0
4928,2026-05-29,2,453,6900.0
4929,2026-09-18,1,414,1700.0
4930,2026-02-22,1,455,7280.0
4931,2026-04-18,3,485,8700.0
4932,2026-07-06,2,339,695.0
4933,2026-05-08,2,352,895.0
4934,2026-01-23,3,549,5860.0
4935,2026-05-30,1,36,8660.0
4936,2026-04-02,2,170,400.0
4937,2026-09-11,1,308,3900.0
4938,2026-02-06,2,10,3680.0
4939,2026-05-12,3,339,5000.0
4940,2026-08-20,1,517,12195.0
4941,2026-05-09,1,171,7950.0
4942,2026-02-09,3,581,7660.0
4943,2026-08-04,1,323,2100.0
4944,2026-03-07,2,222,3880.0
4945,2026-02-24,1,433,4327.0
4946,2026-06-02,1,358,8416.0
4947,2026-06-14,3,420,1200.0
4948,2026-08-23,2,334,980.0
4949,2026-07-27,3,182,2320.0
4950,2026-07-12,1,537,4928.0
4951,2026-03-26,1,323,14780.0
4952,2026-09-24,1,136,5440.0
4953,2026-08-27,3,309,10228.0
4954,2026-06-17,1,388,13400.0
4955,2026-07-10,2,13,3585.0
4956,2026-07-09,1,100,4130.0
4957,2026-08-24,1,19,300.0
4958,2026-06-29,1,224,3600.0
4959,2026-03-22,1,218,4096.0
4960,2026-04-09,3,53,11100.0
4961,2026-09-01,3,9,7735.0
4962,2026-01-17,2,596,8700.0
4963,2026-08-11,3,46,12700.0
4964,2026-09-01,1,32,2870.0
4965,2026-03-24,1,396,12500.0
4966,2026-01-06,2,293,1900.0
4967,2026-04-13,1,468,11100.0
4968,2026-05-25,3,182,2400.0
4969,2026-03-24,1,165,7040.0
4970,2026-07-24,3,578,1900.0
4971,2026-05-07,1,47,5500.0
4972,2026-08-18,3,71,8695.0
4973,2026-08-15,2,212,8760.0
4974,2026-04-28,2,349,400.0
4975,2026-08-02,2,207,1200.0
4976,2026-02-01,2,312,5000.0
4977,2026-06-28,3,416,1290.0
4978,2026-08-06,3,8,13300.0
4979,2026-07-05,1,58,5130.0
4980,2026-02-16,1,548,10950.0
4981,2026-04-20,1,79,2800.0
4982,2026-09-09,3,240,650.0
4983,2026-02-04,1,252,960.0
4984,2026-07-03,2,281,3400.0
4985,2026-05-26,3,168,3700.0
4986,2026-05-19,2,441,10200.0
4987,2026-09-23,3,207,5020.0
4988,2026-09-20,1,356,4485.0
4989,2026-01-24,1,311,3880.0
4990,2026-05-25,2,156,600.0
4991,2026-02-11,2,187,4440.0
4992,2026-03-20,2,273,1200.0
4993,2026-09-21,1,113,1800.0
4994,2026-07-05,3,21,4865.0
4995,2026-09-26,3,397,6100.0
4996,2026-04-02,3,363,7700.0
4997,2026-06-13,2,357,8250.0
4998,2026-03-30,1,436,7300.0
4999,2026-06-24,3,404,12725.0
5000,2026-06-18,3,516,5000.0
5001,2026-03-23,2,228,10560.0
5002,2026-06-03,2,135,2975.0
5003,2026-09-20,2,93,3175.0
5004,2026-03-16,2,588,1044.0
5005,2026-07-01,3,96,2860.0
5006,2026-08-14,2,442,8295.0
5007,2026-03-22,1,534,1440.0
5008,2026-02-02,1,331,6450.0
5009,2026-03-16,1,318,7950.0
5010,2026-08-18,1,587,9380.0
5011,2026-07-16,1,83,8220.0
5012,2026-01-01,3,494,3900.0
5013,2026-07-01,3,125,4900.0
5014,2026-06-10,3,496,350.0
5015,2026-06-16,1,390,11600.0
5016,2026-09-21,1,593,1620.0
5017,2026-05-08,2,46,10845.0
5018,2026-09-22,3,186,5020.0
5019,2026-04-21,1,252,6110.0
5020,2026-08-05,1,437,5900.0
5021,2026-03-17,1,79,8090.0
5022,2026-07-23,3,502,8760.0
5023,2026-02-12,1,561,9400.0
5024,2026-06-03,1,27,785.0
5025,2026-03-01,3,447,8105.0
5026,2026-09-16,2,323,7540.0
5027,2026-03-17,1,15,240.0
5028,2026-05-20,2,144,15705.0
5029,2026-09-23,3,240,4950.0
5030,2026-06-20,2,102,2750.0
5031,2026-09-04,2,361,2510.0
5032,2026-02-10,3,595,6200.0
5033,2026-06-01,3,507,2600.0
5034,2026-03-28,3,156,7360.0
5035,2026-08-13,3,492,1025.0
5036,2026-06-11,3,40,2228.0
5037,2026-05-01,1,529,6000.0
5038,2026-01-03,1,531,8135.0
5039,2026-09-01,3,421,8200.0
5040,2026-01-06,2,331,4000.0
5041,2026-07-12,3,585,1645.0
5042,2026-04-13,2,582,12000.0
5043,2026-06-22,1,106,11628.0
5044,2026-09-19,1,332,152.0
5045,2026-04-23,2,233,6600.0
5046,2026-01-08,1,74,8300.0
5047,2026-01-01,2,132,8900.0
5048,2026-06-13,1,489,11525.0
5049,2026-06-01,1,256,4515.0
5050,2026-01-24,3,264,200.0
5051,2026-07-05,1,303,4900.0
5052,2026-02-27,2,284,9900.0
5053,2026-04-13,3,305,3380.0
5054,2026-03-10,3,2,5400.0
5055,2026-01-19,1,356,1745.0
5056,2026-03-16,1,170,9530.0
5057,2026-05-10,1,503,3870.0
5058,2026-07-27,1,18,6495.0
5059,2026-09-15,1,267,1585.0
5060,2026-05-18,1,118,5600.0
5061,2026-01-12,2,38,2400.0
5062,2026-04-04,1,382,200.0
5063,2026-01-25,2,324,300.0
5064,2026-01-16,3,432,17300.0
5065,2026-05-28,2,161,7200.0
5066,2026-03-27,3,270,6300.0
5067,2026-05-04,3,269,2640.0
5068,2026-04-06,3,306,5400.0
5069,2026-06-20,3,564,8030.0
5070,2026-01-31,3,51,5500.0
5071,2026-03-15,2,544,11695.0
5072,2026-06-07,1,429,10150.0
5073,2026-07-24,2,364,430.0
5074,2026-01-20,1,418,6750.0
5075,2026-07-20,3,559,5515.0
5076,2026-09-21,2,423,4200.0
5077,2026-03-23,1,186,4070.0
5078,2026-04-02,2,195,9600.0
5079,2026-02-18,1,239,5595.0
5080,2026-09-01,3,344,1960.0
5081,2026-07-04,3,267,2200.0
5082,2026-02-21,1,462,1900.0
5083,2026-06-01,2,521,5790.0
5084,2026-03-29,2,362,2640.0
5085,2026-06-08,1,52,8435.0
5086,2026-06-22,1,469,11020.0
5087,2026-04-29,1,46,10845.0
5088,2026-07-07,2,197,3235.0
5089,2026-04-16,2,247,6285.0
5090,2026-08-22,1,491,1500.0
5091,2026-06-06,3,548,4436.0
5092,2026-08-11,2,486,3850.0
5093,2026-07-05,2,556,4940.0
5094,2026-02-02,3,348,5100.0
5095,2026-03-29,3,260,2090.0
5096,2026-05-22,3,368,7350.0
5097,2026-07-16,2,484,3700.0
5098,2026-08-05,3,76,4755.0
5099,2026-02-03,1,113,3400.0
5100,2026-05-22,1,444,7375.0
5101,2026-04-02,1,140,3700.0
5102,2026-06-05,2,54,7095.0
5103,2026-08-15,3,54,2650.0
5104,2026-06-05,2,154,1100.0
5105,2026-01-27,3,599,11125.0
5106,2026-02-02,3,1,6075.0
5107,2026-05-23,3,484,1580.0
5108,2026-09-10,3,575,6300.0
5109,2026-08-18,2,43,4400.0
5110,2026-09-26,3,538,6550.0
5111,2026-02-20,1,55,9900.0
5112,2026-03-06,2,205,76.0
5113,2026-07-17,1,433,285.0
5114,2026-05-23,1,87,1080.0
5115,2026-07-12,1,363,7440.0
5116,2026-06-24,1,540,5800.0
5117,2026-02-16,3,288,2000.0
5118,2026-08-20,2,522,4980.0
5119,2026-05-04,1,476,1000.0
5120,2026-03-06,2,346,3638.0
5121,2026-01-09,3,335,4800.0
5122,2026-04-12,1,155,5500.0
5123,2026-04-26,3,46,8100.0
5124,2026-08-10,1,311,5730.0
5125,2026-08-27,3,161,2375.0
5126,2026-02-24,1,542,8610.0
5127,2026-02-26,3,441,14950.0
5128,2026-01-31,2,573,180.0
5129,2026-01-18,2,115,5970.0
5130,2026-09-08,3,219,4063.0
5131,2026-09-03,2,409,5000.0
5132,2026-04-27,1,228,1170.0
5133,2026-09-21,2,8,7915.0
5134,2026-09-24,1,321,300.0
5135,2026-04-15,2,551,3350.0
5136,2026-09-09,1,13,3925.0
5137,2026-02-12,2,45,5880.0
5138,2026-07-01,1,117,10950.0
5139,2026-07-16,2,208,2200.0
5140,2026-02-26,2,277,2480.0
5141,2026-01-21,1,211,8180.0
5142,2026-01-03,2,496,7090.0
5143,2026-03-27,2,545,4912.0
5144,2026-07-19,1,85,1650.0
5145,2026-02-23,1,354,14050.0
5146,2026-05-26,1,451,5610.0
5147,2026-04-09,3,226,6360.0
5148,2026-03-22,3,491,6570.0
5149,2026-06-15,1,138,9930.0
5150,2026-05-13,2,211,11675.0
5151,2026-05-24,3,68,400.0
5152,2026-05-12,1,410,9000.0
5153,2026-03-16,1,228,4900.0
5154,2026-03-06,1,333,5340.0
5155,2026-04-19,2,231,3000.0
5156,2026-02-11,3,30,4890.0
5157,2026-08-02,2,338,4400.0
5158,2026-08-11,2,244,7375.0
5159,2026-05-06,1,529,3000.0
5160,2026-03-25,2,13,9580.0
5161,2026-07-08,3,326,570.0
5162,2026-07-03,3,376,2100.0
5163,2026-07-11,2,491,1000.0
5164,2026-01-27,2,22,5000.0
5165,2026-08-26,1,298,3950.0
5166,2026-04-13,2,338,7700.0
5167,2026-09-16,2,146,985.0
5168,2026-04-25,1,185,5100.0
5169,2026-03-03,1,356,2500.0
5170,2026-02-25,3,446,2365.0
5171,2026-09-05,2,489,2250.0
5172,2026-07-23,3,156,720.0
5173,2026-08-13,3,429,1800.0
5174,2026-03-18,1,496,1900.0
5175,2026-09-06,2,39,7470.0
5176,2026-05-05,2,202,6190.0
5177,2026-07-04,1,90,3840.0
5178,2026-07-14,3,62,6160.0
5179,2026-01-07,2,139,4480.0
5180,2026-01-01,2,255,7580.0
5181,2026-06-13,3,184,12020.0
5182,2026-08-16,1,205,2100.0
5183,2026-02-14,1,240,4155.0
5184,2026-08-10,3,256,7285.0
5185,2026-09-23,1,242,6550.0
5186,2026-04-19,3,91,4300.0
5187,2026-07-11,2,306,400.0
5188,2026-05-14,1,328,1170.0
5189,2026-07-07,2,57,700.0
5190,2026-05-18,1,363,4650.0
5191,2026-07-13,3,595,3690.0
5192,2026-02-24,3,281,2825.0
5193,2026-01-22,2,367,4320.0
5194,2026-08-31,1,256,3800.0
5195,2026-07-29,3,266,4160.0
5196,2026-01-12,1,94,2190.0
5197,2026-02-18,1,325,300.0
5198,2026-08-09,1,114,5335.0
5199,2026-02-07,3,197,7835.0
5200,2026-05-02,2,196,9528.0
5201,2026-05-02,2,422,8220.0
5202,2026-04-23,2,348,6770.0
5203,2026-04-17,1,201,7800.0
5204,2026-08-02,2,431,2770.0
5205,2026-08-07,2,255,9100.0
5206,2026-02-24,2,537,6700.0
5207,2026-01-28,2,286,3000.0
5208,2026-05-26,3,213,200.0
5209,2026-04-10,1,118,6970.0
5210,2026-02-02,1,238,3890.0
5211,2026-07-26,3,85,4390.0
5212,2026-01-11,3,236,2800.0
5213,2026-07-27,1,340,1755.0
5214,2026-04-05,1,369,6605.0
5215,2026-05-10,2,566,1150.0
5216,2026-08-30,2,600,7580.0
5217,2026-07-19,1,2,3300.0
5218,2026-09-27,3,288,4690.0
5219,2026-01-12,3,448,1320.0
5220,2026-05-17,2,21,6800.0
5221,2026-01-08,2,388,1970.0
5222,2026-02-10,2,544,10200.0
5223,2026-05-17,2,421,6670.0
5224,2026-08-11,3,491,1700.0
5225,2026-04-22,2,202,9775.0
5226,2026-06-19,3,583,9000.0
5227,2026-05-12,2,234,3000.0
5228,2026-06-17,1,334,6730.0
5229,2026-08-26,2,310,8400.0
5230,2026-01-24,1,56,17685.0
5231,2026-03-13,3,113,10240.0
5232,2026-07-02,3,364,1178.0
5233,2026-02-15,1,531,8700.0
5234,2026-08-14,2,546,2200.0
5235,2026-06-18,2,15,6770.0
5236,2026-07-11,2,321,3870.0
5237,2026-07-26,3,75,3000.0
5238,2026-04-02,2,155,7900.0
5239,2026-06-04,2,238,10400.0
5240,2026-02-22,3,401,7305.0
5241,2026-08-04,2,440,2860.0
5242,2026-06-19,1,102,3740.0
5243,2026-01-14,1,363,9885.0
5244,2026-01-17,2,318,2040.0
5245,2026-05-20,1,585,7785.0
5246,2026-06-20,3,102,5905.0
5247,2026-02-09,3,267,6425.0
5248,2026-09-28,2,190,12525.0
5249,2026-02-05,2,320,2800.0
5250,2026-06-04,2,283,1300.0
5251,2026-05-26,1,475,490.0
5252,2026-05-17,3,40,3980.0
5253,2026-04-01,3,150,3290.0
5254,2026-06-13,1,413,3950.0
5255,2026-06-30,2,483,3900.0
5256,2026-09-29,2,432,12950.0
5257,2026-09-25,1,588,9100.0
5258,2026-09-28,3,181,500.0
5259,2026-08-23,1,191,5635.0
5260,2026-06-07,3,343,4050.0
5261,2026-07-03,3,214,3562.5
5262,2026-09-21,1,117,4160.0
5263,2026-03-05,2,522,5210.0
5264,2026-02-03,3,458,2580.0
5265,2026-03-17,3,144,4475.0
5266,2026-07-04,3,347,3080.0
5267,2026-01-21,1,274,5050.0
5268,2026-08-02,2,280,3560.0
5269,2026-04-16,2,191,3450.0
5270,2026-01-11,3,336,2650.0
5271,2026-04-28,2,352,7500.0
5272,2026-09-03,3,284,4700.0
5273,2026-07-04,2,121,490.0
5274,2026-02-21,1,497,5200.0
5275,2026-09-14,2,59,1380.0
5276,2026-09-10,1,264,3600.0
5277,2026-01-28,2,304,2960.0
5278,2026-01-02,1,278,15400.0
5279,2026-01-29,2,57,1100.0
5280,2026-07-14,1,315,5566.0
5281,2026-03-14,1,346,1500.0
5282,2026-06-01,3,52,5180.0
5283,2026-04-14,2,116,1000.0
5284,2026-02-25,2,145,3600.0
5285,2026-05-10,1,427,9900.0
5286,2026-06-03,2,244,2200.0
5287,2026-02-15,3,421,9322.0
5288,2026-01-21,2,83,12115.0
5289,2026-07-21,2,530,7160.0
5290,2026-02-15,1,60,600.0
5291,2026-07-18,1,130,5180.0
5292,2026-01-21,1,54,13300.0
5293,2026-07-31,1,585,300.0
5294,2026-04-18,2,302,2900.0
5295,2026-04-27,1,584,3142.5
5296,2026-02-28,1,294,3800.0
5297,2026-06-19,1,194,1650.0
5298,2026-07-02,2,239,11320.0
5299,2026-03-31,3,22,1595.0
5300,2026-01-25,2,539,760.0
5301,2026-08-08,1,72,1300.0
5302,2026-03-15,2,576,11400.0
5303,2026-02-14,1,568,1800.0
5304,2026-09-11,2,157,645.0
5305,2026-06-13,1,505,17005.0
5306,2026-05-06,1,50,1942.5
5307,2026-08-12,2,398,6750.0
5308,2026-09-07,2,437,300.0
5309,2026-09-04,1,520,4490.0
5310,2026-07-17,2,39,700.0
5311,2026-09-05,1,312,5580.0
5312,2026-04-07,1,280,9700.0
5313,2026-02-16,1,452,3155.0
5314,2026-07-01,2,24,2825.0
5315,2026-04-17,1,286,7728.0
5316,2026-07-30,2,49,8525.0
5317,2026-08-03,3,281,12200.0
5318,2026-02-07,3,383,3600.0
5319,2026-09-07,3,30,1840.0
5320,2026-04-27,1,548,3400.0
5321,2026-07-23,3,162,8400.0
5322,2026-09-27,3,532,1860.0
5323,2026-05-17,2,149,400.0
5324,2026-01-28,2,577,1942.0
5325,2026-03-07,2,114,800.0
5326,2026-05-04,1,415,6680.0
5327,2026-02-24,1,91,4850.0
5328,2026-08-16,1,275,5000.0
5329,2026-04-30,1,459,1200.0
5330,2026-06-02,2,9,2400.0
5331,2026-04-22,3,426,4297.5
5332,2026-03-16,2,105,3600.0
5333,2026-03-24,3,167,10700.0
5334,2026-02-13,1,404,8170.0
5335,2026-07-07,1,55,7200.0
5336,2026-02-18,3,163,10850.0
5337,2026-05-16,1,567,2200.0
5338,2026-02-08,3,136,9855.0
5339,2026-06-06,2,317,11590.0
5340,2026-01-28,1,49,1410.0
5341,2026-08-22,2,30,3800.0
5342,2026-03-30,1,265,21545.0
5343,2026-08-22,2,126,2790.0
5344,2026-04-09,1,172,9510.0
5345,2026-03-22,1,554,3705.0
5346,2026-01-28,1,90,2765.0
5347,2026-02-14,3,413,4345.0
5348,2026-07-04,3,586,5310.0
5349,2026-08-05,2,126,2650.0
5350,2026-06-08,2,514,9300.0
5351,2026-04-23,3,396,4400.0
5352,2026-09-10,1,178,1577.0
5353,2026-02-15,2,389,3822.0
5354,2026-05-09,3,409,6255.0
5355,2026-05-03,3,32,4660.0
5356,2026-06-05,1,306,4580.0
5357,2026-08-06,2,452,10545.0
5358,2026-03-12,2,323,8700.0
5359,2026-03-05,2,431,3420.0
5360,2026-07-03,2,522,8800.0
5361,2026-07-20,2,455,5200.0
5362,2026-08-03,3,500,6630.0
5363,2026-08-10,3,171,12500.0
5364,2026-03-16,3,515,2230.0
5365,2026-07-18,3,87,980.0
5366,2026-08-13,2,440,6680.0
5367,2026-06-15,2,161,13660.0
5368,2026-05-08,1,571,11580.0
5369,2026-06-29,1,78,10200.0
5370,2026-04-30,2,293,3440.0
5371,2026-09-02,2,289,6300.0
5372,2026-06-14,2,319,1570.0
5373,2026-05-02,3,21,14875.0
5374,2026-01-31,2,304,800.0
5375,2026-02-19,3,475,3520.0
5376,2026-05-03,1,522,750.0
5377,2026-08-17,3,285,3160.0
5378,2026-03-13,3,118,3072.0
5379,2026-05-25,3,410,6960.0
5380,2026-06-14,3,436,900.0
5381,2026-09-13,3,136,10375.0
5382,2026-08-30,3,21,5475.0
5383,2026-06-16,3,174,10180.0
5384,2026-06-26,1,433,7055.0
5385,2026-03-11,2,128,1550.0
5386,2026-05-03,1,148,4900.0
5387,2026-08-20,2,17,1500.0
5388,2026-04-10,3,452,6900.0
5389,2026-09-10,1,543,600.0
5390,2026-04-02,1,433,10300.0
5391,2026-07-22,1,597,1452.0
5392,2026-02-24,2,244,2490.0
5393,2026-05-27,2,577,3600.0
5394,2026-02-22,3,512,2880.0
5395,2026-02-08,1,300,1680.0
5396,2026-02-19,3,291,1500.0
5397,2026-08-09,1,328,5760.0
5398,2026-07-09,3,586,1300.0
5399,2026-03-13,3,427,13360.0
5400,2026-02-17,1,207,3700.0
5401,2026-01-15,2,8,405.0
5402,2026-09-13,3,455,6000.0
5403,2026-02-21,3,475,200.0
5404,2026-03-26,2,112,3520.0
5405,2026-09-14,2,503,5920.0
5406,2026-09-02,1,272,6940.0
5407,2026-07-22,2,251,7500.0
5408,2026-03-08,1,321,13380.0
5409,2026-07-19,3,204,7125.0
5410,2026-02-27,1,267,7000.0
5411,2026-01-19,2,257,4475.0
5412,2026-08-29,2,251,860.0
5413,2026-02-14,1,569,5900.0
5414,2026-03-01,2,18,7800.0
5415,2026-08-26,1,40,6900.0
5416,2026-06-29,1,508,7505.0
5417,2026-02-10,3,3,2250.0
5418,2026-09-24,3,287,11700.0
5419,2026-09-19,1,323,6300.0
5420,2026-04-30,2,372,1406.0
5421,2026-03-09,3,378,1305.0
5422,2026-07-03,3,380,7400.0
5423,2026-09-10,1,558,4110.0
5424,2026-01-11,3,136,15200.0
5425,2026-06-30,3,52,2930.0
5426,2026-06-15,3,409,9720.0
5427,2026-07-27,2,551,540.0
5428,2026-09-17,3,302,8900.0
5429,2026-09-12,3,543,4465.0
5430,2026-08-27,1,228,4245.0
5431,2026-03-27,2,258,5050.0
5432,2026-08-15,1,321,240.0
5433,2026-09-21,3,6,4060.0
5434,2026-02-27,2,65,6900.0
5435,2026-01-26,2,173,1200.0
5436,2026-09-14,2,274,4905.0
5437,2026-01-23,3,410,11252.0
5438,2026-04-29,2,32,4040.0
5439,2026-08-09,1,297,3650.0
5440,2026-09-02,2,300,2330.0
5441,2026-02-27,3,196,10170.0
5442,2026-05-19,1,527,9400.0
5443,2026-07-01,1,90,6800.0
5444,2026-07-07,2,237,3905.0
5445,2026-02-21,1,469,4370.0
5446,2026-03-13,2,118,300.0
5447,2026-04-23,3,246,6210.0
5448,2026-09-26,1,31,900.0
5449,2026-07-23,1,331,11900.0
5450,2026-03-31,3,214,1799.5
5451,2026-03-19,2,394,8705.0
5452,2026-02-09,1,406,4630.0
5453,2026-08-10,1,558,9830.0
5454,2026-05-01,2,494,2310.0
5455,2026-03-13,1,66,3600.0
5456,2026-06-15,3,523,2000.0
5457,2026-01-12,1,430,5075.0
5458,2026-09-06,2,470,6600.0
5459,2026-09-13,1,279,1276.0
5460,2026-05-01,3,193,5970.0
5461,2026-08-31,2,332,8960.0
5462,2026-08-07,3,401,10050.0
5463,2026-06-06,3,577,8400.0
5464,2026-04-09,1,175,2095.0
5465,2026-08-27,1,295,100.0
5466,2026-08-08,1,460,9275.0
5467,2026-08-22,1,151,240.0
5468,2026-05-28,2,199,1700.0
5469,2026-09-23,2,451,3530.0
5470,2026-03-17,3,463,4765.0
5471,2026-09-21,3,329,180.0
5472,2026-03-05,3,261,4305.0
5473,2026-09-22,3,347,9105.0
5474,2026-04-22,2,32,3290.0
5475,2026-04-05,1,128,4340.0
5476,2026-06-29,3,567,2200.0
5477,2026-05-11,2,304,960.0
5478,2026-03-18,2,158,3850.0
5479,2026-04-18,3,161,14880.0
5480,2026-06-22,1,441,6185.0
5481,2026-07-10,1,571,1100.0
5482,2026-03-29,3,272,5500.0
5483,2026-06-30,3,354,380.0
5484,2026-04-30,1,426,5405.0
5485,2026-02-15,1,8,12500.0
5486,2026-06-03,3,218,2620.0
5487,2026-01-08,2,433,5837.0
5488,2026-04-10,3,215,3610.0
5489,2026-06-08,3,483,7780.0
5490,2026-05-02,2,327,3160.0
5491,2026-01-31,1,406,2500.0
5492,2026-07-01,2,167,4570.0
5493,2026-03-31,1,81,1500.0
5494,2026-07-18,1,439,2500.0
5495,2026-05-09,3,240,4145.0
5496,2026-07-15,1,319,1790.0
5497,2026-05-29,3,10,440.0
5498,2026-07-20,2,235,1880.0
5499,2026-05-11,2,127,7110.0
5500,2026-04-08,3,189,9030.0
5501,2026-08-22,2,164,4500.0
5502,2026-06-22,2,133,2900.0
5503,2026-05-17,2,570,7580.0
5504,2026-03-16,1,244,5476.0
5505,2026-02-19,2,305,1440.0
5506,2026-02-19,2,514,4200.0
5507,2026-03-20,3,281,6250.0
5508,2026-03-25,2,342,2272.0
5509,2026-02-19,1,512,4600.0
5510,2026-07-28,3,520,5520.0
5511,2026-07-19,3,9,3705.0
5512,2026-08-27,1,7,4600.0
5513,2026-04-22,2,258,8100.0
5514,2026-06-19,2,493,3840.0
5515,2026-05-04,1,73,3400.0
5516,2026-08-06,1,193,2950.0
5517,2026-06-02,1,311,7785.0
5518,2026-02-27,1,583,1127.5
5519,2026-02-27,3,125,2370.0
5520,2026-01-11,3,236,7620.0
5521,2026-07-03,2,225,10685.0
5522,2026-09-03,2,361,11775.0
5523,2026-09-20,1,294,7025.0
5524,2026-07-06,1,52,5940.0
5525,2026-02-28,3,108,4800.0
5526,2026-07-13,1,415,1200.0
5527,2026-06-10,3,107,5935.0
5528,2026-02-04,1,286,6440.0
5529,2026-03-28,1,449,5980.0
5530,2026-06-17,3,440,10600.0
5531,2026-08-25,1,10,1072.0
5532,2026-08-22,1,91,13570.0
5533,2026-04-17,2,136,685.0
5534,2026-05-07,2,167,7100.0
5535,2026-05-18,1,364,5070.0
5536,2026-02-24,2,19,1045.0
5537,2026-07-24,3,246,4850.0
5538,2026-06-23,1,205,6470.0
5539,2026-02-14,2,298,3000.0
5540,2026-01-31,1,337,4210.0
5541,2026-02-04,3,121,6110.0
5542,2026-07-10,1,245,270.0
5543,2026-06-04,1,173,3740.0
5544,2026-06-07,1,33,2220.0
5545,2026-03-25,3,275,5100.0
5546,2026-05-31,2,342,5385.0
5547,2026-06-02,1,131,5135.0
5548,2026-03-20,2,231,2111.0
5549,2026-09-08,2,468,1440.0
5550,2026-06-06,1,479,6640.0
5551,2026-06-07,3,12,8555.0
5552,2026-06-30,2,113,600.0
5553,2026-03-27,2,301,9800.0
5554,2026-02-03,2,232,4645.0
5555,2026-03-20,2,187,6040.0
5556,2026-04-11,3,344,2200.0
5557,2026-03-31,3,89,7400.0
5558,2026-01-30,2,216,4270.0
5559,2026-04-09,2,597,3600.0
5560,2026-07-27,3,537,3528.0
5561,2026-07-16,2,304,1960.0
5562,2026-04-06,1,346,4075.0
5563,2026-05-19,3,202,9300.0
5564,2026-04-29,3,193,600.0
5565,2026-04-23,1,289,2090.0
5566,2026-04-03,1,86,2100.0
5567,2026-09-22,3,47,4600.0
5568,2026-04-11,1,358,2890.0
5569,2026-01-17,2,507,6800.0
5570,2026-02-22,3,293,6240.0
5571,2026-08-23,1,143,3790.0
5572,2026-05-07,2,327,1200.0
5573,2026-02-05,2,215,13500.0
5574,2026-04-17,3,155,8000.0
5575,2026-05-08,1,147,5300.0
5576,2026-05-16,2,391,3000.0
5577,2026-03-24,1,24,7685.0
5578,2026-02-11,2,58,4100.0
5579,2026-05-07,2,425,8700.0
5580,2026-08-19,2,264,2990.0
5581,2026-04-30,2,167,4550.0
5582,2026-03-29,2,99,1550.0
5583,2026-04-22,3,102,4100.0
5584,2026-08-29,2,197,1960.0
5585,2026-06-06,2,272,8300.0
5586,2026-05-25,1,27,1200.0
5587,2026-05-30,1,7,300.0
5588,2026-06-18,2,495,4500.0
5589,2026-09-13,3,494,7375.0
5590,2026-03-03,3,425,3840.0
5591,2026-08-06,2,396,11500.0
5592,2026-06-27,1,572,8400.0
5593,2026-05-18,2,359,4775.0
5594,2026-06-18,1,139,4130.0
5595,2026-04-08,1,20,3900.0
5596,2026-05-24,2,44,960.0
5597,2026-09-01,1,535,600.0
5598,2026-01-17,1,66,6855.0
5599,2026-03-17,1,425,1480.0
5600,2026-02-25,3,176,4900.0
5601,2026-03-09,1,203,8100.0
5602,2026-02-22,1,447,4550.0
5603,2026-04-22,3,55,4320.0
5604,2026-08-26,1,341,3300.0
5605,2026-01-21,1,224,1590.0
5606,2026-04-02,3,170,10600.0
5607,2026-09-22,1,307,5000.0
5608,2026-07-07,1,391,4125.0
5609,2026-04-28,3,595,5040.0
5610,2026-03-01,3,415,3700.0
5611,2026-05-15,1,52,3160.0
5612,2026-04-18,1,346,8790.0
5613,2026-03-01,2,93,10127.5
5614,2026-09-23,2,581,9230.0
5615,2026-06-11,1,477,4800.0
5616,2026-07-08,1,430,17040.0
5617,2026-08-30,1,175,7560.0
5618,2026-07-17,3,77,10275.0
5619,2026-06-22,1,11,12330.0
5620,2026-06-29,2,233,6040.0
5621,2026-02-16,3,119,3900.0
5622,2026-08-13,2,48,6670.0
5623,2026-01-14,1,158,9144.0
5624,2026-08-04,2,423,3200.0
5625,2026-06-23,3,429,9750.0
5626,2026-07-22,1,420,2250.0
5627,2026-05-08,3,18,9000.0
5628,2026-09-27,3,225,160.0
5629,2026-09-30,1,460,3100.0
5630,2026-03-18,1,470,2375.0
5631,2026-03-04,3,198,4810.0
5632,2026-06-08,1,234,4500.0
5633,2026-02-07,2,399,320.0
5634,2026-08-14,3,112,2000.0
5635,2026-06-18,2,385,1505.0
5636,2026-01-11,3,18,8800.0
5637,2026-06-08,2,92,9940.0
5638,2026-02-20,1,144,3540.0
5639,2026-01-14,1,552,8710.0
5640,2026-03-10,1,61,5740.0
5641,2026-02-10,2,276,6140.0
5642,2026-07-02,2,29,160.0
5643,2026-06-25,2,219,7780.0
5644,2026-09-23,3,176,4500.0
5645,2026-03-08,2,481,10180.0
5646,2026-08-31,3,419,4775.0
5647,2026-03-12,3,566,4080.0
5648,2026-08-09,2,82,4375.0
5649,2026-09-08,2,294,6565.0
5650,2026-01-13,1,493,2090.0
5651,2026-09-11,1,71,5500.0
5652,2026-04-23,1,589,15800.0
5653,2026-03-28,2,180,15595.0
5654,2026-06-19,1,415,2670.0
5655,2026-08-04,2,570,10940.0
5656,2026-08-11,1,378,8250.0
5657,2026-02-06,2,193,5462.0
5658,2026-02-27,1,266,5050.0
5659,2026-01-14,1,545,4265.0
5660,2026-07-14,1,413,1425.0
5661,2026-06-18,1,505,800.0
5662,2026-03-15,1,26,4500.0
5663,2026-09-14,3,186,5850.0
5664,2026-07-27,2,203,5055.0
5665,2026-09-09,2,324,2300.0
5666,2026-09-08,2,334,2600.0
5667,2026-08-31,3,361,4700.0
5668,2026-01-31,2,49,7850.0
5669,2026-03-26,2,428,12590.0
5670,2026-02-27,1,163,5700.0
5671,2026-09-20,1,181,2050.0
5672,2026-09-04,1,439,10400.0
5673,2026-05-30,2,148,10525.0
5674,2026-07-25,2,13,8775.0
5675,2026-05-23,2,117,10240.0
5676,2026-05-10,1,398,6545.0
5677,2026-08-12,3,159,3600.0
5678,2026-01-16,3,387,2200.0
5679,2026-01-04,3,475,1280.0
5680,2026-08-29,2,419,4035.0
5681,2026-01-03,1,277,1600.0
5682,2026-03-09,2,493,350.0
5683,2026-07-07,2,343,2140.0
5684,2026-04-04,1,576,6650.0
5685,2026-08-08,1,430,3600.0
5686,2026-01-18,1,578,2320.0
5687,2026-03-03,1,28,4880.0
5688,2026-05-15,3,398,1005.0
5689,2026-07-05,1,201,2340.0
5690,2026-04-17,1,473,6265.0
5691,2026-01-22,2,133,4270.0
5692,2026-03-16,2,38,150.0
5693,2026-01-30,2,90,3600.0
5694,2026-07-23,2,140,4705.0
5695,2026-01-26,1,296,752.0
5696,2026-07-06,1,390,6300.0
5697,2026-08-29,1,326,10975.0
5698,2026-02-25,3,488,7310.0
5699,2026-02-05,2,216,8740.0
5700,2026-07-04,2,69,10200.0
5701,2026-05-08,2,586,460.0
5702,2026-09-08,2,374,3500.0
5703,2026-03-22,1,321,7800.0
5704,2026-08-06,1,30,4000.0
5705,2026-02-05,3,294,6430.0
5706,2026-01-29,2,471,600.0
5707,2026-05-21,1,38,6380.0
5708,2026-06-22,1,446,6000.0
5709,2026-01-29,3,266,7200.0
5710,2026-06-27,1,467,2410.0
5711,2026-08-13,1,499,4900.0
5712,2026-04-29,2,18,4750.0
5713,2026-09-20,2,522,4140.0
5714,2026-04-14,1,279,4840.0
5715,2026-05-30,3,54,14050.0
5716,2026-07-23,3,600,5450.0
5717,2026-03-28,2,572,4470.0
5718,2026-03-06,3,414,12280.0
5719,2026-04-01,1,347,9150.0
5720,2026-01-29,3,179,1450.0
5721,2026-02-06,1,397,13200.0
5722,2026-09-18,1,222,2100.0
5723,2026-09-24,1,494,6800.0
5724,2026-04-06,2,35,2755.0
5725,2026-03-22,1,330,12345.0
5726,2026-06-27,3,138,7200.0
5727,2026-05-16,2,429,5300.0
5728,2026-06-21,1,203,10700.0
5729,2026-06-10,3,191,4970.0
5730,2026-08-25,1,208,1500.0
5731,2026-08-24,1,327,14560.0
5732,2026-07-30,1,570,6150.0
5733,2026-01-10,2,306,5080.0
5734,2026-07-02,2,205,1800.0
5735,2026-04-02,2,482,5285.0
5736,2026-01-02,3,18,4100.0
5737,2026-03-11,1,212,7700.0
5738,2026-03-05,1,364,2100.0
5739,2026-05-19,1,354,3600.0
5740,2026-09-14,1,177,3000.0
5741,2026-05-31,1,478,8000.0
5742,2026-06-21,2,218,1380.0
5743,2026-08-17,3,15,4200.0
5744,2026-07-02,3,273,7910.0
5745,2026-07-01,3,443,10770.0
5746,2026-09-29,1,167,8700.0
5747,2026-07-09,3,361,500.0
5748,2026-03-12,3,457,13500.0
5749,2026-09-14,2,555,3900.0
5750,2026-01-25,2,161,1340.0
5751,2026-03-14,3,367,9400.0
5752,2026-03-31,1,193,4605.0
5753,2026-09-19,1,7,2340.0
5754,2026-03-10,1,507,11370.0
5755,2026-01-19,2,218,890.0
5756,2026-09-28,2,228,2470.0
5757,2026-02-27,2,123,5100.0
5758,2026-07-01,3,468,9360.0
5759,2026-09-13,2,63,8200.0
5760,2026-07-28,2,558,3520.0
5761,2026-09-09,1,527,12345.0
5762,2026-05-19,1,185,9360.0
5763,2026-01-07,3,56,7940.0
5764,2026-07-15,2,89,1770.0
5765,2026-03-21,1,443,900.0
5766,2026-09-02,2,495,1400.0
5767,2026-07-27,1,309,4290.0
5768,2026-03-27,3,135,1800.0
5769,2026-05-07,3,129,1550.0
5770,2026-05-23,2,224,11520.0
5771,2026-06-17,1,543,450.0
5772,2026-04-14,3,454,7900.0
5773,2026-06-18,3,212,4495.0
5774,2026-01-07,1,494,15825.0
5775,2026-09-05,1,447,2476.0
5776,2026-08-07,1,427,3630.0
5777,2026-05-15,3,350,7240.0
5778,2026-07-18,1,369,2000.0
5779,2026-06-11,3,457,7345.0
5780,2026-05-14,3,327,8205.0
5781,2026-07-21,3,504,6600.0
5782,2026-07-10,3,17,5360.0
5783,2026-05-11,1,112,9000.0
5784,2026-01-09,2,581,1060.0
5785,2026-01-10,3,554,5630.0
5786,2026-03-28,2,252,5485.0
5787,2026-04-02,2,9,10100.0
5788,2026-02-15,1,191,1575.0
5789,2026-02-05,1,574,10827.5
5790,2026-04-11,3,25,2850.0
5791,2026-09-08,2,348,7200.0
5792,2026-08-08,2,383,3840.0
5793,2026-06-27,3,456,1940.0
5794,2026-01-21,2,511,7200.0
5795,2026-07-30,2,113,7800.0
5796,2026-07-10,1,419,2780.0
5797,2026-03-28,1,418,6500.0
5798,2026-06-22,2,476,11250.0
5799,2026-03-01,1,414,3200.0
5800,2026-04-25,1,201,13005.0
5801,2026-01-24,1,271,4740.0
5802,2026-08-07,2,41,5580.0
5803,2026-01-12,2,355,11590.0
5804,2026-03-08,1,99,9240.0
5805,2026-05-27,1,578,5300.0
5806,2026-04-20,1,168,320.0
5807,2026-08-24,1,391,8600.0
5808,2026-02-04,2,325,8400.0
5809,2026-09-25,2,157,600.0
5810,2026-06-10,2,396,9180.0
5811,2026-01-02,3,114,11330.0
5812,2026-02-16,1,549,7500.0
5813,2026-04-02,1,281,6100.0
5814,2026-04-25,3,232,800.0
5815,2026-06-19,1,265,3590.0
5816,2026-01-19,1,516,8375.0
5817,2026-06-21,2,553,4500.0
5818,2026-07-24,3,484,5900.0
5819,2026-07-24,3,176,8500.0
5820,2026-04-24,3,573,6900.0
5821,2026-01-07,1,174,2150.0
5822,2026-01-13,3,37,2600.0
5823,2026-08-20,2,576,6970.0
5824,2026-01-01,3,269,4695.0
5825,2026-01-05,2,90,8080.0
5826,2026-07-05,1,530,8450.0
5827,2026-03-06,1,430,5975.0
5828,2026-06-15,2,396,3800.0
5829,2026-04-03,2,163,12070.0
5830,2026-01-08,1,72,100.0
5831,2026-06-06,2,457,7675.0
5832,2026-09-17,2,458,7510.0
5833,2026-08-27,3,351,1200.0
5834,2026-03-02,2,199,9540.0
5835,2026-08-14,1,246,2935.0
5836,2026-04-19,2,172,2652.0
5837,2026-04-08,1,551,8090.0
5838,2026-01-11,1,96,6750.0
5839,2026-08-01,1,507,15000.0
5840,2026-01-07,1,412,1260.0
5841,2026-02-06,1,475,7335.0
5842,2026-05-19,1,164,8500.0
5843,2026-08-26,3,83,5575.0
5844,2026-07-30,1,533,2470.0
5845,2026-09-12,2,51,2090.0
5846,2026-06-01,2,497,17125.0
5847,2026-05-06,2,333,2500.0
5848,2026-08-26,1,248,6000.0
5849,2026-08-19,1,339,3300.0
5850,2026-03-08,2,133,7650.0
5851,2026-07-13,3,526,7870.0
5852,2026-01-30,1,490,2850.0
5853,2026-07-18,1,468,14090.0
5854,2026-08-01,1,554,1940.0
5855,2026-01-10,2,395,5600.0
5856,2026-02-09,3,148,10880.0
5857,2026-07-09,1,541,2800.0
5858,2026-06-03,2,456,7000.0
5859,2026-01-21,1,581,9460.0
5860,2026-07-02,1,107,2940.0
5861,2026-09-26,3,278,3535.0
5862,2026-09-24,1,156,6200.0
5863,2026-06-17,3,412,2200.0
5864,2026-02-19,3,289,5850.0
5865,2026-02-27,3,42,7690.0
5866,2026-08-28,1,122,485.0
5867,2026-04-11,1,324,6840.0
5868,2026-08-14,2,144,6590.0
5869,2026-01-07,3,507,6000.0
5870,2026-04-12,3,185,5990.0
5871,2026-01-23,1,36,3852.0
5872,2026-01-20,1,249,4500.0
5873,2026-02-05,3,402,10400.0
5874,2026-05-27,1,461,5000.0
5875,2026-01-10,3,570,4090.0
5876,2026-05-01,3,23,9075.0
5877,2026-05-20,1,595,525.0
5878,2026-03-11,1,205,3901.0
5879,2026-02-17,2,394,5701.0
5880,2026-07-02,1,14,11745.0
5881,2026-01-28,1,358,3540.0
5882,2026-03-08,1,580,1800.0
5883,2026-08-13,2,584,9612.0
5884,2026-08-06,3,209,8027.5
5885,2026-03-27,3,565,1640.0
5886,2026-02-05,2,575,3020.0
5887,2026-07-20,2,138,8300.0
5888,2026-07-26,3,314,6560.0
5889,2026-05-29,2,338,6870.0
5890,2026-07-25,3,587,4000.0
5891,2026-01-07,1,530,1580.0
5892,2026-04-24,1,423,9400.0
5893,2026-04-21,2,565,690.0
5894,2026-02-14,3,367,1600.0
5895,2026-04-02,1,284,3550.0
5896,2026-08-04,1,428,3300.0
5897,2026-01-08,3,402,4800.0
5898,2026-02-11,2,23,2500.0
5899,2026-04-22,1,216,5080.0
5900,2026-04-01,2,590,2470.0
5901,2026-09-13,1,441,4848.0
5902,2026-04-10,2,338,8635.0
5903,2026-03-01,2,123,8400.0
5904,2026-04-01,1,136,1800.0
5905,2026-04-02,2,550,4505.0
5906,2026-04-03,1,325,6400.0
5907,2026-05-11,3,145,2165.0
5908,2026-02-25,1,206,2774.0
5909,2026-06-21,3,27,2070.0
5910,2026-03-14,2,571,2700.0
5911,2026-09-15,3,407,5300.0
5912,2026-03-06,1,152,2230.0
5913,2026-08-27,3,273,5300.0
5914,2026-09-25,1,175,14700.0
5915,2026-03-03,1,12,2100.0
5916,2026-09-05,2,431,150.0
5917,2026-08-09,3,234,2740.0
5918,2026-09-07,2,149,8480.0
5919,2026-04-25,3,256,6300.0
5920,2026-09-29,1,144,2885.0
5921,2026-05-23,2,330,17200.0
5922,2026-05-04,2,24,1450.0
5923,2026-02-08,2,50,4900.0
5924,2026-03-22,3,109,4150.0
5925,2026-04-06,3,11,4540.0
5926,2026-01-17,1,110,13760.0
5927,2026-03-29,2,562,17450.0
5928,2026-02-23,1,562,2125.0
5929,2026-03-21,2,412,6800.0
5930,2026-02-25,2,253,4272.0
5931,2026-04-11,2,271,1500.0
5932,2026-01-04,3,14,5150.0
5933,2026-09-19,3,226,2040.0
5934,2026-09-27,3,533,4185.0
5935,2026-09-10,1,460,5350.0
5936,2026-01-20,1,54,3510.0
5937,2026-01-06,1,345,3540.0
5938,2026-04-24,2,364,4800.0
5939,2026-01-02,3,59,1445.0
5940,2026-09-09,3,271,6160.0
5941,2026-05-14,2,120,5700.0
5942,2026-03-25,2,480,2850.0
5943,2026-05-03,1,428,6516.0
5944,2026-06-08,1,554,1200.0
5945,2026-04-28,1,58,4635.0
5946,2026-08-22,1,376,4500.0
5947,2026-06-16,1,224,10990.0
5948,2026-02-26,3,296,5150.0
5949,2026-07-22,1,270,2640.0
5950,2026-06-25,3,202,5860.0
5951,2026-04-04,1,50,6520.0
5952,2026-01-14,3,584,7000.0
5953,2026-02-11,1,84,7767.5
5954,2026-03-12,1,119,3200.0
5955,2026-05-12,3,13,1440.0
5956,2026-01-04,3,101,7540.0
5957,2026-06-15,3,324,850.0
5958,2026-01-07,3,482,10270.0
5959,2026-05-06,1,174,560.0
5960,2026-08-03,2,174,8250.0
5961,2026-04-27,1,485,4180.0
5962,2026-09-21,2,491,5980.0
5963,2026-06-28,3,522,7500.0
5964,2026-06-08,1,330,1100.0
5965,2026-06-22,1,358,13050.0
5966,2026-08-14,3,115,4426.0
5967,2026-08-27,2,194,6490.0
5968,2026-05-11,1,160,4740.0
5969,2026-04-15,2,433,3000.0
5970,2026-06-25,1,275,5850.0
5971,2026-03-16,1,80,5200.0
5972,2026-09-23,2,361,6050.0
5973,2026-06-30,3,465,9235.0
5974,2026-04-11,2,1,12170.0
5975,2026-07-30,2,523,800.0
5976,2026-09-13,3,390,10100.0
5977,2026-02-27,1,296,8500.0
5978,2026-02-01,2,399,12725.0
5979,2026-03-07,3,311,8940.0
5980,2026-08-31,1,278,4000.0
5981,2026-04-25,3,114,1800.0
5982,2026-03-08,2,359,5310.0
5983,2026-05-04,2,174,8780.0
5984,2026-03-08,3,538,4200.0
5985,2026-08-08,1,166,8800.0
5986,2026-03-23,1,466,2135.0
5987,2026-02-11,2,555,9120.0
5988,2026-09-03,1,248,5490.0
5989,2026-05-25,1,23,2640.0
5990,2026-02-28,1,358,7050.0
5991,2026-03-05,3,235,11400.0
5992,2026-05-17,2,564,450.0
5993,2026-06-02,1,47,7605.0
5994,2026-08-31,1,367,7605.0
5995,2026-01-24,3,213,2800.0
5996,2026-03-20,2,330,3000.0
5997,2026-06-22,1,519,5080.0
5998,2026-06-20,1,541,940.0
5999,2026-04-30,1,28,1700.0
6000,2026-03-20,1,20,6235.0
6001,2026-03-22,3,6,3000.0
6002,2026-08-17,1,354,8700.0
6003,2026-06-15,1,329,5455.0
6004,2026-01-11,3,414,7200.0
6005,2026-01-28,2,132,8925.0
6006,2026-03-30,2,170,4900.0
6007,2026-02-04,2,512,2900.0
6008,2026-02-14,2,62,3850.0
6009,2026-03-11,1,119,850.0
6010,2026-03-05,1,412,1950.0
6011,2026-01-06,2,255,4911.0
6012,2026-07-18,1,406,8945.0
6013,2026-04-13,2,173,6300.0
6014,2026-08-05,3,18,1825.0
6015,2026-07-06,3,267,3400.0
6016,2026-01-18,3,123,8120.0
6017,2026-09-09,1,93,8500.0
6018,2026-05-26,2,84,1750.0
6019,2026-04-05,2,434,5335.0
6020,2026-04-10,3,18,2410.0
6021,2026-02-09,1,20,3800.0
6022,2026-03-23,2,283,1400.0
6023,2026-07-13,3,218,10625.0
6024,2026-03-31,2,254,7400.0
6025,2026-01-17,1,283,15240.0
6026,2026-07-22,1,284,4000.0
6027,2026-08-23,1,26,2600.0
6028,2026-08-28,1,238,8657.0
6029,2026-05-18,1,371,200.0
6030,2026-07-26,3,256,3940.0
6031,2026-02-05,2,334,2000.0
6032,2026-04-29,1,196,10516.0
6033,2026-09-21,3,116,11610.0
6034,2026-08-17,3,557,5400.0
6035,2026-03-31,1,359,3895.0
6036,2026-07-31,3,414,3400.0
6037,2026-08-01,2,292,1470.0
6038,2026-06-18,1,280,400.0
6039,2026-06-22,3,23,4800.0
6040,2026-02-18,2,520,7385.0
6041,2026-04-30,1,31,4320.0
6042,2026-03-26,2,146,4560.0
6043,2026-09-09,2,107,1700.0
6044,2026-01-21,1,376,5000.0
6045,2026-02-20,3,29,8080.0
6046,2026-05-07,3,496,1200.0
6047,2026-05-11,3,588,665.0
6048,2026-07-03,1,440,17180.0
6049,2026-01-05,1,136,200.0
6050,2026-08-05,2,457,2900.0
6051,2026-05-07,1,223,3776.0
6052,2026-09-28,1,164,7960.0
6053,2026-05-23,2,39,4050.0
6054,2026-04-20,3,495,5730.0
6055,2026-07-29,3,503,7320.0
6056,2026-03-09,2,482,14700.0
6057,2026-04-18,1,579,9550.0
6058,2026-03-21,1,299,675.0
6059,2026-01-04,1,210,8892.5
6060,2026-01-28,2,405,9000.0
6061,2026-07-07,2,460,9500.0
6062,2026-06-25,3,112,4600.0
6063,2026-02-20,2,513,12290.0
6064,2026-06-27,1,363,6250.0
6065,2026-04-08,3,570,11385.0
6066,2026-05-09,3,521,11225.0
6067,2026-08-29,3,100,4780.0
6068,2026-02-09,3,25,2100.0
6069,2026-07-31,3,356,6010.0
6070,2026-06-22,3,120,1875.0
6071,2026-03-20,1,554,4095.0
6072,2026-07-21,3,460,5440.0
6073,2026-02-06,1,73,2895.0
6074,2026-01-27,2,270,5300.0
6075,2026-08-03,2,551,3000.0
6076,2026-05-14,3,452,5340.0
6077,2026-07-25,1,190,12200.0
6078,2026-05-13,2,467,690.0
6079,2026-03-17,2,481,3000.0
6080,2026-09-06,3,262,6120.0
6081,2026-07-13,1,463,8352.0
6082,2026-07-28,2,303,1300.0
6083,2026-02-10,1,155,670.0
6084,2026-01-01,2,170,5640.0
6085,2026-01-21,1,207,2840.0
6086,2026-03-31,2,534,9660.0
6087,2026-07-10,1,339,2050.0
6088,2026-06-01,2,42,3300.0
6089,2026-01-08,3,169,11900.0
6090,2026-05-31,3,321,3800.0
6091,2026-03-01,3,236,4780.0
6092,2026-03-24,2,549,7740.0
6093,2026-02-03,2,550,2480.0
6094,2026-02-18,3,222,2600.0
6095,2026-02-21,1,377,1285.0
6096,2026-09-15,1,393,1600.0
6097,2026-09-24,3,345,5150.0
6098,2026-06-28,1,193,1500.0
6099,2026-09-22,2,29,13820.0
6100,2026-06-11,3,412,4900.0
6101,2026-03-21,1,444,10365.0
6102,2026-07-28,3,549,1500.0
6103,2026-05-20,3,159,6900.0
6104,2026-03-11,3,515,6280.0
6105,2026-03-18,2,282,5640.0
6106,2026-01-12,3,116,740.0
6107,2026-02-24,1,597,1540.0
6108,2026-08-27,1,181,11900.0
6109,2026-05-10,1,382,4050.0
6110,2026-01-18,1,145,5135.0
6111,2026-05-08,1,113,5605.0
6112,2026-07-16,2,440,1975.0
6113,2026-04-16,1,481,1540.0
6114,2026-08-20,1,265,3500.0
6115,2026-08-23,2,392,7125.0
6116,2026-08-22,3,481,12190.0
6117,2026-04-15,2,533,7000.0
6118,2026-05-23,1,524,7575.0
6119,2026-03-03,1,359,600.0
6120,2026-07-13,1,378,5130.0
6121,2026-08-12,3,392,5052.0
6122,2026-02-27,3,187,2350.0
6123,2026-03-27,1,88,2550.0
6124,2026-06-07,2,167,2070.0
6125,2026-09-09,1,551,150.0
6126,2026-02-08,1,56,2040.0
6127,2026-09-10,1,161,6500.0
6128,2026-03-24,1,231,9040.0
6129,2026-07-04,1,485,5800.0
6130,2026-05-25,1,173,1045.0
6131,2026-01-11,3,599,4000.0
6132,2026-05-28,1,221,11360.0
6133,2026-06-29,3,22,8400.0
6134,2026-04-18,2,68,8960.0
6135,2026-04-27,2,13,1480.0
6136,2026-06-26,3,298,7470.0
6137,2026-07-10,1,504,3660.0
6138,2026-08-02,1,39,1350.0
6139,2026-07-12,2,264,5726.0
6140,2026-08-19,1,564,300.0
6141,2026-08-05,2,182,4145.0
6142,2026-09-13,2,510,4080.0
6143,2026-09-20,1,177,2525.0
6144,2026-08-08,2,394,1250.0
6145,2026-07-28,3,473,460.0
6146,2026-05-29,2,170,6740.0
6147,2026-08-16,1,291,2500.0
6148,2026-03-26,1,480,3610.0
6149,2026-09-25,1,374,2400.0
6150,2026-07-18,1,399,3260.0
6151,2026-09-25,3,333,7800.0
6152,2026-06-25,3,559,6795.0
6153,2026-08-26,2,14,2340.0
6154,2026-07-19,2,274,4505.0
6155,2026-07-10,1,554,6435.0
6156,2026-07-17,2,327,3400.0
6157,2026-06-20,3,138,8540.0
6158,2026-07-07,3,154,3850.0
6159,2026-08-17,3,309,3655.0
6160,2026-02-25,1,469,2260.0
6161,2026-05-14,3,134,4300.0
6162,2026-04-11,1,564,10320.0
6163,2026-04-01,3,372,5100.0
6164,2026-04-24,2,51,3490.0
6165,2026-08-15,3,115,5190.0
6166,2026-07-20,1,42,4250.0
6167,2026-04-14,1,72,2480.0
6168,2026-07-07,2,369,4600.0
6169,2026-05-25,1,184,650.0
6170,2026-05-06,1,259,4840.0
6171,2026-07-30,3,474,3860.0
6172,2026-08-27,2,520,1950.0
6173,2026-07-03,1,357,5180.0
6174,2026-04-09,2,217,2500.0
6175,2026-06-17,1,481,5820.0
6176,2026-08-16,2,388,11875.0
6177,2026-09-21,2,289,3600.0
6178,2026-09-22,1,538,3800.0
6179,2026-01-26,2,37,2190.0
6180,2026-04-27,2,6,11300.0
6181,2026-08-31,2,297,2100.0
6182,2026-02-02,2,521,4700.0
6183,2026-04-25,2,188,160.0
6184,2026-07-02,1,364,2600.0
6185,2026-08-31,3,545,4200.0
6186,2026-09-20,2,486,3115.0
6187,2026-08-15,3,337,2390.0
6188,2026-06-23,2,220,2680.0
6189,2026-09-21,1,537,5280.0
6190,2026-07-20,2,69,2800.0
6191,2026-03-23,1,375,450.0
6192,2026-08-29,2,395,1950.0
6193,2026-06-17,3,583,4490.0
6194,2026-05-23,1,384,8950.0
6195,2026-08-03,2,129,1500.0
6196,2026-03-24,2,154,11685.0
6197,2026-08-05,2,150,6785.0
6198,2026-04-08,2,407,12850.0
6199,2026-07-22,2,118,9600.0
6200,2026-04-11,1,256,3300.0
6201,2026-07-06,2,556,3000.0
6202,2026-01-09,3,154,6060.0
6203,2026-07-10,2,583,2700.0
6204,2026-07-14,2,574,3330.0
6205,2026-07-19,1,406,9450.0
6206,2026-05-12,2,457,8100.0
6207,2026-09-03,2,198,10900.0
6208,2026-02-13,3,596,200.0
6209,2026-06-03,3,388,4100.0
6210,2026-01-27,3,7,6300.0
6211,2026-04-07,2,321,1160.0
6212,2026-01-08,2,32,6800.0
6213,2026-08-05,1,259,500.0
6214,2026-02-09,3,439,7220.0
6215,2026-05-06,1,457,6000.0
6216,2026-05-26,2,101,240.0
6217,2026-08-13,1,193,2010.0
6218,2026-03-28,3,132,1140.0
6219,2026-01-29,2,560,400.0
6220,2026-04-29,2,394,9500.0
6221,2026-06-24,3,129,3690.0
6222,2026-07-20,2,454,11428.0
6223,2026-07-02,1,2,6100.0
6224,2026-04-30,3,341,12825.0
6225,2026-08-23,1,115,3840.0
6226,2026-06-10,3,577,6600.0
6227,2026-08-30,1,321,3750.0
6228,2026-06-20,2,391,1975.0
6229,2026-06-09,1,228,6830.0
6230,2026-05-02,3,116,3600.0
6231,2026-01-14,2,317,4500.0
6232,2026-01-08,1,429,300.0
6233,2026-02-26,3,346,9000.0
6234,2026-01-15,2,116,3463.0
6235,2026-06-20,1,82,5000.0
6236,2026-02-09,2,43,300.0
6237,2026-01-28,3,286,1600.0
6238,2026-04-26,2,47,8900.0
6239,2026-02-17,3,510,6900.0
6240,2026-04-17,1,181,7400.0
6241,2026-08-31,1,567,4950.0
6242,2026-05-22,3,131,9900.0
6243,2026-03-22,3,110,4600.0
6244,2026-07-14,2,533,5402.0
6245,2026-02-20,3,226,8255.0
6246,2026-07-22,1,584,600.0
6247,2026-03-14,1,356,2540.0
6248,2026-05-21,2,388,3690.0
6249,2026-05-28,3,228,9170.0
6250,2026-09-28,1,75,600.0
6251,2026-09-24,2,450,7300.0
6252,2026-08-28,2,587,3600.0
6253,2026-02-28,2,85,4220.0
6254,2026-08-23,1,530,10590.0
6255,2026-07-17,1,31,500.0
6256,2026-05-06,1,373,6280.0
6257,2026-04-12,1,533,2372.0
6258,2026-05-30,3,45,2500.0
6259,2026-08-23,2,360,3800.0
6260,2026-09-28,1,182,5620.0
6261,2026-04-02,2,402,3950.0
6262,2026-03-06,1,532,6000.0
6263,2026-02-12,3,79,625.0
6264,2026-03-25,3,309,400.0
6265,2026-07-24,2,503,5400.0
6266,2026-09-07,2,597,3225.0
6267,2026-04-22,2,398,2885.0
6268,2026-04-28,1,169,7375.0
6269,2026-06-28,3,405,9800.0
6270,2026-05-27,3,504,2900.0
6271,2026-06-28,2,323,3900.0
6272,2026-03-28,2,372,310.0
6273,2026-05-17,2,101,10725.0
6274,2026-09-05,2,475,1500.0
6275,2026-08-18,1,357,8860.0
6276,2026-01-15,1,486,10120.0
6277,2026-01-14,2,474,8400.0
6278,2026-01-02,1,553,4810.0
6279,2026-06-09,3,58,1000.0
6280,2026-01-19,2,149,7840.0
6281,2026-03-21,3,92,600.0
6282,2026-04-01,1,557,10300.0
6283,2026-06-24,3,520,6330.0
6284,2026-03-21,3,305,4068.0
6285,2026-04-13,1,42,255.0
6286,2026-01-24,1,94,2640.0
6287,2026-07-04,2,158,7000.0
6288,2026-06-03,3,7,9310.0
6289,2026-09-02,1,149,5100.0
6290,2026-07-06,1,188,9170.0
6291,2026-09-30,1,386,3440.0
6292,2026-04-01,1,154,2640.0
6293,2026-03-23,1,588,6700.0
6294,2026-05-01,1,249,2070.0
6295,2026-04-21,1,416,12050.0
6296,2026-01-30,2,207,200.0
6297,2026-07-01,1,6,280.0
6298,2026-04-06,1,33,5150.0
6299,2026-04-15,2,40,4800.0
6300,2026-09-29,1,51,3240.0
6301,2026-09-24,2,483,500.0
6302,2026-07-23,2,155,6200.0
6303,2026-06-27,1,277,2350.0
6304,2026-04-05,2,505,5525.0
6305,2026-01-10,3,245,1300.0
6306,2026-04-21,1,118,8550.0
6307,2026-05-27,2,435,1240.0
6308,2026-01-25,2,446,770.0
6309,2026-09-14,3,425,4395.0
6310,2026-02-18,2,597,2900.0
6311,2026-02-12,3,345,6065.0
6312,2026-02-11,2,592,1800.0
6313,2026-09-29,2,183,450.0
6314,2026-01-26,2,145,4500.0
6315,2026-09-04,3,409,3670.0
6316,2026-06-30,3,550,2476.0
6317,2026-01-05,2,397,7930.0
6318,2026-04-24,1,135,5535.0
6319,2026-06-25,1,586,5045.0
6320,2026-08-03,2,73,14230.0
6321,2026-07-06,1,476,7227.5
6322,2026-05-17,1,133,3600.0
6323,2026-02-26,3,109,1540.0
6324,2026-01-03,2,267,6400.0
6325,2026-05-25,3,79,3000.0
6326,2026-07-10,2,506,3900.0
6327,2026-03-30,2,131,700.0
6328,2026-03-01,2,27,7530.0
6329,2026-09-26,3,275,2722.5
6330,2026-03-26,2,129,2185.0
6331,2026-07-19,3,60,5660.0
6332,2026-08-01,2,533,1200.0
6333,2026-03-26,3,504,7425.0
6334,2026-09-30,3,177,10680.0
6335,2026-07-14,2,197,2900.0
6336,2026-05-06,2,235,2280.0
6337,2026-01-16,2,240,4900.0
6338,2026-01-01,1,533,8242.5
6339,2026-06-10,1,244,4800.0
6340,2026-02-16,3,540,1198.0
6341,2026-05-01,1,205,3298.0
6342,2026-09-09,1,158,7350.0
6343,2026-05-05,2,228,80.0
6344,2026-02-07,3,39,3035.0
6345,2026-02-25,2,529,7045.0
6346,2026-03-12,3,260,6900.0
6347,2026-03-20,3,35,18030.0
6348,2026-07-17,1,378,2440.0
6349,2026-02-04,3,290,3800.0
6350,2026-08-26,2,116,7200.0
6351,2026-05-07,1,83,14945.0
6352,2026-03-02,1,386,16425.0
6353,2026-05-18,1,49,6300.0
6354,2026-03-13,3,128,12125.0
6355,2026-01-25,2,103,2100.0
6356,2026-09-04,2,473,6250.0
6357,2026-05-03,1,531,5160.0
6358,2026-05-14,2,486,2700.0
6359,2026-09-07,2,210,405.0
6360,2026-03-28,3,401,10000.0
6361,2026-06-19,3,156,475.0
6362,2026-03-18,2,420,7805.0
6363,2026-06-17,3,332,2466.0
6364,2026-06-23,1,478,1900.0
6365,2026-01-17,3,335,10035.0
6366,2026-03-17,2,168,5190.0
6367,2026-07-06,3,416,2190.0
6368,2026-09-06,3,431,8500.0
6369,2026-09-29,3,569,13605.0
6370,2026-02-13,2,6,1800.0
6371,2026-05-24,1,451,3200.0
6372,2026-06-18,2,185,2080.0
6373,2026-08-24,3,360,4710.0
6374,2026-05-01,3,152,2157.5
6375,2026-01-17,2,232,3690.0
6376,2026-07-26,3,172,4650.0
6377,2026-09-09,2,33,1485.0
6378,2026-08-17,3,361,7500.0
6379,2026-04-07,1,1,900.0
6380,2026-08-16,1,468,5910.0
6381,2026-09-19,3,303,7700.0
6382,2026-09-12,1,395,1100.0
6383,2026-09-22,3,215,10205.0
6384,2026-06-26,1,292,3970.0
6385,2026-07-14,1,474,500.0
6386,2026-05-20,3,197,3300.0
6387,2026-08-22,2,367,2485.0
6388,2026-03-06,2,5,10825.0
6389,2026-01-20,3,275,2150.0
6390,2026-09-05,1,319,3875.0
6391,2026-06-25,3,195,6600.0
6392,2026-02-04,3,278,11800.0
6393,2026-07-27,2,24,1745.0
6394,2026-03-25,3,382,7802.0
6395,2026-09-03,3,212,1400.0
6396,2026-09-22,1,242,5600.0
6397,2026-08-07,2,474,7940.0
6398,2026-03-03,2,242,15060.0
6399,2026-01-14,2,110,3600.0
6400,2026-03-09,2,332,2300.0
6401,2026-08-09,1,222,4400.0
6402,2026-05-28,1,309,3940.0
6403,2026-02-02,2,287,8840.0
6404,2026-05-25,3,527,5925.0
6405,2026-09-24,3,255,1400.0
6406,2026-06-06,2,484,7120.0
6407,2026-04-16,3,91,6060.0
6408,2026-04-11,2,448,10926.0
6409,2026-01-18,1,158,4900.0
6410,2026-02-25,1,493,7140.0
6411,2026-01-16,2,570,11300.0
6412,2026-03-26,2,352,3152.0
6413,2026-07-30,1,350,5625.0
6414,2026-04-15,3,200,4330.0
6415,2026-02-02,3,154,2855.0
6416,2026-06-04,1,359,8100.0
6417,2026-04-04,3,262,9700.0
6418,2026-01-31,1,427,4610.0
6419,2026-05-27,3,44,200.0
6420,2026-07-07,2,570,4285.0
6421,2026-01-13,3,247,2260.0
6422,2026-08-02,1,354,8700.0
6423,2026-01-27,1,167,9840.0
6424,2026-08-20,1,45,2600.0
6425,2026-06-18,1,524,6552.0
6426,2026-09-22,2,173,4100.0
6427,2026-09-12,2,524,9065.0
6428,2026-02-21,3,18,2050.0
6429,2026-09-08,2,369,5405.0
6430,2026-02-01,2,252,5400.0
6431,2026-07-28,2,133,4100.0
6432,2026-02-06,1,466,1500.0
6433,2026-06-08,3,580,8725.0
6434,2026-08-06,1,231,2852.0
6435,2026-03-31,2,321,3250.0
6436,2026-01-22,3,194,2450.0
6437,2026-02-03,2,486,8450.0
6438,2026-05-02,3,446,16817.5
6439,2026-06-02,3,373,540.0
6440,2026-06-04,2,517,4180.0
6441,2026-01-13,1,184,11600.0
6442,2026-03-20,1,342,9100.0
6443,2026-08-21,1,64,3300.0
6444,2026-07-23,2,435,4800.0
6445,2026-02-13,3,151,1045.0
6446,2026-09-23,3,295,4000.0
6447,2026-04-13,2,414,5000.0
6448,2026-07-09,2,558,3000.0
6449,2026-06-08,1,317,7755.0
6450,2026-08-17,3,393,600.0
6451,2026-02-15,1,97,5200.0
6452,2026-03-07,3,141,2880.0
6453,2026-05-02,3,46,5850.0
6454,2026-08-27,2,110,5500.0
6455,2026-03-30,3,474,9100.0
6456,2026-05-11,1,162,5142.0
6457,2026-06-03,1,36,14700.0
6458,2026-06-13,1,18,6100.0
6459,2026-09-30,1,107,160.0
6460,2026-07-29,1,361,3600.0
6461,2026-07-21,2,91,5400.0
6462,2026-01-18,1,579,9450.0
6463,2026-04-09,2,16,5960.0
6464,2026-05-21,2,124,2850.0
6465,2026-09-08,1,288,4200.0
6466,2026-03-31,3,233,8400.0
6467,2026-05-08,2,537,700.0
6468,2026-06-23,2,220,15005.0
6469,2026-06-05,3,177,3025.0
6470,2026-03-25,1,426,5540.0
6471,2026-02-03,2,550,11900.0
6472,2026-02-21,1,529,1900.0
6473,2026-02-22,1,482,900.0
6474,2026-04-25,3,60,1500.0
6475,2026-02-16,1,182,4430.0
6476,2026-01-14,1,511,100.0
6477,2026-06-17,3,384,11815.0
6478,2026-04-16,1,209,9025.0
6479,2026-04-26,1,503,7140.0
6480,2026-02-10,3,287,8785.0
6481,2026-04-10,1,130,5490.0
6482,2026-02-22,1,139,1800.0
6483,2026-06-22,3,37,9395.0
6484,2026-09-15,1,187,6730.0
6485,2026-05-19,2,201,7435.0
6486,2026-02-09,3,450,7900.0
6487,2026-08-01,2,349,3055.0
6488,2026-03-29,1,180,5505.0
6489,2026-03-04,2,535,6950.0
6490,2026-03-21,2,310,3800.0
6491,2026-05-01,1,204,6955.0
6492,2026-06-01,2,241,8650.0
6493,2026-02-18,2,421,12490.0
6494,2026-07-22,3,132,7000.0
6495,2026-02-06,2,53,11250.0
6496,2026-03-09,1,568,2300.0
6497,2026-03-28,1,270,2700.0
6498,2026-07-15,1,311,8840.0
6499,2026-07-12,1,190,7080.0
6500,2026-09-12,3,441,6970.0
6501,2026-05-20,1,519,13100.0
6502,2026-07-18,1,61,3780.0
6503,2026-05-21,1,18,2760.0
6504,2026-08-18,3,449,4355.0
6505,2026-06-14,3,273,1600.0
6506,2026-08-12,1,287,5950.0
6507,2026-01-05,2,289,2100.0
6508,2026-07-07,2,474,4420.0
6509,2026-07-06,3,455,5200.0
6510,2026-02-15,1,28,2000.0
6511,2026-07-11,1,31,3100.0
6512,2026-08-18,3,15,1800.0
6513,2026-03-12,3,415,3990.0
6514,2026-05-25,3,584,300.0
6515,2026-02-13,3,78,1800.0
6516,2026-04-26,1,116,6030.0
6517,2026-06-22,1,569,600.0
6518,2026-04-23,1,195,7625.0
6519,2026-02-07,1,484,200.0
6520,2026-03-05,1,597,8300.0
6521,2026-08-31,1,336,3530.0
6522,2026-04-24,1,310,6175.0
6523,2026-08-02,1,239,12675.0
6524,2026-03-17,1,492,300.0
6525,2026-03-12,2,377,8950.0
6526,2026-01-16,2,239,10285.0
6527,2026-08-05,3,389,4140.0
6528,2026-03-10,3,371,4800.0
6529,2026-03-26,3,467,5100.0
6530,2026-09-28,1,69,6750.0
6531,2026-01-24,3,210,4900.0
6532,2026-08-21,3,455,3950.0
6533,2026-05-10,3,183,5100.0
6534,2026-02-16,2,424,11185.0
6535,2026-09-29,3,248,1685.0
6536,2026-09-26,2,448,200.0
6537,2026-01-31,2,285,12120.0
6538,2026-06-17,2,441,8380.0
6539,2026-07-21,3,330,5160.0
6540,2026-09-27,2,501,900.0
6541,2026-05-09,2,301,4005.0
6542,2026-01-26,3,513,7700.0
6543,2026-02-13,2,169,5870.0
6544,2026-06-30,1,460,9700.0
6545,2026-07-04,3,286,11000.0
6546,2026-01-20,1,249,3075.0
6547,2026-07-02,1,331,6100.0
6548,2026-08-09,3,261,5410.0
6549,2026-04-07,3,268,5865.0
6550,2026-05-03,2,286,2675.0
6551,2026-06-28,3,282,400.0
6552,2026-01-25,2,486,3050.0
6553,2026-01-20,2,217,800.0
6554,2026-08-17,2,261,7055.0
6555,2026-06-05,1,328,2590.0
6556,2026-03-11,2,188,3640.0
6557,2026-03-08,1,527,435.0
6558,2026-08-02,2,577,3010.0
6559,2026-07-09,1,112,200.0
6560,2026-07-08,1,398,1800.0
6561,2026-04-28,3,584,3120.0
6562,2026-09-18,3,187,2652.0
6563,2026-04-27,2,180,8430.0
6564,2026-07-15,2,162,4140.0
6565,2026-04-10,3,29,7605.0
6566,2026-05-16,1,181,3800.0
6567,2026-06-26,2,446,4040.0
6568,2026-08-17,3,492,13150.0
6569,2026-04-07,2,157,7830.0
6570,2026-01-13,3,329,4750.0
6571,2026-09-30,3,346,4480.0
6572,2026-06-26,3,540,5590.0
6573,2026-03-13,1,58,2100.0
6574,2026-06-30,1,560,2200.0
6575,2026-08-16,2,58,4150.0
6576,2026-09-27,1,539,1940.0
6577,2026-07-02,2,447,10905.0
6578,2026-02-20,1,347,800.0
6579,2026-08-15,1,567,8500.0
6580,2026-04-24,3,492,8700.0
6581,2026-09-12,1,351,8800.0
6582,2026-06-11,3,398,4500.0
6583,2026-08-29,1,308,2600.0
6584,2026-07-15,1,388,4100.0
6585,2026-08-30,3,31,766.0
6586,2026-08-22,3,597,6060.0
6587,2026-06-02,2,511,1342.5
6588,2026-08-25,1,127,11125.0
6589,2026-04-18,2,104,500.0
6590,2026-09-26,2,218,10105.0
6591,2026-08-09,2,108,9790.0
6592,2026-06-01,1,304,9120.0
6593,2026-08-21,1,264,2600.0
6594,2026-08-06,3,500,4335.0
6595,2026-06-12,1,149,3050.0
6596,2026-07-09,2,407,7175.0
6597,2026-05-01,1,352,9875.0
6598,2026-09-08,1,277,8450.0
6599,2026-03-18,2,290,2080.0
6600,2026-09-15,1,535,4900.0
6601,2026-06-30,1,370,9720.0
6602,2026-08-10,1,235,3560.0
6603,2026-07-27,1,369,6500.0
6604,2026-04-02,2,145,5200.0
6605,2026-07-06,1,484,8070.0
6606,2026-02-26,3,173,8290.0
6607,2026-02-22,3,302,6600.0
6608,2026-01-10,1,181,3240.0
6609,2026-08-27,1,335,1970.0
6610,2026-02-07,3,195,4190.0
6611,2026-07-02,2,411,7800.0
6612,2026-03-13,2,240,9300.0
6613,2026-03-25,2,378,1400.0
6614,2026-03-15,3,140,6700.0
6615,2026-03-30,1,219,1300.0
6616,2026-04-30,3,258,6600.0
6617,2026-08-18,3,252,4800.0
6618,2026-09-20,1,10,10620.0
6619,2026-02-18,3,420,5500.0
6620,2026-09-21,3,260,5176.0
6621,2026-04-22,1,510,590.0
6622,2026-05-13,1,319,9250.0
6623,2026-03-10,2,102,4800.0
6624,2026-07-08,1,466,11075.0
6625,2026-02-11,3,281,16430.0
6626,2026-08-23,1,262,16940.0
6627,2026-07-09,1,454,3000.0
6628,2026-04-19,1,69,4200.0
6629,2026-09-11,1,115,6300.0
6630,2026-02-03,3,314,500.0
6631,2026-06-29,1,44,10600.0
6632,2026-08-18,3,461,5900.0
6633,2026-05-26,1,551,4796.0
6634,2026-04-16,2,542,4250.0
6635,2026-02-01,2,194,2850.0
6636,2026-01-21,3,86,13650.0
6637,2026-04-18,3,161,4800.0
6638,2026-05-30,2,485,5400.0
6639,2026-02-16,3,345,9700.0
6640,2026-01-27,2,442,360.0
6641,2026-08-25,1,543,1280.0
6642,2026-08-07,1,121,4200.0
6643,2026-08-10,2,114,7500.0
6644,2026-08-05,1,401,600.0
6645,2026-05-26,1,478,6810.0
6646,2026-09-08,3,284,7965.0
6647,2026-04-27,1,385,4980.0
6648,2026-09-25,1,304,4135.0
6649,2026-08-28,1,428,7800.0
6650,2026-02-28,2,235,12525.0
6651,2026-07-08,1,350,5900.0
6652,2026-01-27,3,158,1500.0
6653,2026-05-04,1,5,4260.0
6654,2026-01-02,2,568,2160.0
6655,2026-03-02,1,581,2000.0
6656,2026-08-16,2,370,5540.0
6657,2026-02-08,1,571,2200.0
6658,2026-05-12,1,172,3000.0
6659,2026-01-07,2,524,7350.0
6660,2026-07-12,1,216,2200.0
6661,2026-01-13,1,260,5200.0
6662,2026-03-22,3,197,11415.0
6663,2026-04-03,2,335,1100.0
6664,2026-02-28,3,137,2045.0
6665,2026-09-01,1,538,1800.0
6666,2026-03-27,2,38,7200.0
6667,2026-01-22,1,387,3460.0
6668,2026-04-19,1,130,4900.0
6669,2026-01-15,3,281,6300.0
6670,2026-02-08,2,283,1760.0
6671,2026-09-06,3,531,5400.0
6672,2026-08-03,2,136,3600.0
6673,2026-03-22,2,459,8325.0
6674,2026-01-04,3,51,8700.0
6675,2026-06-29,1,344,9730.0
6676,2026-05-11,2,67,5550.0
6677,2026-09-20,3,249,5210.0
6678,2026-07-16,1,100,6300.0
6679,2026-08-22,2,186,5450.0
6680,2026-06-12,1,265,7865.0
6681,2026-02-13,1,489,5300.0
6682,2026-06-21,1,172,5100.0
6683,2026-02-18,3,583,7200.0
6684,2026-06-18,1,414,1750.0
6685,2026-07-15,1,562,9510.0
6686,2026-02-08,3,115,4500.0
6687,2026-06-04,2,313,11560.0
6688,2026-06-12,1,294,600.0
6689,2026-03-26,1,222,1260.0
6690,2026-01-01,1,275,590.0
6691,2026-06-20,2,446,5065.0
6692,2026-06-20,3,248,628.0
6693,2026-06-06,1,284,7140.0
6694,2026-06-25,1,102,2700.0
6695,2026-08-15,1,86,2400.0
6696,2026-08-26,1,49,1200.0
6697,2026-06-29,1,535,21900.0
6698,2026-03-14,3,216,5770.0
6699,2026-08-22,1,343,1050.0
6700,2026-04-18,1,152,4425.0
6701,2026-04-02,1,365,2480.0
6702,2026-01-24,2,90,8750.0
6703,2026-08-18,2,335,9060.0
6704,2026-03-13,3,102,8635.0
6705,2026-05-08,1,5,1800.0
6706,2026-03-04,1,307,4200.0
6707,2026-08-10,3,568,9585.0
6708,2026-07-09,1,191,5350.0
6709,2026-02-25,3,195,6800.0
6710,2026-08-15,1,406,2925.0
6711,2026-02-19,3,353,5700.0
6712,2026-06-13,1,600,4635.0
6713,2026-01-21,3,45,2880.0
6714,2026-09-12,1,229,2895.0
6715,2026-04-22,1,562,10200.0
6716,2026-01-01,2,236,3600.0
6717,2026-07-16,3,153,6090.0
6718,2026-08-15,3,245,400.0
6719,2026-03-21,2,40,4110.0
6720,2026-08-15,1,202,6900.0
6721,2026-07-25,2,342,11925.0
6722,2026-01-05,2,569,3100.0
6723,2026-04-22,3,342,10950.0
6724,2026-04-05,3,96,347.0
6725,2026-05-02,1,99,6340.0
6726,2026-02-19,3,75,2100.0
6727,2026-03-06,2,259,3370.0
6728,2026-03-20,2,163,3540.0
6729,2026-03-23,1,101,320.0
6730,2026-07-29,2,433,7350.0
6731,2026-01-14,2,389,2240.0
6732,2026-02-07,3,597,8400.0
6733,2026-09-16,1,378,6690.0
6734,2026-06-16,1,459,9665.0
6735,2026-02-22,1,283,3900.0
6736,2026-08-13,2,280,450.0
6737,2026-05-08,2,485,6200.0
6738,2026-08-19,3,562,2940.0
6739,2026-03-09,3,412,2470.0
6740,2026-01-04,3,577,6790.0
6741,2026-08-31,2,579,7650.0
6742,2026-08-30,3,141,6000.0
6743,2026-08-11,1,204,3400.0
6744,2026-08-05,1,548,7930.0
6745,2026-05-13,3,155,2700.0
6746,2026-01-10,3,403,2900.0
6747,2026-03-02,2,549,5620.0
6748,2026-03-27,1,546,6135.0
6749,2026-05-14,1,430,2800.0
6750,2026-05-01,2,560,9035.0
6751,2026-03-04,2,287,4200.0
6752,2026-09-15,2,42,1100.0
6753,2026-05-09,3,520,6060.0
6754,2026-01-24,2,591,4650.0
6755,2026-03-17,1,477,2950.0
6756,2026-05-14,1,559,2980.0
6757,2026-07-17,3,403,4770.0
6758,2026-04-19,1,523,1650.0
6759,2026-01-28,3,263,2195.0
6760,2026-07-18,1,526,3600.0
6761,2026-03-09,1,426,5455.0
6762,2026-03-30,1,209,8000.0
6763,2026-08-08,1,579,750.0
6764,2026-03-05,3,478,6200.0
6765,2026-06-27,3,497,981.0
6766,2026-08-02,2,98,6920.0
6767,2026-05-12,3,150,2000.0
6768,2026-09-14,3,553,4260.0
6769,2026-05-28,1,590,200.0
6770,2026-09-11,1,278,6340.0
6771,2026-07-09,2,193,14775.0
6772,2026-08-07,2,71,10800.0
6773,2026-02-20,3,344,4500.0
6774,2026-04-10,2,156,6505.0
6775,2026-05-04,1,162,8910.0
6776,2026-02-26,2,536,1000.0
6777,2026-06-29,3,592,5700.0
6778,2026-07-02,3,153,4100.0
6779,2026-06-13,1,164,2500.0
6780,2026-06-15,1,192,6250.0
6781,2026-05-10,2,244,3800.0
6782,2026-03-04,3,64,1050.0
6783,2026-08-11,1,320,8405.0
6784,2026-04-20,3,284,3200.0
6785,2026-01-27,1,433,4755.0
6786,2026-06-26,1,226,10980.0
6787,2026-04-16,3,308,3776.0
6788,2026-08-06,1,388,4500.0
6789,2026-05-13,2,587,8340.0
6790,2026-05-30,3,381,4500.0
6791,2026-06-09,3,508,3125.0
6792,2026-08-23,2,195,10265.0
6793,2026-05-11,2,221,12150.0
6794,2026-05-02,3,391,5700.0
6795,2026-03-27,3,142,4857.0
6796,2026-08-01,3,71,580.0
6797,2026-01-10,3,556,9050.0
6798,2026-06-13,3,271,5790.0
6799,2026-06-13,3,138,3600.0
6800,2026-06-30,1,144,11400.0
6801,2026-04-14,2,59,6260.0
6802,2026-03-14,3,593,3969.0
6803,2026-02-19,1,355,3540.0
6804,2026-09-17,2,396,400.0
6805,2026-06-23,1,387,1300.0
6806,2026-07-13,2,514,8140.0
6807,2026-09-18,3,261,3865.0
6808,2026-03-01,2,130,8850.0
6809,2026-05-01,1,236,11850.0
6810,2026-01-06,2,22,8080.0
6811,2026-09-12,2,254,2940.0
6812,2026-09-02,2,44,2400.0
6813,2026-05-15,2,578,925.0
6814,2026-06-21,1,257,8400.0
6815,2026-02-20,1,595,8920.0
6816,2026-04-27,3,258,1350.0
6817,2026-05-19,1,353,742.5
6818,2026-07-11,1,493,6780.0
6819,2026-01-31,3,418,6985.0
6820,2026-06-15,3,276,8400.0
6821,2026-08-07,2,591,7440.0
6822,2026-05-26,1,360,3400.0
6823,2026-02-20,3,457,3600.0
6824,2026-06-08,1,392,4000.0
6825,2026-03-14,1,119,11575.0
6826,2026-01-15,2,373,1760.0
6827,2026-03-18,3,493,4660.0
6828,2026-08-02,1,18,5100.0
6829,2026-03-08,2,147,1390.0
6830,2026-05-20,1,102,3600.0
6831,2026-05-15,2,107,5770.0
6832,2026-03-29,2,176,14045.0
6833,2026-07-08,2,39,6680.0
6834,2026-02-15,3,66,10170.0
6835,2026-08-05,2,125,4390.0
6836,2026-08-13,3,86,1350.0
6837,2026-02-07,3,470,9665.0
6838,2026-03-10,3,67,3860.0
6839,2026-03-04,1,474,6000.0
6840,2026-02-27,1,356,7800.0
6841,2026-09-12,1,462,6835.0
6842,2026-08-30,2,313,1115.0
6843,2026-01-11,1,201,9825.0
6844,2026-06-28,2,428,5740.0
6845,2026-03-10,2,427,360.0
6846,2026-06-09,3,305,2345.0
6847,2026-06-22,3,308,3740.0
6848,2026-08-22,1,426,7000.0
6849,2026-03-15,3,536,1900.0
6850,2026-06-15,1,264,4992.5
6851,2026-03-06,2,508,2185.0
6852,2026-08-29,1,488,1700.0
6853,2026-08-11,1,248,3900.0
6854,2026-05-06,3,305,7670.0
6855,2026-03-29,1,589,3550.0
6856,2026-07-02,1,86,2600.0
6857,2026-04-28,3,114,3750.0
6858,2026-01-06,2,78,10000.0
6859,2026-07-14,1,258,1930.0
6860,2026-09-30,2,62,2000.0
6861,2026-09-04,3,588,6050.0
6862,2026-05-26,2,564,3152.0
6863,2026-07-23,2,355,2500.0
6864,2026-01-02,1,390,3210.0
6865,2026-08-15,1,127,2200.0
6866,2026-05-25,1,193,4380.0
6867,2026-03-01,1,395,5200.0
6868,2026-04-04,2,578,1000.0
6869,2026-03-28,2,130,7125.0
6870,2026-04-06,1,135,2245.0
6871,2026-02-06,1,556,4776.0
6872,2026-07-01,1,470,2000.0
6873,2026-07-11,1,84,3300.0
6874,2026-06-19,2,471,200.0
6875,2026-08-29,2,9,7152.0
6876,2026-04-10,3,263,2035.0
6877,2026-07-26,1,309,3400.0
6878,2026-08-18,3,566,4416.0
6879,2026-09-15,1,9,982.5
6880,2026-01-14,3,130,8975.0
6881,2026-07-30,3,388,3200.0
6882,2026-06-08,1,163,4200.0
6883,2026-08-28,2,515,2250.0
6884,2026-01-06,3,141,1900.0
6885,2026-09-20,1,543,2100.0
6886,2026-05-23,1,109,5850.0
6887,2026-03-16,1,28,6665.0
6888,2026-01-21,1,507,640.0
6889,2026-06-17,3,540,9580.0
6890,2026-03-17,3,85,3990.0
6891,2026-03-11,2,528,3620.0
6892,2026-09-25,1,17,10840.0
6893,2026-05-21,3,566,9700.0
6894,2026-07-14,1,113,6850.0
6895,2026-07-14,3,555,10300.0
6896,2026-07-16,2,299,2600.0
6897,2026-05-10,3,112,1970.0
6898,2026-03-07,3,472,600.0
6899,2026-06-05,1,181,13190.0
6900,2026-04-17,2,437,790.0
6901,2026-04-14,1,95,5600.0
6902,2026-08-09,1,33,9825.0
6903,2026-03-19,1,229,6450.0
6904,2026-07-07,1,391,100.0
6905,2026-04-28,3,123,4990.0
6906,2026-09-07,1,431,1140.0
6907,2026-09-20,3,145,5935.0
6908,2026-02-07,1,294,1145.0
6909,2026-04-28,1,564,1376.0
6910,2026-05-09,2,206,7190.0
6911,2026-09-01,2,503,3725.0
6912,2026-03-19,3,556,590.0
6913,2026-09-08,2,216,300.0
6914,2026-04-27,1,293,150.0
6915,2026-04-16,2,370,400.0
6916,2026-08-07,2,136,3250.0
6917,2026-04-12,2,482,15365.0
6918,2026-05-10,3,504,1180.0
6919,2026-06-07,1,12,6800.0
6920,2026-03-20,2,259,2200.0
6921,2026-08-10,2,222,2400.0
6922,2026-04-15,3,161,8860.0
6923,2026-03-30,1,150,5400.0
6924,2026-08-25,2,25,4000.0
6925,2026-02-22,3,495,1700.0
6926,2026-02-17,2,558,2980.0
6927,2026-07-11,2,404,12210.0
6928,2026-02-27,1,397,5726.0
6929,2026-06-14,2,55,240.0
6930,2026-06-29,3,336,7050.0
6931,2026-09-17,1,184,2400.0
6932,2026-06-19,3,357,7250.0
6933,2026-05-08,1,352,3180.0
6934,2026-06-10,3,523,17500.0
6935,2026-06-07,1,507,600.0
6936,2026-04-10,2,502,4200.0
6937,2026-07-26,1,578,3495.0
6938,2026-01-20,2,81,6600.0
6939,2026-02-17,2,331,3700.0
6940,2026-09-21,3,138,3280.0
6941,2026-05-14,2,163,1880.0
6942,2026-07-20,2,269,7235.0
6943,2026-01-06,1,109,5200.0
6944,2026-07-04,1,339,2600.0
6945,2026-01-09,2,203,400.0
6946,2026-07-27,1,495,1900.0
6947,2026-05-05,2,277,7025.0
6948,2026-03-22,1,222,11350.0
6949,2026-06-15,2,185,8220.0
6950,2026-09-28,3,58,3450.0
6951,2026-04-22,3,453,3000.0
6952,2026-08-04,1,433,3625.0
6953,2026-09-19,1,162,8440.0
6954,2026-01-31,2,356,570.0
6955,2026-04-18,1,292,3500.0
6956,2026-05-16,3,252,3455.0
6957,2026-03-22,1,194,880.0
6958,2026-03-11,3,147,430.0
6959,2026-05-12,3,208,15800.0
6960,2026-09-11,3,338,3600.0
6961,2026-09-14,2,293,6350.0
6962,2026-01-28,3,99,5340.0
6963,2026-01-22,1,415,4550.0
6964,2026-05-20,3,104,2200.0
6965,2026-09-08,2,589,2300.0
6966,2026-04-23,1,596,1800.0
6967,2026-04-28,1,330,1000.0
6968,2026-01-30,1,170,4240.0
6969,2026-03-14,2,174,7700.0
6970,2026-04-28,1,239,300.0
6971,2026-06-03,3,86,5000.0
6972,2026-06-09,2,75,4350.0
6973,2026-04-26,3,197,7740.0
6974,2026-07-31,2,108,12700.0
6975,2026-03-01,2,27,10125.0
6976,2026-08-01,3,314,1200.0
6977,2026-08-29,2,315,3345.0
6978,2026-07-22,2,49,5100.0
6979,2026-05-08,1,337,1750.0
6980,2026-05-18,2,500,5400.0
6981,2026-06-21,2,226,10690.0
6982,2026-01-27,2,381,4335.0
6983,2026-05-29,3,343,5360.0
6984,2026-04-07,1,55,1802.0
6985,2026-09-24,3,7,3450.0
6986,2026-02-24,2,446,6660.0
6987,2026-02-24,2,488,2026.0
6988,2026-02-23,2,232,1800.0
6989,2026-03-21,3,66,200.0
6990,2026-01-22,2,559,9450.0
6991,2026-06-04,1,537,9376.0
6992,2026-07-03,2,201,2470.0
6993,2026-04-17,3,366,5180.0
6994,2026-08-28,3,374,2850.0
6995,2026-04-04,3,284,300.0
6996,2026-07-13,2,389,10000.0
6997,2026-07-03,1,564,2600.0
6998,2026-08-19,2,362,7485.0
6999,2026-02-08,2,40,6670.0
7000,2026-09-02,3,192,5800.0
7001,2026-06-11,1,377,3015.0
7002,2026-02-03,2,467,3800.0
7003,2026-06-19,3,12,5461.0
7004,2026-04-29,3,53,7000.0
7005,2026-05-14,3,400,8325.0
7006,2026-09-17,1,592,3300.0
7007,2026-09-02,3,266,2040.0
7008,2026-06-21,3,474,10810.0
7009,2026-05-13,3,222,4080.0
7010,2026-03-27,3,123,7900.0
7011,2026-05-24,1,312,3590.0
7012,2026-08-06,1,3,1100.0
7013,2026-01-13,1,571,2100.0
7014,2026-05-09,3,511,10175.0
7015,2026-09-01,2,430,13035.0
7016,2026-01-24,2,24,3500.0
7017,2026-07-27,3,401,6570.0
7018,2026-02-14,1,152,2537.5
7019,2026-09-12,1,268,4340.0
7020,2026-05-21,1,496,1266.0
7021,2026-05-31,1,561,12525.0
7022,2026-06-05,1,220,9635.0
7023,2026-06-05,1,271,2775.0
7024,2026-08-26,3,266,9400.0
7025,2026-05-22,3,356,3000.0
7026,2026-06-11,3,198,1600.0
7027,2026-01-28,3,530,9200.0
7028,2026-07-14,3,444,3355.0
7029,2026-03-06,2,509,6910.0
7030,2026-06-25,3,349,7700.0
7031,2026-03-13,1,508,750.0
7032,2026-09-08,3,86,13340.0
7033,2026-02-24,3,540,3080.0
7034,2026-04-08,3,498,7675.0
7035,2026-07-08,1,8,10500.0
7036,2026-01-19,1,424,2900.0
7037,2026-06-30,1,532,600.0
7038,2026-02-03,1,585,2670.0
7039,2026-05-08,3,544,8100.0
7040,2026-07-18,3,598,8950.0
7041,2026-08-12,3,514,6700.0
7042,2026-08-24,1,595,7242.0
7043,2026-04-30,1,412,1200.0
7044,2026-04-13,1,305,475.0
7045,2026-01-20,3,174,9000.0
7046,2026-06-24,2,489,2780.0
7047,2026-08-17,3,575,13105.0
7048,2026-05-23,1,301,3840.0
7049,2026-02-12,2,127,5000.0
7050,2026-03-29,2,564,13400.0
7051,2026-07-15,1,352,4900.0
7052,2026-09-13,2,409,7200.0
7053,2026-06-16,1,544,5200.0
7054,2026-09-11,1,273,10280.0
7055,2026-02-03,2,247,8190.0
7056,2026-05-31,1,401,4300.0
7057,2026-02-04,2,424,7250.0
7058,2026-09-11,1,485,6100.0
7059,2026-09-07,1,10,1660.0
7060,2026-06-24,3,537,300.0
7061,2026-01-19,3,581,1200.0
7062,2026-08-23,2,278,2800.0
7063,2026-01-19,1,73,2360.0
7064,2026-01-19,3,331,535.0
7065,2026-03-05,2,214,2910.0
7066,2026-06-08,3,71,6740.0
7067,2026-05-03,2,49,4200.0
7068,2026-04-04,1,98,2560.0
7069,2026-09-07,2,44,6200.0
7070,2026-03-02,2,387,15100.0
7071,2026-09-11,3,54,1695.0
7072,2026-05-03,1,12,2400.0
7073,2026-04-25,2,23,4800.0
7074,2026-03-23,2,525,4500.0
7075,2026-03-18,3,326,8200.0
7076,2026-06-24,3,180,1740.0
7077,2026-09-17,1,239,2680.0
7078,2026-02-03,1,276,3000.0
7079,2026-09-02,1,292,7125.0
7080,2026-04-27,2,253,5120.0
7081,2026-02-04,2,252,13320.0
7082,2026-09-10,1,568,5110.0
7083,2026-07-29,2,314,7800.0
7084,2026-01-17,2,313,2000.0
7085,2026-05-23,3,561,570.0
7086,2026-07-10,2,357,10100.0
7087,2026-01-15,2,140,1700.0
7088,2026-06-10,1,306,14100.0
7089,2026-09-13,2,150,2610.0
7090,2026-03-05,1,169,2592.0
7091,2026-06-16,1,335,9050.0
7092,2026-04-29,3,526,3816.0
7093,2026-08-08,1,573,4500.0
7094,2026-07-09,2,55,2700.0
7095,2026-06-03,2,369,4126.0
7096,2026-02-16,1,219,855.0
7097,2026-03-07,2,481,5560.0
7098,2026-08-03,3,216,2095.0
7099,2026-02-21,3,239,8230.0
7100,2026-05-15,3,424,13500.0
7101,2026-09-26,2,500,3780.0
7102,2026-08-20,1,556,4500.0
7103,2026-09-02,1,25,4500.0
7104,2026-03-18,1,298,1200.0
7105,2026-09-17,3,256,7994.0
7106,2026-09-06,1,527,1440.0
7107,2026-06-18,1,53,6285.0
7108,2026-05-27,1,281,5350.0
7109,2026-05-30,1,76,2200.0
7110,2026-03-12,1,175,7600.0
7111,2026-07-16,2,420,5850.0
7112,2026-03-05,3,382,4575.0
7113,2026-08-23,1,237,1200.0
7114,2026-04-14,3,560,4495.0
7115,2026-07-14,1,296,9280.0
7116,2026-03-30,2,392,6090.0
7117,2026-02-06,1,113,7910.0
7118,2026-04-21,3,286,4200.0
7119,2026-04-21,1,392,1850.0
7120,2026-01-19,3,244,6300.0
7121,2026-02-05,2,558,5260.0
7122,2026-01-06,3,394,2828.0
7123,2026-09-17,1,518,11750.0
7124,2026-09-12,3,207,8797.5
7125,2026-01-22,1,175,3000.0
7126,2026-08-28,1,4,6570.0
7127,2026-04-21,2,156,4400.0
7128,2026-05-25,1,211,2900.0
7129,2026-03-31,2,509,11200.0
7130,2026-06-22,1,172,8730.0
7131,2026-06-25,3,355,1470.0
7132,2026-07-02,3,449,4140.0
7133,2026-01-20,3,121,2025.0
7134,2026-02-16,3,85,2380.0
7135,2026-06-09,3,395,14130.0
7136,2026-03-13,2,48,9669.0
7137,2026-05-26,3,533,5450.0
7138,2026-04-08,2,150,5100.0
7139,2026-06-20,1,147,1250.0
7140,2026-06-11,1,599,7320.0
7141,2026-08-02,2,69,3575.0
7142,2026-06-12,3,517,4380.0
7143,2026-05-25,2,389,1408.0
7144,2026-08-12,3,208,5860.0
7145,2026-08-22,2,161,6330.0
7146,2026-02-17,1,29,5597.5
7147,2026-08-23,2,412,1520.0
7148,2026-04-28,1,196,5400.0
7149,2026-07-21,1,257,2700.0
7150,2026-05-30,2,116,2200.0
7151,2026-07-04,1,570,5165.0
7152,2026-08-23,2,431,4035.0
7153,2026-01-03,3,27,6080.0
7154,2026-08-16,3,200,3640.0
7155,2026-01-11,2,457,1650.0
7156,2026-09-02,2,400,1300.0
7157,2026-08-31,2,428,19230.0
7158,2026-05-31,1,302,5000.0
7159,2026-05-28,2,282,6000.0
7160,2026-09-20,3,546,5200.0
7161,2026-05-29,2,464,3356.0
7162,2026-08-30,1,402,4450.0
7163,2026-07-17,1,245,816.0
7164,2026-06-29,1,391,100.0
7165,2026-07-17,1,530,6750.0
7166,2026-06-02,1,395,1540.0
7167,2026-05-25,3,205,3000.0
7168,2026-03-05,1,280,1427.5
7169,2026-08-18,1,380,1455.0
7170,2026-04-06,3,158,3280.0
7171,2026-04-19,1,452,6000.0
7172,2026-05-24,3,19,4750.0
7173,2026-05-02,3,299,4600.0
7174,2026-08-06,2,320,8890.0
7175,2026-08-19,3,188,5200.0
7176,2026-05-26,2,335,1580.0
7177,2026-01-10,2,560,927.5
7178,2026-04-22,1,590,9400.0
7179,2026-09-14,3,540,9950.0
7180,2026-03-13,2,541,860.0
7181,2026-06-29,1,277,6000.0
7182,2026-08-09,1,327,5335.0
7183,2026-08-22,2,302,8400.0
7184,2026-07-20,3,20,1573.0
7185,2026-03-31,1,368,6105.0
7186,2026-09-01,1,269,2340.0
7187,2026-05-28,1,538,5970.0
7188,2026-01-13,2,552,9300.0
7189,2026-03-30,2,196,2300.0
7190,2026-05-15,3,572,950.0
7191,2026-03-04,2,173,10190.0
7192,2026-01-27,3,175,3340.0
7193,2026-07-28,2,305,10515.0
7194,2026-07-03,3,417,450.0
7195,2026-08-27,2,96,10400.0
7196,2026-09-20,3,381,2570.0
7197,2026-05-10,3,221,627.5
7198,2026-09-25,3,8,6560.0
7199,2026-02-12,1,130,550.0
7200,2026-06-09,2,332,2670.0
7201,2026-06-07,1,260,2200.0
7202,2026-03-04,3,496,3810.0
7203,2026-01-25,3,389,4000.0
7204,2026-05-16,1,528,450.0
7205,2026-09-08,2,353,400.0
7206,2026-03-02,3,150,7370.0
7207,2026-09-04,3,204,4710.0
7208,2026-06-16,2,391,4880.0
7209,2026-03-24,3,532,2060.0
7210,2026-05-08,1,137,16225.0
7211,2026-04-02,1,594,2700.0
7212,2026-06-12,1,359,1640.0
7213,2026-01-01,2,370,2016.0
7214,2026-06-04,3,96,9225.0
7215,2026-03-26,3,361,5400.0
7216,2026-03-18,1,411,4335.0
7217,2026-09-13,1,34,6190.0
7218,2026-04-10,2,580,11785.0
7219,2026-05-25,2,68,2780.0
7220,2026-09-17,2,382,11180.0
7221,2026-04-15,1,130,3070.0
7222,2026-07-19,3,599,285.0
7223,2026-04-29,2,507,5310.0
7224,2026-03-16,3,437,4500.0
7225,2026-03-29,2,240,8960.0
7226,2026-04-02,3,252,800.0
7227,2026-05-11,1,54,2500.0
7228,2026-01-20,3,425,100.0
7229,2026-02-28,3,87,468.0
7230,2026-06-24,3,72,10065.0
7231,2026-03-24,3,262,7740.0
7232,2026-03-31,2,495,1200.0
7233,2026-07-09,3,34,4140.0
7234,2026-06-27,3,30,2295.0
7235,2026-01-08,1,18,920.0
7236,2026-07-08,2,210,1500.0
7237,2026-09-15,3,291,11500.0
7238,2026-09-09,2,495,3480.0
7239,2026-09-09,1,192,3800.0
7240,2026-08-19,2,520,9300.0
7241,2026-08-21,1,504,6450.0
7242,2026-02-26,1,162,8302.0
7243,2026-09-14,1,96,9700.0
7244,2026-03-25,1,214,8175.0
7245,2026-08-16,3,52,1060.0
7246,2026-01-27,1,517,7800.0
7247,2026-09-07,3,398,2340.0
7248,2026-06-13,3,57,1276.0
7249,2026-01-31,3,523,9786.0
7250,2026-07-19,3,116,650.0
7251,2026-06-29,1,4,6840.0
7252,2026-02-27,2,547,3660.0
7253,2026-08-24,1,272,1578.0
7254,2026-04-29,3,539,2045.0
7255,2026-05-14,2,398,5380.0
7256,2026-04-02,1,465,3350.0
7257,2026-05-29,1,124,8860.0
7258,2026-01-29,2,415,14625.0
7259,2026-07-13,2,332,770.0
7260,2026-02-28,3,36,800.0
7261,2026-08-22,2,477,1875.0
7262,2026-05-08,3,447,8000.0
7263,2026-08-22,2,21,4880.0
7264,2026-04-30,2,28,8000.0
7265,2026-09-08,1,480,1840.0
7266,2026-04-28,1,41,2800.0
7267,2026-07-12,2,16,4640.0
7268,2026-03-13,3,516,4700.0
7269,2026-01-07,3,367,7140.0
7270,2026-07-25,2,5,1820.0
7271,2026-02-09,1,281,9000.0
7272,2026-03-07,3,159,4120.0
7273,2026-04-16,1,585,1000.0
7274,2026-09-22,2,509,8500.0
7275,2026-08-15,3,40,150.0
7276,2026-06-27,3,446,1500.0
7277,2026-06-29,1,15,13100.0
7278,2026-03-09,3,50,1170.0
7279,2026-05-11,1,165,7800.0
7280,2026-06-03,3,523,5230.0
7281,2026-01-21,1,21,8640.0
7282,2026-08-31,1,164,900.0
7283,2026-05-01,1,579,600.0
7284,2026-06-18,2,572,10000.0
7285,2026-02-06,1,161,4450.0
7286,2026-09-11,3,239,440.0
7287,2026-04-12,2,202,160.0
7288,2026-09-08,3,483,4280.0
7289,2026-06-08,1,471,5450.0
7290,2026-03-19,1,253,4155.0
7291,2026-01-06,2,220,900.0
7292,2026-08-24,2,21,6300.0
7293,2026-06-11,2,410,5200.0
7294,2026-06-12,1,279,5030.0
7295,2026-01-23,1,540,4600.0
7296,2026-05-08,2,420,9160.0
7297,2026-06-22,2,381,2920.0
7298,2026-01-31,1,432,8700.0
7299,2026-09-01,3,417,7750.0
7300,2026-01-02,3,15,6070.0
7301,2026-09-28,2,250,4000.0
7302,2026-08-20,1,69,2090.0
7303,2026-07-08,2,138,2277.5
7304,2026-08-09,3,109,13905.0
7305,2026-03-05,1,348,7500.0
7306,2026-01-06,2,220,6850.0
7307,2026-05-13,1,230,5950.0
7308,2026-08-13,2,576,2040.0
7309,2026-09-03,1,34,2630.0
7310,2026-06-05,3,246,6000.0
7311,2026-06-08,1,389,4880.0
7312,2026-09-19,1,99,5520.0
7313,2026-02-14,1,495,4100.0
7314,2026-05-29,3,596,7530.0
7315,2026-06-17,2,253,2800.0
7316,2026-04-30,1,419,11425.0
7317,2026-03-16,1,387,12050.0
7318,2026-08-02,3,405,1255.0
7319,2026-01-01,1,241,8600.0
7320,2026-08-27,3,328,5935.0
7321,2026-09-22,2,298,3970.0
7322,2026-05-18,1,244,80.0
7323,2026-04-01,1,410,800.0
7324,2026-05-21,1,475,80.0
7325,2026-07-17,1,355,11280.0
7326,2026-09-01,1,152,2550.0
7327,2026-01-20,3,599,80.0
7328,2026-07-14,1,151,15040.0
7329,2026-04-05,1,369,1485.0
7330,2026-05-03,1,215,12660.0
7331,2026-01-25,2,27,3940.0
7332,2026-08-30,1,555,2785.0
7333,2026-04-19,2,371,5235.0
7334,2026-05-23,2,521,8400.0
7335,2026-02-26,2,304,1125.0
7336,2026-04-14,3,126,4740.0
7337,2026-09-04,1,417,600.0
7338,2026-07-10,1,106,4995.0
7339,2026-05-31,1,325,13200.0
7340,2026-02-04,1,491,6300.0
7341,2026-09-03,1,119,8910.0
7342,2026-05-21,1,576,5300.0
7343,2026-06-10,1,592,6090.0
7344,2026-02-26,3,179,670.0
7345,2026-08-22,1,328,9395.0
7346,2026-04-25,3,23,8795.0
7347,2026-05-06,1,367,6100.0
7348,2026-01-02,2,315,3200.0
7349,2026-09-22,3,579,1110.0
7350,2026-01-03,1,19,3480.0
7351,2026-06-28,1,300,100.0
7352,2026-02-04,3,41,9170.0
7353,2026-09-21,2,43,4350.0
7354,2026-05-09,2,47,1470.0
7355,2026-01-26,2,508,9225.0
7356,2026-06-01,2,403,6750.0
7357,2026-06-02,2,516,6440.0
7358,2026-04-03,2,297,4510.0
7359,2026-09-09,1,541,3350.0
7360,2026-09-30,1,133,12580.0
7361,2026-02-13,3,280,5915.0
7362,2026-03-15,1,80,4200.0
7363,2026-06-28,3,348,8515.0
7364,2026-06-22,1,479,5055.0
7365,2026-02-04,1,48,3185.0
7366,2026-05-11,3,343,7940.0
7367,2026-06-22,1,193,1500.0
7368,2026-04-13,1,172,6900.0
7369,2026-07-05,1,515,5290.0
7370,2026-06-21,1,293,7060.0
7371,2026-08-18,1,514,2725.0
7372,2026-09-09,1,70,4400.0
7373,2026-08-02,1,340,3655.0
7374,2026-07-12,2,407,14600.0
7375,2026-01-06,1,472,4850.0
7376,2026-06-03,2,122,2500.0
7377,2026-04-05,3,163,3700.0
7378,2026-06-30,2,255,2625.0
7379,2026-04-24,1,473,640.0
7380,2026-03-03,3,215,4750.0
7381,2026-04-19,1,89,7600.0
7382,2026-07-12,1,116,1800.0
7383,2026-06-21,2,237,5285.0
7384,2026-08-16,2,303,100.0
7385,2026-04-22,1,326,3440.0
7386,2026-02-08,3,392,3270.0
7387,2026-07-10,1,95,2580.0
7388,2026-04-25,1,60,4390.0
7389,2026-06-26,3,474,6845.0
7390,2026-08-26,2,151,4190.0
7391,2026-02-18,3,434,4320.0
7392,2026-05-09,1,285,2435.0
7393,2026-02-09,2,337,600.0
7394,2026-09-20,1,205,10570.0
7395,2026-01-06,3,120,1800.0
7396,2026-04-29,1,565,7500.0
7397,2026-03-08,2,575,2500.0
7398,2026-08-18,1,485,2900.0
7399,2026-06-30,1,299,11390.0
7400,2026-03-14,1,336,9107.0
7401,2026-04-08,1,478,10335.0
7402,2026-05-02,2,310,2028.0
7403,2026-02-04,1,384,6700.0
7404,2026-03-10,3,5,5000.0
7405,2026-04-16,2,226,1200.0
7406,2026-07-04,1,477,4500.0
7407,2026-07-03,2,176,10050.0
7408,2026-08-14,1,523,950.0
7409,2026-09-04,3,93,5580.0
7410,2026-05-07,1,118,380.0
7411,2026-01-15,3,561,7620.0
7412,2026-02-05,2,475,700.0
7413,2026-08-14,1,384,9030.0
7414,2026-02-23,3,131,1100.0
7415,2026-05-30,3,545,1700.0
7416,2026-07-14,2,409,3600.0
7417,2026-06-25,2,129,2000.0
7418,2026-01-16,1,374,3880.0
7419,2026-06-27,1,283,4100.0
7420,2026-08-18,1,181,5400.0
7421,2026-08-09,3,505,4755.0
7422,2026-05-28,3,262,9500.0
7423,2026-05-29,1,347,960.0
7424,2026-05-25,3,95,4750.0
7425,2026-06-27,2,391,12105.0
7426,2026-03-18,1,4,6850.0
7427,2026-07-20,3,56,1200.0
7428,2026-07-16,2,245,4370.0
7429,2026-06-15,1,333,7900.0
7430,2026-01-25,2,427,200.0
7431,2026-04-06,3,79,5700.0
7432,2026-02-24,1,233,11585.0
7433,2026-03-16,1,323,1500.0
7434,2026-05-04,3,196,3160.0
7435,2026-05-24,3,386,2765.0
7436,2026-07-08,2,51,5700.0
7437,2026-07-22,3,231,6900.0
7438,2026-02-05,3,539,2870.0
7439,2026-07-11,2,338,3100.0
7440,2026-09-12,3,245,6260.0
7441,2026-04-04,3,513,11600.0
7442,2026-08-28,1,570,4040.0
7443,2026-08-06,1,245,4870.0
7444,2026-04-24,3,167,10200.0
7445,2026-03-27,3,384,6290.0
7446,2026-05-01,3,556,100.0
7447,2026-08-25,2,107,5220.0
7448,2026-03-06,3,533,1500.0
7449,2026-07-06,2,263,1600.0
7450,2026-05-20,1,467,5690.0
7451,2026-07-16,1,547,700.0
7452,2026-09-16,1,60,1940.0
7453,2026-09-15,3,307,15570.0
7454,2026-07-27,1,10,2110.0
7455,2026-01-10,1,42,4300.0
7456,2026-02-11,1,134,2470.0
7457,2026-01-01,1,196,1300.0
7458,2026-09-04,2,187,4300.0
7459,2026-09-06,3,398,8140.0
7460,2026-04-09,1,20,340.0
7461,2026-02-14,1,131,517.5
7462,2026-05-31,3,267,1880.0
7463,2026-04-30,1,359,5350.0
7464,2026-08-07,1,347,200.0
7465,2026-08-20,1,387,5440.0
7466,2026-02-24,3,38,2000.0
7467,2026-07-12,1,38,2810.0
7468,2026-06-27,2,440,12000.0
7469,2026-07-01,1,551,1505.0
7470,2026-02-17,3,454,6880.0
7471,2026-02-05,1,405,6250.0
7472,2026-01-30,2,124,1197.0
7473,2026-05-24,1,6,16940.0
7474,2026-04-03,3,191,3100.0
7475,2026-04-27,2,66,8550.0
7476,2026-06-12,2,494,1900.0
7477,2026-09-17,1,65,5400.0
7478,2026-01-22,1,516,6300.0
7479,2026-08-11,1,84,15900.0
7480,2026-05-11,3,192,4800.0
7481,2026-05-19,1,480,4500.0
7482,2026-01-28,3,498,8800.0
7483,2026-02-04,3,350,9800.0
7484,2026-07-13,3,376,13920.0
7485,2026-02-05,1,153,4440.0
7486,2026-09-30,1,345,3450.0
7487,2026-03-09,2,316,2902.5
7488,2026-08-06,1,118,4500.0
7489,2026-09-11,2,448,3400.0
7490,2026-09-17,2,365,11035.0
7491,2026-06-28,2,207,8050.0
7492,2026-09-11,2,168,1850.0
7493,2026-01-31,1,344,10290.0
7494,2026-08-01,1,459,5575.0
7495,2026-03-30,2,267,420.0
7496,2026-08-26,1,302,2352.0
7497,2026-07-25,3,218,400.0
7498,2026-02-16,1,585,8700.0
7499,2026-07-13,3,257,4650.0
7500,2026-01-12,3,494,1500.0
7501,2026-05-09,3,548,3500.0
7502,2026-09-04,3,531,6440.0
7503,2026-04-17,2,49,2870.0
7504,2026-05-21,3,153,6540.0
7505,2026-01-31,1,453,9727.0
7506,2026-05-04,3,480,9700.0
7507,2026-09-07,1,440,5600.0
7508,2026-02-05,1,345,5550.0
7509,2026-08-09,1,435,9000.0
7510,2026-01-04,2,294,3050.0
7511,2026-03-18,1,301,9450.0
7512,2026-06-07,1,480,2135.0
7513,2026-01-08,3,327,2900.0
7514,2026-08-08,3,498,5250.0
7515,2026-05-05,1,54,3950.0
7516,2026-08-23,1,437,1885.0
7517,2026-08-29,2,438,12885.0
7518,2026-07-05,1,596,2040.0
7519,2026-09-13,2,261,1692.0
7520,2026-03-26,2,94,5662.0
7521,2026-04-21,1,225,200.0
7522,2026-08-01,3,176,600.0
7523,2026-07-19,3,529,3900.0
7524,2026-05-11,3,295,4908.0
7525,2026-09-09,1,63,3515.0
7526,2026-08-26,2,132,5110.0
7527,2026-05-29,3,540,1695.0
7528,2026-01-26,2,61,8820.0
7529,2026-09-27,1,47,1180.0
7530,2026-05-30,1,330,13750.0
7531,2026-02-06,1,27,2970.0
7532,2026-08-17,3,317,1350.0
7533,2026-08-21,1,165,3220.0
7534,2026-04-23,3,423,1152.0
7535,2026-07-04,2,528,9410.0
7536,2026-05-10,3,591,4200.0
7537,2026-07-05,2,291,6600.0
7538,2026-07-18,1,557,13740.0
7539,2026-01-11,1,66,2295.0
7540,2026-06-10,3,214,7480.0
7541,2026-03-05,1,468,11625.0
7542,2026-07-03,2,95,4975.0
7543,2026-06-23,1,102,1240.0
7544,2026-03-27,2,597,300.0
7545,2026-03-26,2,195,3500.0
7546,2026-02-18,3,474,3800.0
7547,2026-01-12,1,70,6200.0
7548,2026-02-26,2,330,4000.0
7549,2026-05-14,3,133,6705.0
7550,2026-04-23,3,442,8300.0
7551,2026-02-26,1,53,9050.0
7552,2026-05-29,1,109,4170.0
7553,2026-03-05,1,594,7625.0
7554,2026-07-08,2,263,7335.0
7555,2026-07-06,1,133,380.0
7556,2026-05-19,1,494,4100.0
7557,2026-09-24,3,450,2444.0
7558,2026-01-17,1,382,1680.0
7559,2026-07-13,1,514,400.0
7560,2026-01-23,1,184,7500.0
7561,2026-01-29,1,126,5680.0
7562,2026-06-14,3,277,3600.0
7563,2026-05-12,3,252,5752.0
7564,2026-05-24,3,213,10450.0
7565,2026-07-24,1,76,5985.0
7566,2026-07-09,2,42,4380.0
7567,2026-05-18,2,230,1800.0
7568,2026-05-27,2,476,1840.0
7569,2026-08-01,1,300,5800.0
7570,2026-09-16,1,492,3380.0
7571,2026-03-14,2,251,350.0
7572,2026-02-10,3,227,5560.0
7573,2026-05-13,2,364,11425.0
7574,2026-06-27,3,108,7725.0
7575,2026-07-29,2,141,840.0
7576,2026-06-19,2,127,9300.0
7577,2026-04-24,3,566,1670.0
7578,2026-03-18,3,321,4200.0
7579,2026-09-14,2,277,400.0
7580,2026-01-16,3,287,2300.0
7581,2026-08-22,3,476,8750.0
7582,2026-09-21,3,168,1790.0
7583,2026-08-27,2,129,1800.0
7584,2026-03-11,2,451,2200.0
7585,2026-05-14,3,4,1200.0
7586,2026-06-10,3,328,5700.0
7587,2026-05-01,2,124,6300.0
7588,2026-06-12,3,105,4480.0
7589,2026-07-05,1,489,21050.0
7590,2026-01-17,1,68,3400.0
7591,2026-05-31,3,175,4050.0
7592,2026-04-09,1,406,12425.0
7593,2026-02-11,1,171,2900.0
7594,2026-04-08,3,234,3920.0
7595,2026-02-23,1,463,445.0
7596,2026-01-31,3,174,80.0
7597,2026-08-31,2,361,5216.0
7598,2026-03-09,3,217,800.0
7599,2026-09-24,1,183,4240.0
7600,2026-01-02,2,320,3000.0
7601,2026-05-19,1,378,1360.0
7602,2026-07-31,1,322,6200.0
7603,2026-05-01,2,198,5680.0
7604,2026-07-29,1,95,4635.0
7605,2026-06-20,3,71,7085.0
7606,2026-07-29,2,76,5900.0
7607,2026-09-03,1,468,400.0
7608,2026-01-26,2,324,7880.0
7609,2026-07-05,1,154,530.0
7610,2026-04-02,1,339,4680.0
7611,2026-01-14,1,360,6800.0
7612,2026-09-30,1,210,3900.0
7613,2026-05-06,1,83,2800.0
7614,2026-01-14,1,393,10200.0
7615,2026-09-03,3,416,5220.0
7616,2026-06-02,2,556,5585.0
7617,2026-07-26,1,380,6930.0
7618,2026-05-28,1,543,11820.0
7619,2026-05-26,2,17,14062.5
7620,2026-04-22,2,26,11620.0
7621,2026-04-23,3,520,9400.0
7622,2026-04-14,2,55,5000.0
7623,2026-09-29,3,372,12100.0
7624,2026-04-30,1,22,8800.0
7625,2026-07-14,3,47,6160.0
7626,2026-07-08,1,426,4070.0
7627,2026-06-25,3,517,9178.0
7628,2026-08-14,2,290,670.0
7629,2026-07-31,3,397,4950.0
7630,2026-07-21,3,177,2070.0
7631,2026-08-09,1,146,8450.0
7632,2026-07-05,1,54,2375.0
7633,2026-01-30,3,503,900.0
7634,2026-04-04,3,534,12760.0
7635,2026-07-12,3,490,1000.0
7636,2026-07-20,1,350,3855.0
7637,2026-01-17,3,195,7910.0
7638,2026-04-06,3,24,3800.0
7639,2026-07-20,3,274,2700.0
7640,2026-08-10,1,338,12500.0
7641,2026-06-12,2,225,4900.0
7642,2026-05-27,3,577,840.0
7643,2026-05-08,1,519,9200.0
7644,2026-03-30,3,226,9690.0
7645,2026-05-27,2,573,5900.0
7646,2026-05-31,3,206,8700.0
7647,2026-01-08,1,440,11610.0
7648,2026-01-30,2,2,11780.0
7649,2026-04-15,3,15,1600.0
7650,2026-01-06,3,30,2445.0
7651,2026-03-25,1,268,11265.0
7652,2026-04-07,1,15,5340.0
7653,2026-08-16,1,447,14050.0
7654,2026-05-03,1,590,9190.0
7655,2026-02-11,2,577,5795.0
7656,2026-05-21,1,176,3600.0
7657,2026-01-22,2,88,6095.0
7658,2026-02-26,1,327,1980.0
7659,2026-09-15,2,203,400.0
7660,2026-09-08,1,362,3610.0
7661,2026-05-29,3,574,510.0
7662,2026-09-05,2,358,10910.0
7663,2026-08-30,2,104,9600.0
7664,2026-08-31,2,375,6800.0
7665,2026-01-17,1,48,2400.0
7666,2026-09-28,3,258,6705.0
7667,2026-08-27,1,449,4656.0
7668,2026-08-03,2,539,8715.0
7669,2026-04-12,1,5,7960.0
7670,2026-06-02,1,453,8205.0
7671,2026-01-13,2,148,8625.0
7672,2026-03-12,3,1,7550.0
7673,2026-01-16,1,228,2270.0
7674,2026-03-29,3,346,3180.0
7675,2026-01-22,3,121,3240.0
7676,2026-02-13,1,438,3150.0
7677,2026-05-31,2,163,10400.0
7678,2026-02-03,1,8,2390.0
7679,2026-01-20,1,420,1690.0
7680,2026-09-13,2,236,9340.0
7681,2026-03-12,2,387,5200.0
7682,2026-02-13,2,232,3270.0
7683,2026-03-31,1,598,2320.0
7684,2026-09-21,2,539,12000.0
7685,2026-07-03,2,451,1650.0
7686,2026-08-26,1,319,11400.0
7687,2026-07-14,1,4,3680.0
7688,2026-07-05,2,500,9760.0
7689,2026-09-22,2,121,4540.0
7690,2026-02-13,3,531,4400.0
7691,2026-04-17,2,261,4250.0
7692,2026-09-01,1,119,3370.0
7693,2026-06-16,1,390,3400.0
7694,2026-07-27,2,378,180.0
7695,2026-03-10,2,175,3900.0
7696,2026-01-27,2,358,4100.0
7697,2026-05-02,3,3,9650.0
7698,2026-05-11,1,277,2285.0
7699,2026-05-24,3,110,6720.0
7700,2026-06-22,3,175,1880.0
7701,2026-03-27,3,180,8875.0
7702,2026-09-21,2,169,4900.0
7703,2026-09-21,2,68,2050.0
7704,2026-01-02,1,63,7800.0
7705,2026-06-28,2,314,10300.0
7706,2026-06-04,2,10,2600.0
7707,2026-07-06,2,4,2500.0
7708,2026-07-27,3,52,5465.0
7709,2026-04-16,1,273,3200.0
7710,2026-04-25,2,298,4520.0
7711,2026-01-12,2,504,1400.0
7712,2026-08-02,3,27,4935.0
7713,2026-08-23,3,377,4260.0
7714,2026-03-28,3,575,6500.0
7715,2026-03-19,1,342,600.0
7716,2026-08-16,2,288,7875.0
7717,2026-01-24,1,563,3640.0
7718,2026-07-05,2,269,3970.0
7719,2026-08-29,3,144,12100.0
7720,2026-08-12,2,538,5440.0
7721,2026-04-25,3,422,10560.0
7722,2026-04-20,2,450,880.0
7723,2026-02-01,2,117,6580.0
7724,2026-07-21,1,39,9700.0
7725,2026-01-30,3,136,8700.0
7726,2026-07-26,2,60,160.0
7727,2026-07-25,1,151,1200.0
7728,2026-05-16,2,323,5827.5
7729,2026-06-15,3,521,4600.0
7730,2026-01-17,1,135,7470.0
7731,2026-04-09,2,291,8070.0
7732,2026-01-27,1,558,1200.0
7733,2026-06-10,1,468,11930.0
7734,2026-03-27,1,86,10530.0
7735,2026-04-22,3,205,4500.0
7736,2026-02-27,1,144,3790.0
7737,2026-04-22,2,479,7400.0
7738,2026-05-10,3,312,1120.0
7739,2026-06-16,1,39,6100.0
7740,2026-03-12,3,136,3465.0
7741,2026-09-20,1,297,3680.0
7742,2026-06-11,1,538,5180.0
7743,2026-05-07,3,458,1000.0
7744,2026-06-24,3,90,14280.0
7745,2026-02-24,3,467,3860.0
7746,2026-03-01,1,591,5700.0
7747,2026-09-21,3,536,10610.0
7748,2026-08-08,3,126,7800.0
7749,2026-03-12,2,171,6300.0
7750,2026-01-14,3,599,3240.0
7751,2026-06-05,2,169,3050.0
7752,2026-02-19,3,164,2985.0
7753,2026-07-08,2,393,3510.0
7754,2026-07-12,1,5,6840.0
7755,2026-09-15,3,139,5050.0
7756,2026-02-28,2,220,12600.0
7757,2026-02-13,2,342,4300.0
7758,2026-06-03,3,425,13420.0
7759,2026-03-13,2,111,4600.0
7760,2026-09-09,1,112,4010.0
7761,2026-03-27,1,12,5250.0
7762,2026-05-16,2,220,4500.0
7763,2026-05-18,1,265,3690.0
7764,2026-04-11,3,41,6850.0
7765,2026-07-14,1,303,14565.0
7766,2026-03-22,2,447,6660.0
7767,2026-07-20,1,336,8100.0
7768,2026-08-25,2,598,3635.0
7769,2026-04-07,1,543,1440.0
7770,2026-03-15,2,106,4100.0
7771,2026-07-02,1,567,8300.0
7772,2026-03-23,2,291,2595.0
7773,2026-06-13,1,487,1200.0
7774,2026-01-25,2,298,2727.5
7775,2026-04-11,2,587,1740.0
7776,2026-05-27,1,307,3600.0
7777,2026-08-09,3,148,3588.0
7778,2026-06-06,2,427,6300.0
7779,2026-09-10,1,28,4928.0
7780,2026-08-03,3,226,1500.0
7781,2026-06-08,1,269,1200.0
7782,2026-06-15,2,424,4190.0
7783,2026-03-16,3,368,1500.0
7784,2026-09-03,2,508,6228.0
7785,2026-04-24,2,428,3240.0
7786,2026-09-30,2,52,11700.0
7787,2026-05-07,1,74,4540.0
7788,2026-09-23,2,344,5700.0
7789,2026-03-14,2,186,6440.0
7790,2026-04-03,1,454,7800.0
7791,2026-04-19,1,468,1000.0
7792,2026-04-15,1,28,300.0
7793,2026-05-24,2,565,8000.0
7794,2026-08-10,1,263,5872.0
7795,2026-06-24,2,136,10470.0
7796,2026-05-21,3,422,2990.0
7797,2026-01-03,1,427,14705.0
7798,2026-06-27,2,400,2378.0
7799,2026-07-27,2,337,10560.0
7800,2026-08-26,1,489,4530.0
7801,2026-01-15,1,504,7700.0
7802,2026-05-27,2,385,13705.0
7803,2026-01-22,3,532,2200.0
7804,2026-01-11,3,408,3500.0
7805,2026-05-30,2,585,3135.0
7806,2026-08-10,1,165,150.0
7807,2026-06-10,1,475,1835.0
7808,2026-02-09,3,526,11700.0
7809,2026-02-02,1,318,3875.0
7810,2026-02-06,2,416,5500.0
7811,2026-05-11,2,98,8900.0
7812,2026-02-14,3,585,6295.0
7813,2026-02-02,1,597,5045.0
7814,2026-08-08,1,175,1090.0
7815,2026-05-25,3,347,1300.0
7816,2026-07-23,2,520,7400.0
7817,2026-03-26,3,168,400.0
7818,2026-05-31,1,75,810.0
7819,2026-01-03,3,592,6100.0
7820,2026-09-19,3,461,8850.0
7821,2026-08-14,2,161,7125.0
7822,2026-07-25,1,523,6900.0
7823,2026-05-29,2,180,8340.0
7824,2026-08-12,3,385,4280.0
7825,2026-03-08,2,225,2000.0
7826,2026-01-23,3,461,1500.0
7827,2026-03-12,2,567,7860.0
7828,2026-03-02,1,389,7310.0
7829,2026-01-29,2,24,4600.0
7830,2026-06-18,2,34,14460.0
7831,2026-09-28,2,162,672.0
7832,2026-01-02,2,462,5865.0
7833,2026-09-07,2,95,3300.0
7834,2026-09-16,2,95,16000.0
7835,2026-06-08,2,213,6455.0
7836,2026-05-03,1,324,450.0
7837,2026-05-07,2,564,3710.0
7838,2026-05-09,3,25,7900.0
7839,2026-07-30,2,195,1885.0
7840,2026-02-22,2,138,1200.0
7841,2026-08-30,1,419,4200.0
7842,2026-07-06,3,407,4800.0
7843,2026-01-20,1,532,13560.0
7844,2026-01-14,1,331,2200.0
7845,2026-06-05,1,233,7866.0
7846,2026-04-19,2,392,8700.0
7847,2026-04-06,1,232,3200.0
7848,2026-08-13,1,121,4520.0
7849,2026-05-07,3,201,8952.0
7850,2026-02-07,1,410,4600.0
7851,2026-09-01,3,289,4000.0
7852,2026-01-01,1,414,295.0
7853,2026-04-09,1,249,8275.0
7854,2026-04-01,3,471,11330.0
7855,2026-08-16,3,275,10700.0
7856,2026-08-01,3,187,17450.0
7857,2026-05-16,2,374,3665.0
7858,2026-09-30,2,499,2500.0
7859,2026-02-14,2,80,4450.0
7860,2026-06-08,2,309,2545.0
7861,2026-03-21,3,400,2080.0
7862,2026-09-16,3,429,1425.0
7863,2026-07-27,3,298,3900.0
7864,2026-03-06,3,25,1480.0
7865,2026-08-30,2,469,5130.0
7866,2026-07-26,3,492,6800.0
7867,2026-03-03,3,269,1550.0
7868,2026-05-29,3,61,8050.0
7869,2026-05-26,1,200,1000.0
7870,2026-02-05,1,380,5100.0
7871,2026-05-04,3,167,5427.5
7872,2026-01-16,1,296,2400.0
7873,2026-04-14,2,573,11840.0
7874,2026-05-30,3,529,3500.0
7875,2026-09-26,2,119,5500.0
7876,2026-09-03,1,472,7865.0
7877,2026-04-29,2,578,5250.0
7878,2026-05-24,3,398,1210.0
7879,2026-03-31,2,121,2500.0
7880,2026-05-22,2,287,8330.0
7881,2026-08-13,2,513,13950.0
7882,2026-07-15,2,488,8220.0
7883,2026-04-26,1,321,1820.0
7884,2026-01-14,2,74,5740.0
7885,2026-02-17,1,532,6680.0
7886,2026-05-06,1,485,400.0
7887,2026-09-03,1,3,6790.0
7888,2026-02-15,1,567,6300.0
7889,2026-01-31,2,347,6700.0
7890,2026-09-08,1,174,4375.0
7891,2026-02-21,3,130,7930.0
7892,2026-05-28,3,319,1360.0
7893,2026-07-11,2,580,7250.0
7894,2026-01-17,2,111,4780.0
7895,2026-08-06,1,433,4610.0
7896,2026-01-15,3,371,7435.0
7897,2026-09-02,2,361,1235.0
7898,2026-02-16,1,20,5800.0
7899,2026-02-21,1,48,7130.0
7900,2026-07-15,1,73,7900.0
7901,2026-01-10,2,42,9450.0
7902,2026-03-18,3,376,3585.0
7903,2026-05-01,1,26,2880.0
7904,2026-07-28,3,564,5400.0
7905,2026-09-21,2,36,1100.0
7906,2026-03-30,1,445,4040.0
7907,2026-01-09,1,349,3000.0
7908,2026-09-26,3,238,2865.0
7909,2026-09-23,1,50,1360.0
7910,2026-04-06,2,514,5900.0
7911,2026-07-26,2,252,4076.0
7912,2026-08-08,1,137,4580.0
7913,2026-02-05,3,31,5040.0
7914,2026-02-28,1,313,4500.0
7915,2026-06-06,2,306,7876.0
7916,2026-04-27,3,184,600.0
7917,2026-05-27,1,403,2025.0
7918,2026-02-21,2,496,3500.0
7919,2026-02-13,1,96,5765.0
7920,2026-04-18,1,47,1855.0
7921,2026-07-15,1,244,730.0
7922,2026-04-11,1,385,900.0
7923,2026-05-12,1,62,12300.0
7924,2026-07-29,1,500,5600.0
7925,2026-03-13,2,337,11160.0
7926,2026-03-01,3,18,7570.0
7927,2026-06-28,3,514,300.0
7928,2026-01-25,1,566,4700.0
7929,2026-08-22,1,65,4925.0
7930,2026-06-14,2,364,4700.0
7931,2026-04-23,3,515,2100.0
7932,2026-07-25,3,517,2775.0
7933,2026-07-30,2,56,400.0
7934,2026-01-09,2,412,9000.0
7935,2026-03-15,3,41,800.0
7936,2026-08-03,3,118,3790.0
7937,2026-02-06,2,351,4360.0
7938,2026-07-20,2,357,5600.0
7939,2026-04-15,2,379,3919.0
7940,2026-09-26,1,518,2600.0
7941,2026-01-03,1,85,7600.0
7942,2026-02-20,1,464,7100.0
7943,2026-03-09,2,284,1195.0
7944,2026-07-23,2,296,5300.0
7945,2026-06-08,3,56,11325.0
7946,2026-04-28,2,553,6728.0
7947,2026-05-04,1,41,8070.0
7948,2026-09-23,2,433,3100.0
7949,2026-06-13,1,101,2300.0
7950,2026-04-30,2,210,2800.0
7951,2026-09-15,2,372,2900.0
7952,2026-07-17,2,121,3900.0
7953,2026-08-08,3,377,3395.0
7954,2026-09-28,3,493,12360.0
7955,2026-03-12,2,460,7325.0
7956,2026-04-05,3,466,5320.0
7957,2026-08-13,1,518,14750.0
7958,2026-09-16,1,148,1600.0
7959,2026-01-24,1,353,2640.0
7960,2026-02-12,2,583,5805.0
7961,2026-05-03,2,532,900.0
7962,2026-03-02,2,15,1670.0
7963,2026-01-07,1,361,2340.0
7964,2026-09-03,2,220,2600.0
7965,2026-06-26,3,227,740.0
7966,2026-07-15,1,421,500.0
7967,2026-03-09,2,215,5870.0
7968,2026-03-19,1,381,3800.0
7969,2026-02-18,2,245,4270.0
7970,2026-01-14,1,191,5850.0
7971,2026-06-27,1,32,7740.0
7972,2026-01-05,1,286,6153.0
7973,2026-09-07,1,344,2100.0
7974,2026-06-16,1,223,80.0
7975,2026-03-01,1,327,4120.0
7976,2026-03-17,1,32,5700.0
7977,2026-08-08,3,107,4200.0
7978,2026-07-25,1,578,970.0
7979,2026-08-29,3,511,7470.0
7980,2026-04-23,1,454,4715.0
7981,2026-02-15,2,201,500.0
7982,2026-08-10,3,104,745.0
7983,2026-05-20,2,359,5800.0
7984,2026-08-25,1,413,8580.0
7985,2026-04-09,3,401,2260.0
7986,2026-06-16,3,301,10070.0
7987,2026-01-17,1,209,4210.0
7988,2026-08-18,3,400,3542.0
7989,2026-07-17,2,600,12100.0
7990,2026-07-24,3,125,10570.0
7991,2026-03-02,1,143,1380.0
7992,2026-06-06,2,452,2580.0
7993,2026-05-31,1,237,760.0
7994,2026-04-30,1,115,3000.0
7995,2026-04-21,3,357,3260.0
7996,2026-03-06,1,387,1580.0
7997,2026-08-10,2,251,2685.0
7998,2026-06-12,3,355,10610.0
7999,2026-07-18,2,453,2900.0
8000,2026-01-11,1,65,3560.0
8001,2026-06-11,2,572,7640.0
8002,2026-03-17,1,559,8795.0
8003,2026-03-04,3,94,8210.0
8004,2026-07-29,1,119,4525.0
8005,2026-09-25,1,359,1100.0
8006,2026-01-07,1,322,900.0
8007,2026-08-28,1,420,5000.0
8008,2026-08-30,3,511,13100.0
8009,2026-09-12,2,435,6300.0
8010,2026-04-15,1,300,970.0
8011,2026-02-02,2,512,6200.0
8012,2026-06-11,3,75,7370.0
8013,2026-09-11,1,109,7200.0
8014,2026-05-03,2,38,8750.0
8015,2026-02-04,2,407,5330.0
8016,2026-06-20,1,436,7500.0
8017,2026-07-17,2,17,6040.0
8018,2026-07-23,2,144,1085.0
8019,2026-05-20,1,557,2200.0
8020,2026-05-27,1,298,9000.0
8021,2026-09-26,1,248,5980.0
8022,2026-03-31,1,544,3210.0
8023,2026-05-29,3,263,7200.0
8024,2026-03-29,1,356,6900.0
8025,2026-05-12,1,41,6350.0
8026,2026-02-18,1,182,7285.0
8027,2026-08-17,3,470,2852.0
8028,2026-09-14,1,187,15705.0
8029,2026-06-22,1,508,9700.0
8030,2026-05-04,2,464,7850.0
8031,2026-06-04,1,409,3300.0
8032,2026-04-25,3,562,9800.0
8033,2026-08-18,1,109,1580.0
8034,2026-09-28,3,246,1342.5
8035,2026-07-15,2,427,4060.0
8036,2026-08-29,2,528,6800.0
8037,2026-03-31,3,466,4200.0
8038,2026-06-14,2,476,5000.0
8039,2026-04-11,1,271,2900.0
8040,2026-07-13,3,244,4140.0
8041,2026-05-01,1,351,6640.0
8042,2026-09-15,3,346,650.0
8043,2026-07-23,3,198,5960.0
8044,2026-09-12,1,297,1350.0
8045,2026-03-24,2,114,5400.0
8046,2026-06-18,3,328,1080.0
8047,2026-01-24,1,587,6600.0
8048,2026-03-16,2,289,4270.0
8049,2026-06-01,1,571,328.0
8050,2026-01-31,2,237,1975.0
8051,2026-06-23,1,556,4500.0
8052,2026-05-23,1,88,950.0
8053,2026-05-26,1,399,5200.0
8054,2026-06-08,1,243,1750.0
8055,2026-01-06,3,356,5350.0
8056,2026-03-22,1,525,2800.0
8057,2026-03-22,1,151,2345.0
8058,2026-06-17,1,162,1095.0
8059,2026-01-09,2,580,13570.0
8060,2026-07-30,2,292,2100.0
8061,2026-04-29,3,402,2180.0
8062,2026-01-17,1,529,3500.0
8063,2026-06-28,1,156,3200.0
8064,2026-04-11,3,78,2805.0
8065,2026-03-08,1,17,2250.0
8066,2026-04-27,3,214,5832.5
8067,2026-09-14,1,575,1530.0
8068,2026-02-19,3,138,7120.0
8069,2026-09-19,2,274,3100.0
8070,2026-03-24,3,96,3445.0
8071,2026-07-15,3,191,7750.0
8072,2026-09-13,3,499,9700.0
8073,2026-08-03,3,342,925.0
8074,2026-09-21,2,357,1440.0
8075,2026-05-28,1,501,11205.0
8076,2026-04-19,2,402,6740.0
8077,2026-06-30,1,57,18600.0
8078,2026-08-18,3,47,2022.0
8079,2026-05-26,3,214,5860.0
8080,2026-08-04,2,495,3762.0
8081,2026-01-12,1,366,7880.0
8082,2026-03-28,1,462,2400.0
8083,2026-09-08,2,544,2550.0
8084,2026-07-16,3,127,200.0
8085,2026-04-18,2,244,750.0
8086,2026-07-25,3,107,7980.0
8087,2026-02-19,2,512,7475.0
8088,2026-02-21,3,482,2600.0
8089,2026-01-18,2,102,80.0
8090,2026-05-05,2,80,4097.5
8091,2026-01-06,1,188,7700.0
8092,2026-05-11,1,182,7200.0
8093,2026-08-01,1,89,600.0
8094,2026-07-21,3,368,6000.0
8095,2026-02-26,2,312,5100.0
8096,2026-02-11,3,559,15200.0
8097,2026-06-20,3,560,3980.0
8098,2026-03-26,2,216,4500.0
8099,2026-06-08,2,102,14400.0
8100,2026-02-03,2,341,13470.0
8101,2026-03-26,3,247,8460.0
8102,2026-07-01,2,69,550.0
8103,2026-03-14,2,44,500.0
8104,2026-03-04,3,188,7726.0
8105,2026-06-08,2,435,3670.0
8106,2026-06-18,1,225,7490.0
8107,2026-02-24,2,414,3360.0
8108,2026-06-14,1,219,6650.0
8109,2026-02-20,3,456,2152.5
8110,2026-05-08,2,560,940.0
8111,2026-05-23,2,185,13600.0
8112,2026-08-30,2,339,1500.0
8113,2026-01-23,2,461,8555.0
8114,2026-06-13,1,8,3150.0
8115,2026-06-04,1,157,1700.0
8116,2026-07-28,3,503,6625.0
8117,2026-06-30,3,23,200.0
8118,2026-04-03,1,127,11050.0
8119,2026-06-13,1,548,2545.0
8120,2026-07-29,1,2,3680.0
8121,2026-06-24,1,435,9290.0
8122,2026-07-31,1,4,310.0
8123,2026-03-10,3,14,380.0
8124,2026-04-06,1,471,5670.0
8125,2026-06-23,2,74,3250.0
8126,2026-04-19,2,321,16280.0
8127,2026-08-23,3,297,5500.0
8128,2026-05-12,2,44,6080.0
8129,2026-06-16,3,509,3435.0
8130,2026-06-27,1,299,3950.0
8131,2026-03-20,2,503,4500.0
8132,2026-03-28,1,315,7700.0
8133,2026-07-12,2,211,10045.0
8134,2026-02-18,2,535,1585.0
8135,2026-06-25,3,313,4732.5
8136,2026-07-27,2,74,7970.0
8137,2026-04-09,1,301,2790.0
8138,2026-08-17,3,221,10400.0
8139,2026-06-08,3,260,3020.0
8140,2026-06-24,1,512,10850.0
8141,2026-02-04,2,228,9200.0
8142,2026-06-15,1,264,5270.0
8143,2026-04-01,3,346,900.0
8144,2026-07-29,1,220,8535.0
8145,2026-08-30,1,454,10500.0
8146,2026-09-15,2,502,2600.0
8147,2026-03-18,2,279,2580.0
8148,2026-09-06,1,80,8840.0
8149,2026-04-09,1,534,2672.0
8150,2026-01-18,2,148,4140.0
8151,2026-05-03,3,325,5550.0
8152,2026-03-01,1,22,780.0
8153,2026-04-28,2,421,2400.0
8154,2026-02-15,1,384,2600.0
8155,2026-01-21,1,368,7170.0
8156,2026-03-12,1,591,6575.0
8157,2026-01-24,1,136,1200.0
8158,2026-04-27,1,375,8900.0
8159,2026-06-17,1,340,5600.0
8160,2026-04-12,1,381,3705.0
8161,2026-06-26,3,217,5200.0
8162,2026-01-24,3,349,7500.0
8163,2026-05-16,2,488,200.0
8164,2026-07-02,1,366,2520.0
8165,2026-05-10,1,391,4275.0
8166,2026-05-31,2,480,5560.0
8167,2026-01-10,3,445,7580.0
8168,2026-06-23,3,295,4460.0
8169,2026-06-11,1,229,2395.0
8170,2026-07-21,3,387,5300.0
8171,2026-02-26,1,105,6300.0
8172,2026-06-18,2,534,4810.0
8173,2026-07-13,2,245,16300.0
8174,2026-01-13,1,260,4750.0
8175,2026-09-21,2,574,3351.0
8176,2026-03-26,2,523,1942.5
8177,2026-07-21,2,579,7684.5
8178,2026-01-02,1,572,1200.0
8179,2026-09-03,3,549,13700.0
8180,2026-01-12,2,286,8400.0
8181,2026-03-31,1,511,7120.0
8182,2026-02-13,2,562,6300.0
8183,2026-07-12,2,110,2640.0
8184,2026-05-05,1,76,4170.0
8185,2026-08-18,3,421,4670.0
8186,2026-08-19,3,111,805.0
8187,2026-07-18,1,144,7695.0
8188,2026-02-02,3,349,5080.0
8189,2026-01-31,2,417,10790.0
8190,2026-05-25,1,146,2345.0
8191,2026-06-21,3,268,5000.0
8192,2026-01-28,3,394,1950.0
8193,2026-04-05,2,562,10455.0
8194,2026-01-16,2,448,19860.0
8195,2026-09-02,2,283,5100.0
8196,2026-07-20,1,329,2000.0
8197,2026-05-09,2,66,600.0
8198,2026-08-15,3,344,6500.0
8199,2026-04-13,2,403,3420.0
8200,2026-02-20,2,208,3700.0
8201,2026-07-19,1,264,9426.0
8202,2026-02-17,3,324,5570.0
8203,2026-03-30,1,597,6400.0
8204,2026-07-04,2,308,5697.5
8205,2026-04-20,1,171,1450.0
8206,2026-08-15,1,183,95.0
8207,2026-02-08,2,488,3135.0
8208,2026-06-25,2,483,2280.0
8209,2026-02-28,1,246,2460.0
8210,2026-09-09,1,67,5475.0
8211,2026-03-07,2,583,16300.0
8212,2026-05-25,2,143,760.0
8213,2026-05-12,2,156,6200.0
8214,2026-06-03,3,431,5378.0
8215,2026-03-22,3,132,350.0
8216,2026-01-19,3,58,9975.0
8217,2026-05-03,3,68,9000.0
8218,2026-03-02,3,531,8600.0
8219,2026-07-19,3,289,2600.0
8220,2026-02-06,3,5,4300.0
8221,2026-05-19,3,247,1500.0
8222,2026-05-30,1,83,900.0
8223,2026-02-17,1,365,7250.0
8224,2026-05-20,2,275,4400.0
8225,2026-04-08,1,264,3085.0
8226,2026-09-14,2,34,5400.0
8227,2026-02-15,3,535,5660.0
8228,2026-08-13,1,402,10100.0
8229,2026-02-14,3,159,900.0
8230,2026-07-16,3,508,2980.0
8231,2026-06-19,1,314,400.0
8232,2026-09-17,3,224,4200.0
8233,2026-06-08,3,194,6900.0
8234,2026-04-09,1,118,4300.0
8235,2026-01-01,2,83,1950.0
8236,2026-09-16,2,114,10100.0
8237,2026-03-11,1,231,1360.0
8238,2026-08-27,1,307,1710.0
8239,2026-06-20,2,339,940.0
8240,2026-09-17,1,580,1200.0
8241,2026-07-19,1,401,3800.0
8242,2026-09-18,3,260,500.0
8243,2026-02-28,2,100,10250.0
8244,2026-02-08,2,177,1500.0
8245,2026-09-27,1,151,11300.0
8246,2026-09-10,1,28,900.0
8247,2026-04-16,3,514,4380.0
8248,2026-07-15,1,92,2900.0
8249,2026-08-17,2,298,2950.0
8250,2026-02-03,1,252,2400.0
8251,2026-07-21,2,306,2610.0
8252,2026-08-19,3,456,4102.0
8253,2026-02-27,2,93,3400.0
8254,2026-01-15,2,220,2170.0
8255,2026-08-24,1,10,3540.0
8256,2026-08-11,2,108,1000.0
8257,2026-08-05,2,529,6750.0
8258,2026-07-19,1,489,9035.0
8259,2026-04-23,3,465,7890.0
8260,2026-01-24,1,71,5400.0
8261,2026-08-17,1,75,5105.0
8262,2026-04-28,3,23,8950.0
8263,2026-02-14,1,157,2440.0
8264,2026-09-22,1,222,8340.0
8265,2026-02-19,3,392,5500.0
8266,2026-07-05,2,348,300.0
8267,2026-02-03,2,290,6666.0
8268,2026-04-24,2,171,2400.0
8269,2026-01-07,3,323,4275.0
8270,2026-04-11,2,87,3100.0
8271,2026-06-09,1,129,11460.0
8272,2026-06-02,2,565,7812.0
8273,2026-06-11,3,34,2550.0
8274,2026-08-22,1,595,1400.0
8275,2026-08-16,2,112,3760.0
8276,2026-09-14,1,218,1350.0
8277,2026-01-01,3,400,4970.0
8278,2026-07-22,3,398,6600.0
8279,2026-07-28,2,293,3662.0
8280,2026-03-11,2,54,3690.0
8281,2026-02-03,3,453,1800.0
8282,2026-03-29,1,311,6000.0
8283,2026-07-27,1,497,880.0
8284,2026-01-07,1,494,11350.0
8285,2026-07-22,1,238,530.0
8286,2026-08-13,1,50,2100.0
8287,2026-06-19,3,65,1800.0
8288,2026-03-23,2,438,7500.0
8289,2026-09-25,3,83,5790.0
8290,2026-04-25,2,376,12500.0
8291,2026-02-13,1,457,1335.0
8292,2026-09-16,1,215,300.0
8293,2026-03-22,3,418,4297.0
8294,2026-02-23,3,416,4070.0
8295,2026-05-23,2,57,7550.0
8296,2026-06-12,1,233,6080.0
8297,2026-02-08,3,370,1500.0
8298,2026-09-13,1,250,4200.0
8299,2026-02-28,3,405,3000.0
8300,2026-02-12,3,37,4628.0
8301,2026-06-26,1,100,12900.0
8302,2026-05-08,1,565,7200.0
8303,2026-03-15,2,539,10050.0
8304,2026-02-15,3,91,2700.0
8305,2026-07-15,1,156,2870.0
8306,2026-07-07,1,29,3100.0
8307,2026-02-13,1,526,4700.0
8308,2026-05-30,2,319,6245.0
8309,2026-08-03,1,91,16855.0
8310,2026-07-09,2,507,3650.0
8311,2026-07-19,3,528,4000.0
8312,2026-09-26,1,547,2425.0
8313,2026-03-17,2,167,9300.0
8314,2026-06-23,1,149,1460.0
8315,2026-08-11,1,465,8850.0
8316,2026-02-13,2,331,10780.0
8317,2026-04-17,1,175,900.0
8318,2026-01-02,3,550,3800.0
8319,2026-09-27,1,564,3750.0
8320,2026-03-15,2,357,10425.0
8321,2026-09-14,2,150,7290.0
8322,2026-03-20,3,125,4300.0
8323,2026-09-23,2,472,3050.0
8324,2026-09-20,3,76,3900.0
8325,2026-05-04,3,395,200.0
8326,2026-04-26,3,562,8150.0
8327,2026-09-10,2,96,1835.0
8328,2026-06-28,1,151,2580.0
8329,2026-01-29,1,171,9850.0
8330,2026-03-13,1,53,4840.0
8331,2026-04-06,2,115,12200.0
8332,2026-04-03,2,24,1485.0
8333,2026-09-29,3,147,3300.0
8334,2026-01-06,3,185,4740.0
8335,2026-02-17,3,483,5800.0
8336,2026-05-16,3,73,5200.0
8337,2026-04-14,1,459,1100.0
8338,2026-01-05,1,81,900.0
8339,2026-05-10,1,597,4500.0
8340,2026-03-26,3,107,8800.0
8341,2026-09-23,1,199,4275.0
8342,2026-09-14,1,100,6785.0
8343,2026-01-05,1,408,5000.0
8344,2026-04-08,2,73,3890.0
8345,2026-05-11,3,539,7711.0
8346,2026-07-30,1,24,150.0
8347,2026-05-04,1,84,10995.0
8348,2026-03-01,1,65,4910.0
8349,2026-02-10,1,155,9400.0
8350,2026-01-25,1,94,5005.0
8351,2026-07-07,1,600,4390.0
8352,2026-03-14,2,81,300.0
8353,2026-06-02,2,209,4100.0
8354,2026-06-23,3,411,1235.0
8355,2026-03-06,3,507,2785.0
8356,2026-02-12,2,219,2200.0
8357,2026-01-28,1,220,16710.0
8358,2026-09-11,3,316,1800.0
8359,2026-05-29,2,388,4290.0
8360,2026-03-11,2,195,3485.0
8361,2026-03-08,2,272,9970.0
8362,2026-02-03,1,500,5972.0
8363,2026-09-11,1,83,8025.0
8364,2026-01-29,3,537,8700.0
8365,2026-02-05,2,448,7700.0
8366,2026-03-18,1,59,9900.0
8367,2026-07-26,2,320,2040.0
8368,2026-07-30,1,91,7340.0
8369,2026-02-21,1,441,3700.0
8370,2026-04-15,2,170,1950.0
8371,2026-03-08,3,420,4050.0
8372,2026-02-25,2,545,8722.0
8373,2026-05-28,2,435,400.0
8374,2026-09-18,2,181,8000.0
8375,2026-03-31,3,180,7225.0
8376,2026-03-23,2,49,760.0
8377,2026-09-19,2,522,15300.0
8378,2026-07-28,3,133,3600.0
8379,2026-02-08,2,159,11235.0
8380,2026-02-10,3,235,8560.0
8381,2026-05-30,1,237,1385.0
8382,2026-06-21,3,24,2235.0
8383,2026-01-27,2,378,3600.0
8384,2026-04-05,2,20,3310.0
8385,2026-04-27,1,32,2270.0
8386,2026-06-06,3,374,2210.0
8387,2026-05-27,1,397,8100.0
8388,2026-01-14,2,454,2320.0
8389,2026-08-27,1,334,3995.0
8390,2026-06-13,1,124,2630.0
8391,2026-08-14,1,375,2100.0
8392,2026-07-30,2,100,1855.0
8393,2026-06-10,3,99,2235.0
8394,2026-06-22,2,557,427.5
8395,2026-02-06,3,317,1340.0
8396,2026-08-21,1,505,2100.0
8397,2026-07-05,1,226,5350.0
8398,2026-05-23,1,500,2600.0
8399,2026-09-06,1,245,6000.0
8400,2026-08-30,2,412,152.0
8401,2026-09-12,1,138,4650.0
8402,2026-09-01,1,168,3825.0
8403,2026-04-12,2,576,5400.0
8404,2026-08-25,2,229,5005.0
8405,2026-05-13,3,317,1000.0
8406,2026-08-22,3,35,2760.0
8407,2026-04-21,2,374,15800.0
8408,2026-05-03,3,537,2040.0
8409,2026-06-07,1,271,2650.0
8410,2026-03-10,3,262,11530.0
8411,2026-07-23,1,199,4690.0
8412,2026-03-28,2,501,10020.0
8413,2026-08-06,2,553,2300.0
8414,2026-01-29,2,49,520.0
8415,2026-06-08,2,299,4380.0
8416,2026-07-10,2,37,2670.0
8417,2026-01-03,2,255,745.0
8418,2026-03-04,1,493,11400.0
8419,2026-07-12,1,154,6290.0
8420,2026-02-11,1,67,7940.0
8421,2026-06-04,2,49,7600.0
8422,2026-07-08,3,215,10651.0
8423,2026-07-15,3,255,5560.0
8424,2026-04-20,3,147,4400.0
8425,2026-08-27,2,15,540.0
8426,2026-03-09,1,288,3745.0
8427,2026-05-21,1,2,6302.5
8428,2026-06-13,3,292,4800.0
8429,2026-03-14,1,281,6370.0
8430,2026-03-24,1,424,5000.0
8431,2026-06-27,1,92,3200.0
8432,2026-04-08,1,352,3900.0
8433,2026-03-31,3,28,2600.0
8434,2026-04-15,3,246,6480.0
8435,2026-07-08,1,198,990.0
8436,2026-09-30,1,125,4732.5
8437,2026-07-02,2,376,12200.0
8438,2026-03-10,2,288,7900.0
8439,2026-05-19,3,421,9236.0
8440,2026-07-04,3,330,4040.0
8441,2026-02-23,1,57,2500.0
8442,2026-08-16,2,107,1550.0
8443,2026-07-26,2,134,3165.0
8444,2026-09-07,2,106,12000.0
8445,2026-01-16,2,265,3380.0
8446,2026-07-19,1,355,4580.0
8447,2026-06-28,2,374,4410.0
8448,2026-04-03,2,497,2950.0
8449,2026-08-20,3,209,4425.0
8450,2026-04-01,2,179,11200.0
8451,2026-03-28,2,8,9820.0
8452,2026-06-19,3,259,1425.0
8453,2026-05-03,3,369,7290.0
8454,2026-04-26,1,295,4400.0
8455,2026-05-11,2,273,4452.0
8456,2026-06-20,1,185,1016.0
8457,2026-09-09,3,3,3670.0
8458,2026-04-13,1,449,7528.0
8459,2026-05-28,2,255,5580.0
8460,2026-01-09,1,492,4676.0
8461,2026-02-08,1,250,14780.0
8462,2026-08-14,1,449,7660.0
8463,2026-05-26,3,117,500.0
8464,2026-04-13,3,225,2380.0
8465,2026-02-22,1,526,1300.0
8466,2026-04-19,2,334,240.0
8467,2026-01-26,2,20,585.0
8468,2026-06-19,2,171,8800.0
8469,2026-03-08,1,596,515.0
8470,2026-01-25,2,548,3100.0
8471,2026-04-15,1,299,800.0
8472,2026-07-28,2,600,550.0
8473,2026-03-20,2,429,12025.0
8474,2026-06-27,1,372,7930.0
8475,2026-08-17,1,368,7225.0
8476,2026-01-31,2,334,5700.0
8477,2026-03-14,3,414,300.0
8478,2026-02-07,1,215,4550.0
8479,2026-07-14,1,174,3820.0
8480,2026-05-18,2,590,2990.0
8481,2026-04-14,3,195,1050.0
8482,2026-08-17,1,129,3670.0
8483,2026-07-19,2,514,4810.0
8484,2026-04-24,3,473,2770.0
8485,2026-06-03,1,278,7270.0
8486,2026-07-09,1,215,5535.0
8487,2026-07-11,3,367,5855.0
8488,2026-03-16,3,501,5722.0
8489,2026-06-24,3,412,5900.0
8490,2026-05-19,1,275,1500.0
8491,2026-06-24,2,119,4740.0
8492,2026-07-20,2,565,3900.0
8493,2026-09-27,2,406,2310.0
8494,2026-07-14,1,190,6585.0
8495,2026-02-18,1,81,1950.0
8496,2026-01-10,1,178,8775.0
8497,2026-05-13,2,2,2280.0
8498,2026-04-12,3,287,855.0
8499,2026-07-21,2,183,5226.0
8500,2026-07-13,2,241,8300.0
8501,2026-01-16,3,562,5100.0
8502,2026-07-11,1,544,3176.0
8503,2026-07-11,3,548,5135.0
8504,2026-04-16,1,277,2980.0
8505,2026-08-06,2,2,900.0
8506,2026-07-14,2,259,6770.0
8507,2026-05-11,2,281,4240.0
8508,2026-05-05,2,70,4900.0
8509,2026-06-09,1,202,6105.0
8510,2026-08-17,2,514,3240.0
8511,2026-07-14,3,140,3000.0
8512,2026-09-05,3,321,5565.0
8513,2026-05-13,1,391,4420.0
8514,2026-01-21,3,133,5750.0
8515,2026-01-02,1,295,9200.0
8516,2026-05-30,3,220,1380.0
8517,2026-08-15,1,221,4780.0
8518,2026-05-24,2,293,5400.0
8519,2026-03-21,3,531,3200.0
8520,2026-07-17,2,590,2170.0
8521,2026-04-10,3,249,6510.0
8522,2026-02-17,1,174,3000.0
8523,2026-09-27,1,108,7800.0
8524,2026-03-20,2,434,1500.0
8525,2026-08-12,3,214,7980.0
8526,2026-09-18,1,448,4740.0
8527,2026-05-21,2,369,8130.0
8528,2026-02-22,3,328,6815.0
8529,2026-01-18,3,366,6000.0
8530,2026-03-22,1,244,4707.5
8531,2026-07-14,2,97,10505.0
8532,2026-08-15,2,425,19300.0
8533,2026-04-29,3,177,4410.0
8534,2026-06-22,2,310,1980.0
8535,2026-01-31,2,14,3200.0
8536,2026-08-14,1,159,3460.0
8537,2026-08-03,1,250,3180.0
8538,2026-01-07,2,223,2940.0
8539,2026-06-26,2,69,3890.0
8540,2026-08-25,1,24,4805.0
8541,2026-01-22,1,352,5800.0
8542,2026-09-29,1,51,11640.0
8543,2026-05-08,1,431,4400.0
8544,2026-09-29,2,291,6380.0
8545,2026-06-26,3,100,1050.0
8546,2026-05-24,3,161,8735.0
8547,2026-08-22,1,70,2100.0
8548,2026-08-09,1,138,5400.0
8549,2026-01-16,2,406,6420.0
8550,2026-07-29,3,24,11360.0
8551,2026-02-12,2,425,3280.0
8552,2026-02-20,2,153,690.0
8553,2026-09-21,2,600,2370.0
8554,2026-09-23,2,519,3100.0
8555,2026-07-25,1,270,8800.0
8556,2026-02-02,3,559,9310.0
8557,2026-09-10,1,504,4055.0
8558,2026-01-25,1,185,6300.0
8559,2026-07-15,1,34,2880.0
8560,2026-01-10,2,445,902.5
8561,2026-03-13,1,51,11680.0
8562,2026-03-01,1,546,6300.0
8563,2026-07-20,1,212,4860.0
8564,2026-06-05,2,180,300.0
8565,2026-04-05,2,485,2030.0
8566,2026-09-26,3,7,1000.0
8567,2026-03-18,1,439,5352.0
8568,2026-01-16,3,529,5275.0
8569,2026-07-17,3,278,17685.0
8570,2026-09-13,3,334,15600.0
8571,2026-09-30,3,213,300.0
8572,2026-05-26,1,375,4880.0
8573,2026-08-09,2,500,4350.0
8574,2026-06-19,3,231,1600.0
8575,2026-07-02,3,141,12120.0
8576,2026-09-29,3,381,100.0
8577,2026-07-09,1,315,2000.0
8578,2026-06-24,1,85,5350.0
8579,2026-09-08,3,65,1000.0
8580,2026-08-13,2,512,1980.0
8581,2026-02-11,3,230,2070.0
8582,2026-09-10,3,309,13500.0
8583,2026-06-15,2,564,4890.0
8584,2026-08-20,2,336,400.0
8585,2026-02-06,1,245,4750.0
8586,2026-03-20,1,477,6430.0
8587,2026-01-20,1,389,840.0
8588,2026-05-17,2,238,6070.0
8589,2026-04-10,1,461,7570.0
8590,2026-01-31,2,455,4300.0
8591,2026-01-28,1,39,3060.0
8592,2026-08-30,3,31,2500.0
8593,2026-03-16,2,574,3000.0
8594,2026-02-14,2,111,3600.0
8595,2026-01-06,2,543,4400.0
8596,2026-09-19,1,503,142.5
8597,2026-07-15,2,447,3866.0
8598,2026-08-17,2,40,6300.0
8599,2026-03-27,2,587,600.0
8600,2026-06-09,2,284,5660.0
8601,2026-02-09,1,500,5876.0
8602,2026-02-22,1,125,7000.0
8603,2026-08-14,2,78,580.0
8604,2026-01-21,3,461,5480.0
8605,2026-03-19,1,531,1500.0
8606,2026-04-08,2,306,4050.0
8607,2026-09-28,1,77,13450.0
8608,2026-03-08,2,296,10190.0
8609,2026-05-23,3,364,5200.0
8610,2026-05-11,1,504,4600.0
8611,2026-04-12,2,559,1600.0
8612,2026-03-20,2,34,690.0
8613,2026-08-07,2,150,3648.0
8614,2026-07-03,2,486,6000.0
8615,2026-04-04,1,334,622.5
8616,2026-04-28,2,200,5860.0
8617,2026-05-24,1,104,550.0
8618,2026-09-22,1,274,2310.0
8619,2026-07-31,3,132,5476.0
8620,2026-06-27,2,261,8910.0
8621,2026-06-02,1,60,2700.0
8622,2026-01-17,3,375,2500.0
8623,2026-05-30,3,60,4640.0
8624,2026-05-23,3,589,5540.0
8625,2026-05-14,2,400,4570.0
8626,2026-06-15,1,407,2230.0
8627,2026-05-14,1,509,7080.0
8628,2026-06-05,2,459,10100.0
8629,2026-06-25,2,278,4135.0
8630,2026-01-02,1,133,9875.0
8631,2026-07-16,1,136,5180.0
8632,2026-09-23,2,236,4916.0
8633,2026-07-11,2,38,4200.0
8634,2026-05-14,3,115,5000.0
8635,2026-03-15,3,502,9027.5
8636,2026-01-03,2,128,4400.0
8637,2026-01-20,2,391,8260.0
8638,2026-06-04,1,303,2910.0
8639,2026-06-20,2,4,1020.0
8640,2026-03-06,1,53,3295.0
8641,2026-04-05,1,408,5025.0
8642,2026-01-08,2,452,2700.0
8643,2026-07-12,3,377,1700.0
8644,2026-07-01,2,231,12500.0
8645,2026-05-05,2,1,8900.0
8646,2026-08-09,2,21,2800.0
8647,2026-07-29,1,494,9300.0
8648,2026-02-20,3,576,12455.0
8649,2026-09-30,2,290,2900.0
8650,2026-08-06,1,111,3825.0
8651,2026-01-23,3,493,5400.0
8652,2026-03-08,2,281,9900.0
8653,2026-04-25,3,262,7000.0
8654,2026-01-05,1,34,5985.0
8655,2026-07-14,1,118,4840.0
8656,2026-08-27,1,97,7500.0
8657,2026-04-04,2,366,3240.0
8658,2026-01-01,1,386,780.0
8659,2026-01-03,3,304,4300.0
8660,2026-08-21,3,423,4200.0
8661,2026-04-01,2,357,4685.0
8662,2026-07-14,1,325,200.0
8663,2026-05-28,2,65,8950.0
8664,2026-08-04,2,389,2262.5
8665,2026-01-21,1,35,7635.0
8666,2026-06-30,1,394,4700.0
8667,2026-06-24,2,274,6140.0
8668,2026-01-12,3,83,10845.0
8669,2026-05-27,3,537,1855.0
8670,2026-03-26,1,323,450.0
8671,2026-01-14,1,221,6300.0
8672,2026-02-11,1,221,2665.0
8673,2026-03-06,3,218,300.0
8674,2026-03-27,1,554,6400.0
8675,2026-06-19,1,502,360.0
8676,2026-09-18,1,300,13700.0
8677,2026-05-23,3,187,4400.0
8678,2026-01-19,3,498,4650.0
8679,2026-02-22,1,208,11255.0
8680,2026-09-25,1,189,3920.0
8681,2026-08-25,2,137,10400.0
8682,2026-01-08,2,129,5400.0
8683,2026-01-01,1,62,7200.0
8684,2026-05-15,1,156,720.0
8685,2026-02-21,1,590,4870.0
8686,2026-07-15,2,152,10625.0
8687,2026-08-04,3,46,5795.0
8688,2026-01-26,3,167,6450.0
8689,2026-09-05,1,20,3600.0
8690,2026-01-27,1,102,7475.0
8691,2026-06-24,3,105,5675.0
8692,2026-04-09,2,510,4450.0
8693,2026-05-23,1,28,2340.0
8694,2026-06-09,1,275,3100.0
8695,2026-07-16,2,214,1200.0
8696,2026-03-18,1,132,8100.0
8697,2026-09-24,1,426,4400.0
8698,2026-02-16,2,491,4800.0
8699,2026-09-23,2,477,300.0
8700,2026-03-20,3,67,5600.0
8701,2026-08-15,1,587,9980.0
8702,2026-08-05,1,191,16830.0
8703,2026-07-31,2,513,6380.0
8704,2026-02-02,1,151,10095.0
8705,2026-01-09,1,492,6750.0
8706,2026-02-13,3,584,3325.0
8707,2026-07-21,2,276,3300.0
8708,2026-07-20,2,321,600.0
8709,2026-07-07,1,522,10545.0
8710,2026-04-28,3,54,5875.0
8711,2026-08-10,2,508,2485.0
8712,2026-09-16,1,265,6850.0
8713,2026-07-15,1,123,7380.0
8714,2026-05-01,1,191,300.0
8715,2026-01-26,1,170,3595.0
8716,2026-03-23,2,513,3050.0
8717,2026-01-07,1,207,3000.0
8718,2026-07-05,3,484,5080.0
8719,2026-03-18,2,574,4090.0
8720,2026-02-17,1,517,7550.0
8721,2026-03-13,3,297,2650.0
8722,2026-09-02,2,94,10200.0
8723,2026-08-10,2,393,4200.0
8724,2026-03-13,2,144,6600.0
8725,2026-05-03,2,510,1275.0
8726,2026-06-15,3,184,2700.0
8727,2026-07-03,1,249,4500.0
8728,2026-01-15,1,102,8477.5
8729,2026-06-11,2,396,5280.0
8730,2026-08-27,1,290,9070.0
8731,2026-08-07,1,242,5660.0
8732,2026-04-04,2,4,15500.0
8733,2026-03-15,2,422,11200.0
8734,2026-03-12,1,388,5400.0
8735,2026-01-02,2,404,3804.0
8736,2026-02-07,1,346,7800.0
8737,2026-09-05,1,278,3600.0
8738,2026-08-06,2,9,12050.0
8739,2026-04-21,2,246,1440.0
8740,2026-07-28,1,483,6330.0
8741,2026-08-01,3,171,4300.0
8742,2026-09-17,2,462,1400.0
8743,2026-03-09,1,568,2490.0
8744,2026-03-01,2,407,3522.0
8745,2026-03-29,3,29,1000.0
8746,2026-02-01,2,573,10190.0
8747,2026-01-10,1,486,9080.0
8748,2026-05-08,1,18,10400.0
8749,2026-05-01,2,474,2600.0
8750,2026-08-21,1,575,8140.0
8751,2026-04-17,1,307,2200.0
8752,2026-09-18,2,516,7075.0
8753,2026-07-28,3,250,2930.0
8754,2026-09-24,1,275,200.0
8755,2026-09-16,2,93,3000.0
8756,2026-06-30,3,39,16270.0
8757,2026-01-16,1,375,7800.0
8758,2026-04-07,1,176,7660.0
8759,2026-08-24,1,269,2200.0
8760,2026-09-27,1,227,3210.0
8761,2026-04-09,3,154,7840.0
8762,2026-05-24,1,490,5642.0
8763,2026-05-11,1,292,2630.0
8764,2026-05-22,1,511,3692.0
8765,2026-08-15,2,533,7600.0
8766,2026-05-05,3,247,3135.0
8767,2026-05-27,1,412,3600.0
8768,2026-06-29,2,485,7200.0
8769,2026-01-02,2,577,9070.0
8770,2026-03-20,1,76,6500.0
8771,2026-03-12,1,528,8250.0
8772,2026-04-12,2,396,380.0
8773,2026-02-25,2,587,9850.0
8774,2026-04-05,2,160,1252.0
8775,2026-04-22,1,314,240.0
8776,2026-02-02,2,445,3350.0
8777,2026-07-27,2,9,400.0
8778,2026-02-21,1,251,4200.0
8779,2026-07-26,1,168,11925.0
8780,2026-09-17,2,311,1200.0
8781,2026-04-16,2,468,1140.0
8782,2026-02-18,3,592,3165.0
8783,2026-01-22,2,287,1100.0
8784,2026-05-22,1,378,5000.0
8785,2026-05-20,2,100,4500.0
8786,2026-09-22,3,112,3205.0
8787,2026-05-25,3,73,9460.0
8788,2026-09-29,1,205,14760.0
8789,2026-02-18,1,137,640.0
8790,2026-09-13,1,287,880.0
8791,2026-04-15,1,136,17080.0
8792,2026-02-19,1,45,6900.0
8793,2026-03-04,2,313,5070.0
8794,2026-01-24,3,56,4680.0
8795,2026-05-28,1,208,5300.0
8796,2026-07-22,1,181,5245.0
8797,2026-06-28,1,95,9960.0
8798,2026-08-19,3,195,4210.0
8799,2026-07-03,2,350,6900.0
8800,2026-06-19,3,554,3742.5
8801,2026-01-26,2,249,9385.0
8802,2026-03-12,2,258,1710.0
8803,2026-02-20,3,332,7900.0
8804,2026-05-28,2,177,6340.0
8805,2026-04-12,1,27,4250.0
8806,2026-03-01,3,543,7500.0
8807,2026-08-09,2,386,7535.0
8808,2026-08-21,3,565,3600.0
8809,2026-01-06,3,217,9510.0
8810,2026-01-22,1,276,10400.0
8811,2026-09-19,1,522,7265.0
8812,2026-07-30,2,58,100.0
8813,2026-08-11,3,214,3350.0
8814,2026-01-28,1,585,6900.0
8815,2026-09-29,3,114,15740.0
8816,2026-03-24,1,476,1700.0
8817,2026-06-18,1,558,4700.0
8818,2026-02-27,1,449,3295.0
8819,2026-04-11,3,531,2552.0
8820,2026-06-26,3,113,400.0
8821,2026-08-26,1,347,9480.0
8822,2026-04-26,2,538,6427.5
8823,2026-04-24,1,85,1600.0
8824,2026-02-13,1,433,3276.0
8825,2026-08-17,3,408,7335.0
8826,2026-02-01,1,52,12050.0
8827,2026-09-15,3,505,5968.0
8828,2026-04-10,3,128,10350.0
8829,2026-02-26,3,410,8690.0
8830,2026-07-09,1,128,8070.0
8831,2026-04-08,2,218,5060.0
8832,2026-02-18,2,419,5900.0
8833,2026-09-01,1,119,5000.0
8834,2026-04-24,2,445,4260.0
8835,2026-08-03,2,421,4860.0
8836,2026-02-06,2,229,8100.0
8837,2026-06-24,1,183,9100.0
8838,2026-09-19,1,132,11345.0
8839,2026-04-23,2,582,6852.0
8840,2026-04-17,2,38,2350.0
8841,2026-02-01,1,123,1160.0
8842,2026-03-29,1,99,680.0
8843,2026-07-02,3,185,6840.0
8844,2026-09-23,1,592,7320.0
8845,2026-02-28,3,238,8300.0
8846,2026-04-29,2,372,4030.0
8847,2026-06-07,3,102,10140.0
8848,2026-02-10,1,344,3450.0
8849,2026-04-24,2,366,10900.0
8850,2026-02-11,2,85,4827.5
8851,2026-06-20,2,456,750.0
8852,2026-06-23,2,569,5775.0
8853,2026-04-02,1,94,1227.5
8854,2026-07-12,1,253,7390.0
8855,2026-02-14,2,563,6700.0
8856,2026-04-24,3,517,6000.0
8857,2026-04-21,1,63,9380.0
8858,2026-03-18,2,584,4170.0
8859,2026-06-25,2,436,5450.0
8860,2026-04-12,1,385,4825.0
8861,2026-05-19,3,361,760.0
8862,2026-04-20,1,325,3000.0
8863,2026-03-04,1,357,4731.0
8864,2026-09-06,2,401,589.0
8865,2026-07-08,1,525,5735.0
8866,2026-07-01,1,190,8460.0
8867,2026-02-10,1,324,3200.0
8868,2026-09-15,2,128,9200.0
8869,2026-01-12,2,409,2850.0
8870,2026-01-09,3,97,13665.0
8871,2026-03-05,2,271,1835.0
8872,2026-07-21,2,290,6300.0
8873,2026-07-13,3,253,5300.0
8874,2026-07-12,3,457,5950.0
8875,2026-08-09,3,263,5670.0
8876,2026-07-07,2,223,5660.0
8877,2026-03-14,3,367,17590.0
8878,2026-09-25,3,575,2700.0
8879,2026-06-01,1,175,3800.0
8880,2026-09-22,1,159,3800.0
8881,2026-04-29,3,502,6850.0
8882,2026-05-08,2,421,1800.0
8883,2026-04-16,1,361,6070.5
8884,2026-09-25,3,413,8750.0
8885,2026-04-18,1,508,14920.0
8886,2026-02-16,2,431,7786.5
8887,2026-08-22,2,30,7400.0
8888,2026-07-25,2,126,1967.5
8889,2026-03-11,3,394,1505.0
8890,2026-06-02,2,406,3400.0
8891,2026-02-01,1,375,1300.0
8892,2026-05-01,2,356,4520.0
8893,2026-01-17,3,322,1800.0
8894,2026-08-17,3,314,4400.0
8895,2026-07-26,1,487,3500.0
8896,2026-05-31,2,141,4500.0
8897,2026-04-22,3,62,6200.0
8898,2026-03-07,3,241,1660.0
8899,2026-05-03,2,554,8435.0
8900,2026-08-19,3,198,6600.0
8901,2026-02-17,1,192,3550.0
8902,2026-03-21,3,278,840.0
8903,2026-08-05,1,194,8115.0
8904,2026-08-14,2,591,6000.0
8905,2026-03-09,2,481,1300.0
8906,2026-03-15,2,233,8925.0
8907,2026-03-01,2,286,1800.0
8908,2026-07-15,3,304,5750.0
8909,2026-07-30,1,294,4272.5
8910,2026-09-13,1,424,2400.0
8911,2026-08-24,3,184,1400.0
8912,2026-08-15,1,591,990.0
8913,2026-05-23,3,561,3700.0
8914,2026-06-01,3,163,2500.0
8915,2026-02-16,3,491,6400.0
8916,2026-07-14,1,60,12500.0
8917,2026-04-05,2,156,2240.0
8918,2026-08-17,3,363,3700.0
8919,2026-04-09,2,269,1380.0
8920,2026-01-13,3,225,4740.0
8921,2026-09-11,1,251,7950.0
8922,2026-09-29,1,555,3655.0
8923,2026-05-20,2,312,8080.0
8924,2026-01-18,3,448,12676.0
8925,2026-05-27,3,176,3700.0
8926,2026-05-31,2,501,5700.0
8927,2026-09-05,2,477,5800.0
8928,2026-06-07,1,444,9063.0
8929,2026-08-10,2,596,4550.0
8930,2026-05-01,3,11,8210.0
8931,2026-06-24,1,536,2730.0
8932,2026-07-04,1,462,4900.0
8933,2026-01-11,2,599,5355.0
8934,2026-08-02,1,597,3900.0
8935,2026-09-08,2,302,1200.0
8936,2026-01-04,2,202,12740.0
8937,2026-07-03,1,313,8025.0
8938,2026-02-02,3,378,6100.0
8939,2026-06-07,1,493,3775.0
8940,2026-07-04,2,130,6020.0
8941,2026-01-06,2,109,5700.0
8942,2026-06-09,2,227,5680.0
8943,2026-01-26,2,425,1500.0
8944,2026-07-28,3,116,5140.0
8945,2026-03-12,2,454,6705.0
8946,2026-04-27,3,246,5100.0
8947,2026-02-01,2,428,8370.0
8948,2026-01-10,2,273,4325.0
8949,2026-07-29,3,548,2100.0
8950,2026-01-10,3,373,747.5
8951,2026-09-02,2,255,7200.0
8952,2026-07-08,2,255,3980.0
8953,2026-05-31,2,249,650.0
8954,2026-09-30,2,511,3480.0
8955,2026-08-16,2,131,6430.0
8956,2026-03-09,1,246,450.0
8957,2026-06-08,1,71,5850.0
8958,2026-02-06,1,267,3110.0
8959,2026-07-09,2,382,3255.0
8960,2026-02-14,1,247,6140.0
8961,2026-07-19,2,551,13032.5
8962,2026-02-14,3,41,11300.0
8963,2026-06-11,2,45,4970.0
8964,2026-03-28,1,76,11100.0
8965,2026-05-03,3,347,8025.0
8966,2026-06-14,3,360,1405.0
8967,2026-05-31,2,107,3700.0
8968,2026-02-09,1,95,6850.0
8969,2026-09-03,2,272,1800.0
8970,2026-07-26,2,557,1200.0
8971,2026-06-18,2,503,11765.0
8972,2026-06-29,1,170,4950.0
8973,2026-07-11,3,62,8450.0
8974,2026-05-09,1,457,2080.0
8975,2026-08-02,3,58,340.0
8976,2026-01-31,1,448,400.0
8977,2026-03-07,3,482,3500.0
8978,2026-03-12,1,453,5700.0
8979,2026-05-20,3,373,600.0
8980,2026-06-26,2,11,15200.0
8981,2026-09-15,3,538,4700.0
8982,2026-04-02,1,367,2827.5
8983,2026-06-29,2,37,3620.0
8984,2026-07-12,2,2,10342.5
8985,2026-03-05,3,281,5180.0
8986,2026-03-03,1,250,12355.0
8987,2026-07-01,2,348,142.5
8988,2026-03-19,1,541,3600.0
8989,2026-07-29,2,358,14635.0
8990,2026-03-23,2,132,10435.0
8991,2026-09-21,1,32,980.0
8992,2026-04-16,3,108,1155.0
8993,2026-07-11,1,66,10100.0
8994,2026-09-04,2,449,8600.0
8995,2026-01-04,2,394,9850.0
8996,2026-09-25,2,192,3900.0
8997,2026-08-22,3,206,5000.0
8998,2026-03-04,2,197,13400.0
8999,2026-05-06,2,375,2800.0
9000,2026-07-16,3,26,2700.0
9001,2026-03-24,3,536,14000.0
9002,2026-07-22,1,242,200.0
9003,2026-01-29,3,467,5585.0
9004,2026-08-23,3,371,3800.0
9005,2026-07-10,1,392,7332.5
9006,2026-03-08,1,392,4990.0
9007,2026-06-24,1,4,795.0
9008,2026-02-28,2,406,8700.0
9009,2026-01-31,1,412,5700.0
9010,2026-08-27,3,392,5435.0
9011,2026-06-29,3,322,14400.0
9012,2026-01-12,1,371,1075.0
9013,2026-04-24,3,193,2685.0
9014,2026-01-30,1,206,12380.0
9015,2026-01-06,3,482,5740.0
9016,2026-06-27,3,60,14400.0
9017,2026-08-26,3,172,11940.0
9018,2026-07-05,2,479,1045.0
9019,2026-06-09,1,342,5300.0
9020,2026-09-23,2,43,9780.0
9021,2026-04-18,3,350,10325.0
9022,2026-07-31,3,506,8160.0
9023,2026-06-01,3,507,4600.0
9024,2026-03-05,3,254,5570.0
9025,2026-06-06,1,423,1100.0
9026,2026-08-14,2,3,6100.0
9027,2026-09-18,3,310,3885.0
9028,2026-07-17,2,452,12800.0
9029,2026-08-09,3,181,2926.0
9030,2026-08-20,3,440,3750.0
9031,2026-04-15,1,535,1800.0
9032,2026-05-21,1,412,3252.0
9033,2026-01-26,2,384,1185.0
9034,2026-07-07,3,244,1500.0
9035,2026-08-20,2,359,8275.0
9036,2026-05-31,3,280,3590.0
9037,2026-09-22,3,513,2600.0
9038,2026-03-14,2,223,5640.0
9039,2026-07-04,1,511,4385.0
9040,2026-03-11,1,6,4260.0
9041,2026-01-16,1,344,2700.0
9042,2026-01-23,1,536,1550.0
9043,2026-08-30,2,143,11020.0
9044,2026-08-25,1,576,1700.0
9045,2026-08-30,3,55,11650.0
9046,2026-05-31,2,192,10900.0
9047,2026-04-24,1,243,2500.0
9048,2026-09-15,1,212,4200.0
9049,2026-03-11,3,259,6600.0
9050,2026-09-04,1,78,5100.0
9051,2026-09-07,3,600,1100.0
9052,2026-06-11,2,171,1840.0
9053,2026-02-24,1,28,2400.0
9054,2026-01-22,2,403,4540.0
9055,2026-05-18,2,585,7800.0
9056,2026-09-27,1,306,7570.0
9057,2026-05-14,3,597,500.0
9058,2026-08-21,3,262,900.0
9059,2026-05-06,2,486,1470.0
9060,2026-09-05,1,147,8700.0
9061,2026-09-29,1,329,156.0
9062,2026-08-21,1,539,3700.0
9063,2026-03-08,1,203,4800.0
9064,2026-02-02,1,451,8520.0
9065,2026-07-20,1,371,3405.0
9066,2026-09-17,1,397,2645.0
9067,2026-04-10,1,243,1700.0
9068,2026-06-03,2,125,5850.0
9069,2026-08-31,1,421,2800.0
9070,2026-06-22,1,418,8150.0
9071,2026-03-06,3,233,5455.0
9072,2026-05-23,1,228,1100.0
9073,2026-02-20,1,18,4500.0
9074,2026-06-19,3,306,3400.0
9075,2026-05-02,3,430,1380.0
9076,2026-05-17,1,423,8290.0
9077,2026-08-09,3,336,5380.0
9078,2026-07-31,3,543,14125.0
9079,2026-07-23,1,4,9475.0
9080,2026-04-03,1,87,390.0
9081,2026-03-27,2,566,2660.0
9082,2026-06-26,1,208,500.0
9083,2026-06-10,2,393,4390.0
9084,2026-09-14,1,520,12050.0
9085,2026-09-27,1,131,1425.0
9086,2026-04-17,3,434,6200.0
9087,2026-09-09,2,547,10026.0
9088,2026-01-13,2,292,7400.0
9089,2026-04-12,3,403,4500.0
9090,2026-06-23,1,285,6620.0
9091,2026-01-31,2,239,3902.0
9092,2026-08-31,3,568,4410.0
9093,2026-01-19,3,313,3325.0
9094,2026-08-17,3,520,5180.0
9095,2026-06-10,2,425,9965.0
9096,2026-04-27,1,66,5000.0
9097,2026-01-27,3,82,2800.0
9098,2026-03-06,2,338,980.0
9099,2026-08-07,2,414,8350.0
9100,2026-02-22,3,284,4250.0
9101,2026-04-12,2,123,4770.0
9102,2026-06-07,1,123,7800.0
9103,2026-04-15,1,230,5500.0
9104,2026-05-20,2,293,8500.0
9105,2026-06-23,2,532,11980.0
9106,2026-09-18,3,76,5100.0
9107,2026-06-26,3,156,180.0
9108,2026-05-24,1,180,4140.0
9109,2026-04-08,2,96,8100.0
9110,2026-03-01,3,507,3590.0
9111,2026-06-28,2,582,3900.0
9112,2026-07-06,1,513,4180.0
9113,2026-06-05,3,53,2894.0
9114,2026-02-20,3,512,5575.0
9115,2026-05-07,2,482,600.0
9116,2026-06-17,3,5,7600.0
9117,2026-02-23,1,457,6050.0
9118,2026-03-10,2,285,8780.0
9119,2026-07-30,2,250,5730.0
9120,2026-09-23,2,543,5200.0
9121,2026-04-17,1,540,3760.0
9122,2026-03-24,3,117,3100.0
9123,2026-08-02,1,337,4580.0
9124,2026-03-21,3,204,2008.0
9125,2026-07-21,1,412,2940.0
9126,2026-09-09,1,347,3350.0
9127,2026-02-04,1,108,1956.0
9128,2026-04-09,1,342,4900.0
9129,2026-01-28,3,184,1100.0
9130,2026-05-05,3,263,3700.0
9131,2026-09-20,1,541,6100.0
9132,2026-09-04,3,311,4700.0
9133,2026-02-25,1,174,6645.0
9134,2026-03-14,1,491,2850.0
9135,2026-09-21,1,102,2700.0
9136,2026-09-02,1,488,3900.0
9137,2026-05-06,1,25,1700.0
9138,2026-02-28,2,379,1492.0
9139,2026-04-04,2,57,2795.0
9140,2026-09-02,1,575,5980.0
9141,2026-08-05,3,124,6500.0
9142,2026-07-22,2,455,5100.0
9143,2026-09-27,1,317,4200.0
9144,2026-07-29,1,431,2100.0
9145,2026-05-27,3,98,6580.0
9146,2026-02-20,3,32,2140.0
9147,2026-07-13,1,577,1425.0
9148,2026-06-05,1,60,4397.5
9149,2026-05-31,3,594,5540.0
9150,2026-08-13,3,121,3450.0
9151,2026-06-27,3,187,1740.0
9152,2026-08-20,3,185,7495.0
9153,2026-04-26,2,337,7800.0
9154,2026-07-18,2,306,2700.0
9155,2026-04-11,1,152,7530.0
9156,2026-07-22,1,144,4200.0
9157,2026-08-25,3,375,7500.0
9158,2026-07-04,1,352,1760.0
9159,2026-06-16,3,274,11590.0
9160,2026-02-04,3,252,8400.0
9161,2026-03-08,1,319,4520.0
9162,2026-07-28,1,37,5042.5
9163,2026-08-18,1,187,9585.0
9164,2026-03-14,1,560,8790.0
9165,2026-05-10,3,485,855.0
9166,2026-06-15,2,335,2250.0
9167,2026-02-21,1,17,3600.0
9168,2026-06-30,3,585,3920.0
9169,2026-03-07,3,491,6905.0
9170,2026-05-14,3,201,1420.0
9171,2026-02-05,3,273,4700.0
9172,2026-01-27,3,380,3300.0
9173,2026-03-04,2,316,4800.0
9174,2026-04-08,3,303,3700.0
9175,2026-06-11,2,428,2570.0
9176,2026-05-13,1,143,280.0
9177,2026-08-08,2,224,10860.0
9178,2026-01-27,2,203,2300.0
9179,2026-07-14,3,86,5300.0
9180,2026-01-14,3,204,8900.0
9181,2026-01-26,3,401,2520.0
9182,2026-01-11,2,216,5150.0
9183,2026-05-01,3,478,2400.0
9184,2026-09-27,1,343,3900.0
9185,2026-08-09,3,230,3571.0
9186,2026-04-15,1,65,9000.0
9187,2026-08-22,2,244,2840.0
9188,2026-08-10,3,522,6140.0
9189,2026-04-28,2,127,7590.0
9190,2026-09-15,2,119,2600.0
9191,2026-08-08,3,253,9200.0
9192,2026-07-28,2,194,10740.0
9193,2026-04-03,2,434,7200.0
9194,2026-09-22,2,221,12600.0
9195,2026-03-30,1,150,16400.0
9196,2026-05-12,3,338,5100.0
9197,2026-09-30,1,231,750.0
9198,2026-08-14,2,215,3405.0
9199,2026-05-22,1,314,3200.0
9200,2026-01-14,1,170,3115.0
9201,2026-08-01,2,124,2975.0
9202,2026-01-31,3,560,1200.0
9203,2026-03-05,3,27,4200.0
9204,2026-08-07,3,228,5090.0
9205,2026-06-14,2,275,5900.0
9206,2026-06-16,3,588,5600.0
9207,2026-03-31,2,262,4020.0
9208,2026-06-23,2,579,1000.0
9209,2026-05-05,2,587,6860.0
9210,2026-05-16,2,495,2000.0
9211,2026-04-14,3,250,1100.0
9212,2026-06-19,1,320,4650.0
9213,2026-07-24,3,137,2800.0
9214,2026-04-08,1,163,600.0
9215,2026-01-02,3,513,1800.0
9216,2026-02-20,1,84,3000.0
9217,2026-09-26,3,485,3900.0
9218,2026-02-07,2,45,2600.0
9219,2026-08-27,3,554,5400.0
9220,2026-01-04,2,330,8710.0
9221,2026-07-03,1,336,9890.0
9222,2026-07-13,1,132,8070.0
9223,2026-02-21,2,279,7125.0
9224,2026-08-16,2,247,1100.0
9225,2026-07-26,1,66,3450.0
9226,2026-02-23,3,225,5355.0
9227,2026-06-30,2,189,2300.0
9228,2026-03-24,2,594,6210.0
9229,2026-09-17,2,526,10170.0
9230,2026-09-18,1,524,7942.5
9231,2026-08-02,2,23,4000.0
9232,2026-09-19,2,18,740.0
9233,2026-09-17,3,437,2090.0
9234,2026-06-07,3,354,3600.0
9235,2026-04-06,3,434,16975.0
9236,2026-06-30,2,314,4000.0
9237,2026-07-05,2,102,3500.0
9238,2026-04-08,2,285,4500.0
9239,2026-09-09,1,269,5880.0
9240,2026-08-27,2,399,5300.0
9241,2026-04-12,2,506,5130.0
9242,2026-03-29,1,592,11340.0
9243,2026-05-20,3,49,8680.0
9244,2026-02-08,3,479,8800.0
9245,2026-05-07,2,113,1720.0
9246,2026-09-11,2,106,2600.0
9247,2026-01-01,2,375,13700.0
9248,2026-04-22,2,205,4050.0
9249,2026-02-13,1,212,1740.0
9250,2026-06-19,3,334,1140.0
9251,2026-07-17,1,127,9400.0
9252,2026-06-20,1,486,9585.0
9253,2026-07-13,1,471,3870.0
9254,2026-07-07,1,187,7625.0
9255,2026-02-25,1,87,1350.0
9256,2026-08-16,1,156,7200.0
9257,2026-09-24,2,268,10810.0
9258,2026-02-22,3,101,6510.0
9259,2026-06-14,2,165,2300.0
9260,2026-06-02,2,139,3450.0
9261,2026-05-16,1,327,5100.0
9262,2026-08-29,2,309,1200.0
9263,2026-04-09,1,515,7760.0
9264,2026-02-06,2,563,1560.0
9265,2026-01-11,2,586,1280.0
9266,2026-02-19,2,505,1800.0
9267,2026-01-18,3,419,5305.0
9268,2026-09-14,1,260,8100.0
9269,2026-04-13,3,252,7800.0
9270,2026-04-19,2,404,4650.0
9271,2026-09-04,3,163,150.0
9272,2026-01-10,2,283,3575.0
9273,2026-09-21,3,4,3680.0
9274,2026-02-10,1,334,1370.0
9275,2026-06-17,1,58,4160.0
9276,2026-05-30,2,249,10725.0
9277,2026-08-16,3,41,790.0
9278,2026-09-16,3,562,4880.0
9279,2026-02-21,1,497,675.0
9280,2026-02-03,1,537,12350.0
9281,2026-03-04,1,449,2760.0
9282,2026-09-05,1,362,7090.0
9283,2026-04-08,2,291,8311.0
9284,2026-07-19,1,547,8700.0
9285,2026-05-03,3,344,1185.0
9286,2026-06-19,1,260,1950.0
9287,2026-08-03,3,316,4620.0
9288,2026-02-05,2,118,3900.0
9289,2026-03-04,3,322,11100.0
9290,2026-07-14,3,455,5710.0
9291,2026-09-06,2,528,1000.0
9292,2026-07-23,3,534,2400.0
9293,2026-08-22,3,565,5000.0
9294,2026-01-18,1,243,5000.0
9295,2026-09-10,2,414,4850.0
9296,2026-03-13,3,296,392.0
9297,2026-03-07,1,505,6055.0
9298,2026-05-06,1,522,4628.0
9299,2026-05-06,1,323,1500.0
9300,2026-05-07,1,264,175.0
9301,2026-04-30,3,505,2280.0
9302,2026-04-03,2,340,1350.0
9303,2026-06-24,2,290,6540.0
9304,2026-05-26,3,251,8850.0
9305,2026-03-11,1,413,1050.0
9306,2026-08-17,1,492,2250.0
9307,2026-03-28,3,311,2800.0
9308,2026-07-15,3,230,3100.0
9309,2026-06-10,1,264,8350.0
9310,2026-09-06,1,79,7310.0
9311,2026-08-27,3,328,9800.0
9312,2026-06-10,3,29,5145.0
9313,2026-07-21,2,460,3600.0
9314,2026-03-31,3,462,3980.0
9315,2026-08-26,1,542,3310.0
9316,2026-05-10,1,575,5450.0
9317,2026-04-18,2,305,6800.0
9318,2026-08-31,2,533,300.0
9319,2026-03-24,2,371,4670.0
9320,2026-07-11,3,255,5950.0
9321,2026-03-08,2,152,6900.0
9322,2026-09-08,2,119,10900.0
9323,2026-05-02,2,263,2400.0
9324,2026-02-28,1,312,7085.0
9325,2026-03-21,1,370,6700.0
9326,2026-01-09,1,198,4110.0
9327,2026-01-12,3,550,2290.0
9328,2026-03-29,2,336,3200.0
9329,2026-03-23,3,89,4820.0
9330,2026-04-25,2,309,3700.0
9331,2026-06-08,3,441,6400.0
9332,2026-06-12,3,22,780.0
9333,2026-07-01,1,460,5640.0
9334,2026-05-29,1,321,1800.0
9335,2026-03-18,1,595,3075.0
9336,2026-02-19,2,74,7200.0
9337,2026-08-19,1,17,2590.0
9338,2026-08-30,1,219,14500.0
9339,2026-01-29,1,488,2950.0
9340,2026-05-27,2,469,7000.0
9341,2026-01-05,3,421,10435.0
9342,2026-09-16,1,62,5680.0
9343,2026-06-15,3,78,7300.0
9344,2026-03-05,3,562,3700.0
9345,2026-02-02,3,115,9040.0
9346,2026-08-21,1,413,6000.0
9347,2026-01-20,3,237,1342.5
9348,2026-09-10,1,197,1950.0
9349,2026-02-04,1,439,800.0
9350,2026-08-23,3,299,4900.0
9351,2026-04-06,2,457,10690.0
9352,2026-02-16,2,518,1140.0
9353,2026-01-07,1,402,4520.0
9354,2026-09-15,3,274,12795.0
9355,2026-09-28,3,132,4500.0
9356,2026-03-03,1,312,4900.0
9357,2026-06-26,3,509,2800.0
9358,2026-02-17,3,162,6020.0
9359,2026-06-26,2,305,2280.0
9360,2026-06-19,1,75,8700.0
9361,2026-08-09,3,348,3800.0
9362,2026-08-06,2,537,12410.0
9363,2026-09-01,1,8,3700.0
9364,2026-04-09,3,307,3830.0
9365,2026-03-26,1,114,7500.0
9366,2026-02-19,2,112,9000.0
9367,2026-09-06,3,454,7190.0
9368,2026-08-11,1,448,5600.0
9369,2026-05-06,3,244,7880.0
9370,2026-02-11,2,101,2935.0
9371,2026-02-09,2,29,1395.0
9372,2026-03-03,3,47,3100.0
9373,2026-02-07,2,488,7440.0
9374,2026-03-09,1,457,3700.0
9375,2026-04-26,2,473,1300.0
9376,2026-08-28,3,201,2300.0
9377,2026-04-23,2,288,4600.0
9378,2026-05-14,1,497,6442.5
9379,2026-06-29,3,105,3600.0
9380,2026-02-22,1,174,10400.0
9381,2026-02-01,1,412,800.0
9382,2026-04-16,2,139,1000.0
9383,2026-09-19,1,217,7760.0
9384,2026-04-17,2,571,3020.0
9385,2026-07-04,1,236,12510.0
9386,2026-05-01,1,181,10000.0
9387,2026-02-20,2,359,14360.0
9388,2026-01-10,1,373,15550.0
9389,2026-08-02,3,405,1200.0
9390,2026-04-09,1,171,2050.0
9391,2026-05-15,1,106,2400.0
9392,2026-05-19,1,178,800.0
9393,2026-06-24,2,154,10100.0
9394,2026-07-24,1,592,1750.0
9395,2026-02-17,3,331,1280.0
9396,2026-06-07,2,145,1300.0
9397,2026-05-22,1,281,6740.0
9398,2026-08-03,1,523,10080.0
9399,2026-06-16,2,134,6500.0
9400,2026-06-28,2,321,2190.0
9401,2026-07-15,2,387,5470.0
9402,2026-03-28,3,382,4725.0
9403,2026-08-04,2,312,1300.0
9404,2026-06-03,1,52,7700.0
9405,2026-02-12,3,217,16900.0
9406,2026-08-18,3,466,600.0
9407,2026-04-08,1,343,8300.0
9408,2026-08-10,2,6,4500.0
9409,2026-04-20,3,268,13595.0
9410,2026-03-10,2,267,12200.0
9411,2026-08-25,1,422,6640.0
9412,2026-08-02,3,278,9750.0
9413,2026-07-30,1,551,3600.0
9414,2026-07-18,3,302,8700.0
9415,2026-06-04,2,567,860.0
9416,2026-07-10,2,563,2035.0
9417,2026-03-06,3,247,8295.0
9418,2026-03-18,2,437,4500.0
9419,2026-09-12,3,260,1640.0
9420,2026-03-27,2,585,700.0
9421,2026-05-11,2,132,240.0
9422,2026-02-08,1,63,6900.0
9423,2026-04-23,1,138,855.0
9424,2026-01-22,1,139,2220.0
9425,2026-08-03,1,515,3260.0
9426,2026-03-23,2,552,10185.0
9427,2026-07-12,2,349,11650.0
9428,2026-09-08,2,301,3860.0
9429,2026-04-17,1,333,12700.0
9430,2026-06-23,3,597,15570.0
9431,2026-06-27,1,296,9835.0
9432,2026-04-06,3,410,5500.0
9433,2026-09-23,1,509,7200.0
9434,2026-03-10,3,213,10400.0
9435,2026-05-23,1,286,3900.0
9436,2026-01-04,2,400,5300.0
9437,2026-07-04,3,22,4540.0
9438,2026-04-09,3,50,2835.0
9439,2026-06-25,1,322,2885.0
9440,2026-07-11,3,75,3600.0
9441,2026-05-16,1,368,4650.0
9442,2026-07-23,2,593,3300.0
9443,2026-05-14,1,143,5400.0
9444,2026-07-25,1,387,3625.0
9445,2026-08-11,1,306,2580.0
9446,2026-07-28,2,437,6900.0
9447,2026-09-17,2,241,3332.5
9448,2026-06-24,2,494,5300.0
9449,2026-08-17,3,502,3580.0
9450,2026-03-21,2,196,350.0
9451,2026-04-27,1,111,3735.0
9452,2026-04-06,3,138,7860.0
9453,2026-03-13,1,200,4200.0
9454,2026-09-19,1,462,4235.0
9455,2026-03-17,2,134,1410.0
9456,2026-06-09,3,50,9435.0
9457,2026-02-06,1,558,1545.0
9458,2026-05-17,2,280,8850.0
9459,2026-05-10,2,353,5000.0
9460,2026-05-03,3,211,772.5
9461,2026-08-14,2,417,4310.0
9462,2026-04-27,3,24,11550.0
9463,2026-04-06,1,127,2650.0
9464,2026-09-27,3,255,1150.0
9465,2026-03-20,3,75,4300.0
9466,2026-06-21,2,163,1667.0
9467,2026-09-18,3,362,8900.0
9468,2026-06-06,2,151,3700.0
9469,2026-04-25,3,196,2310.0
9470,2026-09-11,3,419,3700.0
9471,2026-04-29,1,146,1975.0
9472,2026-04-03,2,233,2085.0
9473,2026-09-04,3,231,1990.0
9474,2026-08-03,2,140,560.0
9475,2026-02-22,3,523,6100.0
9476,2026-04-06,2,528,4290.0
9477,2026-08-12,1,505,8485.0
9478,2026-06-10,1,166,6690.0
9479,2026-08-08,1,151,980.0
9480,2026-03-31,1,161,1680.0
9481,2026-04-06,3,383,650.0
9482,2026-03-31,3,526,6300.0
9483,2026-09-03,2,124,14505.0
9484,2026-03-25,3,298,5400.0
9485,2026-05-08,1,506,12125.0
9486,2026-09-07,3,55,450.0
9487,2026-06-27,1,48,5000.0
9488,2026-01-27,3,553,8940.0
9489,2026-06-08,1,128,3600.0
9490,2026-05-31,2,348,6600.0
9491,2026-09-30,3,466,13500.0
9492,2026-03-26,2,44,580.0
9493,2026-03-20,2,589,1650.0
9494,2026-06-17,1,201,6625.0
9495,2026-05-21,3,100,4360.0
9496,2026-04-19,1,224,4200.0
9497,2026-03-25,1,348,2675.0
9498,2026-05-07,3,464,10670.0
9499,2026-05-18,2,165,850.0
9500,2026-01-13,3,140,7685.0
9501,2026-05-01,1,465,8600.0
9502,2026-08-29,2,569,4845.0
9503,2026-04-27,1,257,2100.0
9504,2026-01-06,3,3,3400.0
9505,2026-04-07,3,145,3650.0
9506,2026-07-16,3,517,3700.0
9507,2026-07-09,3,33,1516.0
9508,2026-07-11,1,457,1500.0
9509,2026-08-30,1,174,13325.0
9510,2026-05-17,2,310,7952.0
9511,2026-08-21,1,80,4217.5
9512,2026-04-04,3,20,4535.0
9513,2026-05-27,3,334,5410.0
9514,2026-01-22,3,534,2620.0
9515,2026-08-25,3,445,6600.0
9516,2026-05-08,2,58,3450.0
9517,2026-08-02,1,302,10735.0
9518,2026-03-02,3,371,3742.0
9519,2026-03-23,2,111,4260.0
9520,2026-09-12,2,290,15960.0
9521,2026-08-18,1,93,3840.0
9522,2026-01-20,2,451,2760.0
9523,2026-05-24,3,326,10390.0
9524,2026-09-02,1,436,6627.5
9525,2026-03-28,3,91,6500.0
9526,2026-07-09,3,438,6100.0
9527,2026-06-02,1,447,4900.0
9528,2026-08-15,1,470,4700.0
9529,2026-08-12,1,487,1590.0
9530,2026-09-19,3,31,4338.0
9531,2026-06-15,1,28,5680.0
9532,2026-08-23,2,334,10500.0
9533,2026-06-25,2,391,3500.0
9534,2026-04-22,2,529,3160.0
9535,2026-07-28,3,436,3902.0
9536,2026-09-15,3,439,12200.0
9537,2026-04-26,2,598,2600.0
9538,2026-06-07,2,286,4428.0
9539,2026-02-26,1,73,2700.0
9540,2026-05-30,1,518,4520.0
9541,2026-08-14,3,43,9025.0
9542,2026-09-23,1,125,3600.0
9543,2026-09-03,2,107,4175.0
9544,2026-06-02,3,148,2700.0
9545,2026-06-13,3,392,7575.0
9546,2026-09-07,1,283,6200.0
9547,2026-08-23,1,93,3850.0
9548,2026-06-19,1,404,2435.0
9549,2026-01-28,2,571,7328.0
9550,2026-02-09,2,396,4640.0
9551,2026-09-23,2,423,750.0
9552,2026-05-05,1,22,6420.0
9553,2026-03-04,2,503,6090.0
9554,2026-09-20,2,215,1300.0
9555,2026-01-05,1,30,6200.0
9556,2026-03-16,1,438,2966.0
9557,2026-03-06,1,438,4980.0
9558,2026-06-24,2,457,11700.0
9559,2026-06-18,1,121,5200.0
9560,2026-03-21,3,203,11300.0
9561,2026-07-08,2,29,4200.0
9562,2026-03-03,1,163,9510.0
9563,2026-05-24,1,587,3600.0
9564,2026-07-16,1,184,2032.0
9565,2026-01-11,2,145,7500.0
9566,2026-09-03,3,85,8120.0
9567,2026-05-16,2,517,7600.0
9568,2026-05-25,2,252,13000.0
9569,2026-03-27,2,200,1300.0
9570,2026-06-09,3,563,5600.0
9571,2026-02-08,1,93,5040.0
9572,2026-09-28,2,522,160.0
9573,2026-03-06,2,439,5600.0
9574,2026-05-24,3,282,7300.0
9575,2026-09-09,1,530,95.0
9576,2026-03-09,3,379,4355.0
9577,2026-01-27,1,531,2025.0
9578,2026-02-08,3,518,5550.0
9579,2026-07-12,2,102,2250.0
9580,2026-02-07,2,259,8800.0
9581,2026-09-02,3,527,300.0
9582,2026-01-31,3,399,2500.0
9583,2026-03-20,1,238,3350.0
9584,2026-01-01,1,96,6350.0
9585,2026-04-04,1,479,1200.0
9586,2026-08-21,2,25,4220.0
9587,2026-08-07,1,244,15450.0
9588,2026-08-10,1,476,6590.0
9589,2026-01-22,3,190,7860.0
9590,2026-04-19,3,230,1800.0
9591,2026-09-18,3,46,3950.0
9592,2026-06-13,2,597,2010.0
9593,2026-09-30,1,50,1150.0
9594,2026-04-28,3,515,5955.0
9595,2026-01-28,3,152,4540.0
9596,2026-05-19,1,4,80.0
9597,2026-08-13,2,384,1900.0
9598,2026-01-08,2,386,2000.0
9599,2026-05-16,2,585,3240.0
9600,2026-08-31,1,22,17205.0
9601,2026-05-08,3,402,3590.0
9602,2026-04-25,2,308,4460.0
9603,2026-05-18,1,554,11175.0
9604,2026-01-10,1,592,10200.0
9605,2026-08-22,2,311,752.0
9606,2026-07-07,1,444,2990.0
9607,2026-04-24,2,477,2280.0
9608,2026-09-28,1,160,5462.0
9609,2026-09-14,2,281,350.0
9610,2026-03-09,2,131,9000.0
9611,2026-07-22,3,521,7110.0
9612,2026-09-09,3,23,4000.0
9613,2026-06-18,2,238,1660.0
9614,2026-07-03,2,499,3000.0
9615,2026-09-07,2,507,4428.0
9616,2026-09-15,2,352,585.0
9617,2026-08-09,2,514,6100.0
9618,2026-04-22,3,40,400.0
9619,2026-01-03,1,33,5550.0
9620,2026-06-26,3,22,671.0
9621,2026-04-01,2,61,8610.0
9622,2026-01-19,1,349,900.0
9623,2026-01-11,1,307,3500.0
9624,2026-09-27,1,209,7575.0
9625,2026-07-07,1,196,650.0
9626,2026-01-19,1,440,12900.0
9627,2026-02-18,1,411,3440.0
9628,2026-03-30,2,225,2100.0
9629,2026-03-05,2,303,970.0
9630,2026-08-19,2,491,4360.0
9631,2026-05-16,1,453,7080.0
9632,2026-03-30,3,594,4250.0
9633,2026-03-01,3,375,5300.0
9634,2026-02-07,2,389,10500.0
9635,2026-08-06,2,479,6090.0
9636,2026-01-07,3,554,1170.0
9637,2026-08-25,2,163,100.0
9638,2026-05-01,2,6,2600.0
9639,2026-09-20,1,96,7300.0
9640,2026-08-14,2,67,4705.0
9641,2026-03-07,3,372,14020.0
9642,2026-08-27,1,575,5100.0
9643,2026-09-12,2,155,3890.0
9644,2026-07-27,2,102,2300.0
9645,2026-06-06,1,234,10450.0
9646,2026-06-22,2,195,11000.0
9647,2026-07-31,2,441,4400.0
9648,2026-07-01,2,146,3600.0
9649,2026-02-10,1,332,9300.0
9650,2026-08-10,1,470,5780.0
9651,2026-08-03,1,251,9325.0
9652,2026-01-24,1,123,8100.0
9653,2026-07-26,1,315,12625.0
9654,2026-03-23,3,167,3810.0
9655,2026-05-28,1,22,13650.0
9656,2026-04-27,3,437,2200.0
9657,2026-06-02,2,71,5175.0
9658,2026-05-09,1,338,4835.0
9659,2026-02-21,1,28,3440.0
9660,2026-04-26,3,228,3300.0
9661,2026-08-13,1,410,2370.0
9662,2026-07-15,2,319,870.0
9663,2026-03-21,2,396,1060.0
9664,2026-04-27,1,417,5260.0
9665,2026-05-22,3,456,8700.0
9666,2026-04-15,1,148,4600.0
9667,2026-08-31,1,319,6400.0
9668,2026-06-13,3,432,300.0
9669,2026-04-15,3,327,1100.0
9670,2026-08-13,3,150,3550.0
9671,2026-05-13,3,91,1460.0
9672,2026-05-20,2,521,5375.0
9673,2026-06-15,3,163,15075.0
9674,2026-05-01,2,257,9400.0
9675,2026-04-24,2,263,6575.0
9676,2026-02-08,1,363,10300.0
9677,2026-08-15,3,495,8600.0
9678,2026-05-19,3,582,200.0
9679,2026-09-12,3,218,7320.0
9680,2026-09-11,3,339,4845.0
9681,2026-06-10,1,401,2400.0
9682,2026-02-10,3,413,4765.0
9683,2026-05-27,2,445,2750.0
9684,2026-02-10,2,263,4400.0
9685,2026-06-11,1,347,3850.0
9686,2026-09-20,2,529,1800.0
9687,2026-07-17,2,597,6500.0
9688,2026-05-16,2,192,3800.0
9689,2026-03-12,2,436,3240.0
9690,2026-08-26,2,440,7230.0
9691,2026-04-15,1,59,8400.0
9692,2026-07-12,1,465,8400.0
9693,2026-04-25,2,519,3980.0
9694,2026-01-22,2,531,4012.0
9695,2026-05-19,3,101,6960.0
9696,2026-07-17,3,582,400.0
9697,2026-03-04,3,486,1385.0
9698,2026-04-07,2,234,11460.0
9699,2026-05-23,2,276,2300.0
9700,2026-01-09,3,595,6940.0
9701,2026-01-12,2,577,2980.0
9702,2026-04-06,1,38,4400.0
9703,2026-05-25,1,88,6000.0
9704,2026-03-12,1,597,5280.0
9705,2026-02-05,2,558,1340.0
9706,2026-09-23,3,40,1050.0
9707,2026-03-26,3,76,6797.5
9708,2026-07-03,1,19,3825.0
9709,2026-01-09,1,578,4380.0
9710,2026-02-14,3,219,2890.0
9711,2026-04-22,2,359,2525.0
9712,2026-02-07,2,209,1750.0
9713,2026-06-29,1,538,11400.0
9714,2026-05-05,1,198,1200.0
9715,2026-08-05,3,465,13730.0
9716,2026-05-24,2,384,2000.0
9717,2026-05-21,1,417,7100.0
9718,2026-03-11,2,326,5990.0
9719,2026-05-22,2,164,6900.0
9720,2026-05-29,2,31,5060.0
9721,2026-03-01,1,465,400.0
9722,2026-03-19,1,308,6360.0
9723,2026-03-23,1,445,2850.0
9724,2026-09-16,1,125,6500.0
9725,2026-01-31,3,66,9800.0
9726,2026-04-02,2,393,2385.0
9727,2026-09-22,3,194,8100.0
9728,2026-03-23,2,315,1040.0
9729,2026-07-31,2,600,4575.0
9730,2026-03-10,3,73,500.0
9731,2026-06-22,1,526,3950.0
9732,2026-06-27,1,55,5945.0
9733,2026-09-01,2,426,2370.0
9734,2026-04-20,1,35,7892.5
9735,2026-08-20,3,346,3200.0
9736,2026-04-22,3,120,3950.0
9737,2026-08-08,1,547,7225.0
9738,2026-07-06,3,253,600.0
9739,2026-07-31,3,422,3240.0
9740,2026-03-11,3,517,3050.0
9741,2026-09-23,1,236,6100.0
9742,2026-07-20,1,63,8680.0
9743,2026-01-19,3,465,4170.0
9744,2026-06-26,1,470,8765.0
9745,2026-05-29,1,492,6300.0
9746,2026-05-06,1,118,680.0
9747,2026-09-30,1,265,200.0
9748,2026-09-27,3,309,11325.0
9749,2026-08-09,2,334,3000.0
9750,2026-03-16,1,171,1000.0
9751,2026-02-20,1,68,9400.0
9752,2026-03-29,1,179,12125.0
9753,2026-01-07,2,59,6360.0
9754,2026-07-25,1,535,9982.5
9755,2026-03-06,3,538,7340.0
9756,2026-01-09,1,485,5400.0
9757,2026-05-06,3,470,2100.0
9758,2026-06-28,2,150,11180.0
9759,2026-01-04,1,193,6660.0
9760,2026-06-05,1,324,300.0
9761,2026-07-19,1,593,5680.0
9762,2026-06-07,1,270,19700.0
9763,2026-04-13,3,580,580.0
9764,2026-03-10,1,589,5125.0
9765,2026-03-02,1,254,1670.0
9766,2026-06-14,1,428,2100.0
9767,2026-02-17,1,592,6270.0
9768,2026-03-08,3,62,10680.0
9769,2026-02-13,3,364,4240.0
9770,2026-05-10,2,281,7950.0
9771,2026-01-17,2,414,6560.0
9772,2026-07-10,1,17,10720.0
9773,2026-06-05,2,517,5010.0
9774,2026-08-08,1,499,1495.0
9775,2026-03-20,1,361,9685.0
9776,2026-06-02,2,153,11547.5
9777,2026-07-13,2,527,2100.0
9778,2026-07-09,3,309,2760.0
9779,2026-05-17,2,352,2145.0
9780,2026-01-11,1,558,13190.0
9781,2026-04-29,1,454,3600.0
9782,2026-04-29,3,219,3100.0
9783,2026-05-28,1,278,6080.0
9784,2026-02-04,1,104,10000.0
9785,2026-07-14,2,261,4380.0
9786,2026-02-19,2,199,9880.0
9787,2026-01-10,2,180,6180.0
9788,2026-06-02,2,310,2600.0
9789,2026-01-23,2,314,6285.0
9790,2026-03-05,3,560,6200.0
9791,2026-05-10,2,410,4800.0
9792,2026-06-27,2,513,2285.0
9793,2026-06-06,2,217,8155.0
9794,2026-03-01,3,428,13995.0
9795,2026-09-17,2,527,6900.0
9796,2026-01-26,1,558,7500.0
9797,2026-09-29,1,403,3000.0
9798,2026-06-19,1,204,4100.0
9799,2026-05-17,1,416,9600.0
9800,2026-03-31,3,223,4100.0
9801,2026-05-14,2,238,4395.0
9802,2026-01-04,3,240,1140.0
9803,2026-03-03,1,582,1860.0
9804,2026-03-02,2,78,4470.0
9805,2026-01-03,3,444,9465.0
9806,2026-09-20,1,480,4600.0
9807,2026-04-03,2,127,7210.0
9808,2026-09-27,3,383,7600.0
9809,2026-02-20,3,219,5110.0
9810,2026-09-26,3,5,2200.0
9811,2026-05-17,3,25,750.0
9812,2026-05-03,2,398,3270.0
9813,2026-07-24,3,63,4820.0
9814,2026-02-15,2,558,1020.0
9815,2026-05-19,3,179,4390.0
9816,2026-09-28,1,156,885.0
9817,2026-05-02,2,251,10320.0
9818,2026-03-11,3,375,3900.0
9819,2026-02-04,1,427,5550.0
9820,2026-01-19,3,310,1800.0
9821,2026-06-19,2,585,7050.0
9822,2026-05-11,1,512,3300.0
9823,2026-07-01,3,167,2080.0
9824,2026-08-29,3,322,360.0
9825,2026-06-19,2,452,9950.0
9826,2026-08-25,2,262,4770.0
9827,2026-04-23,1,327,285.0
9828,2026-02-02,3,314,1300.0
9829,2026-06-04,2,246,1130.0
9830,2026-08-21,2,385,6605.0
9831,2026-09-08,1,578,5890.0
9832,2026-02-02,1,237,5200.0
9833,2026-06-01,3,392,150.0
9834,2026-04-16,2,137,10176.0
9835,2026-09-29,1,67,5910.0
9836,2026-06-04,3,391,1340.0
9837,2026-09-29,1,395,6490.0
9838,2026-02-11,1,556,11800.0
9839,2026-08-08,3,340,7860.0
9840,2026-08-20,3,550,2825.0
9841,2026-03-06,2,537,3700.0
9842,2026-02-12,1,131,6800.0
9843,2026-06-28,2,315,2300.0
9844,2026-01-17,2,424,5170.0
9845,2026-07-25,1,310,1300.0
9846,2026-07-26,1,233,2400.0
9847,2026-03-09,3,580,3580.0
9848,2026-08-05,1,308,1930.0
9849,2026-04-04,1,204,8175.0
9850,2026-02-25,1,351,2640.0
9851,2026-04-24,2,114,12975.0
9852,2026-04-09,1,549,2070.0
9853,2026-08-16,2,550,4860.0
9854,2026-08-12,2,60,9950.0
9855,2026-06-16,3,463,6500.0
9856,2026-08-26,2,134,6900.0
9857,2026-05-27,1,444,3705.0
9858,2026-08-07,3,504,2900.0
9859,2026-05-18,1,263,6810.0
9860,2026-05-15,2,597,2455.0
9861,2026-04-14,1,571,3510.0
9862,2026-01-01,3,414,1900.0
9863,2026-07-22,3,28,2380.0
9864,2026-05-24,2,41,10850.0
9865,2026-01-03,3,199,4850.0
9866,2026-08-01,1,327,460.0
9867,2026-01-07,1,366,700.0
9868,2026-06-29,3,456,4300.0
9869,2026-08-24,2,517,1660.0
9870,2026-01-11,2,368,300.0
9871,2026-03-21,2,575,2640.0
9872,2026-09-27,2,580,9145.0
9873,2026-03-13,1,590,1200.0
9874,2026-08-13,3,375,1176.0
9875,2026-09-28,1,138,7400.0
9876,2026-02-01,1,404,2600.0
9877,2026-07-06,3,207,3900.0
9878,2026-05-09,2,99,3705.0
9879,2026-07-28,3,73,4740.0
9880,2026-07-29,3,350,5268.0
9881,2026-08-03,2,217,2400.0
9882,2026-01-20,2,513,2900.0
9883,2026-08-15,1,400,2210.0
9884,2026-04-18,1,212,3560.0
9885,2026-08-26,2,80,7222.5
9886,2026-03-31,2,325,11400.0
9887,2026-06-26,2,550,1500.0
9888,2026-09-21,1,331,5100.0
9889,2026-02-15,2,355,2480.0
9890,2026-07-19,1,297,10200.0
9891,2026-02-16,3,556,6100.0
9892,2026-03-01,1,100,7500.0
9893,2026-08-26,1,75,900.0
9894,2026-02-17,1,454,1700.0
9895,2026-09-27,1,433,5000.0
9896,2026-06-29,1,2,12605.0
9897,2026-09-10,1,145,8200.0
9898,2026-04-11,3,568,1400.0
9899,2026-03-06,1,118,7576.0
9900,2026-06-24,2,475,2025.0
9901,2026-08-23,2,14,9000.0
9902,2026-01-09,3,490,1050.0
9903,2026-07-28,3,429,7490.0
9904,2026-09-01,1,580,10100.0
9905,2026-05-31,1,466,4300.0
9906,2026-05-01,2,227,5300.0
9907,2026-06-23,1,39,3490.0
9908,2026-01-23,1,406,16485.0
9909,2026-03-02,1,182,500.0
9910,2026-02-09,2,327,5500.0
9911,2026-07-13,1,10,3900.0
9912,2026-08-27,3,592,228.0
9913,2026-09-23,2,336,1880.0
9914,2026-03-22,1,563,5375.0
9915,2026-09-22,3,87,1700.0
9916,2026-01-26,3,90,8900.0
9917,2026-08-31,2,154,1050.0
9918,2026-03-07,3,472,1900.0
9919,2026-09-23,3,210,3300.0
9920,2026-03-15,1,47,5115.0
9921,2026-01-04,1,269,4800.0
9922,2026-08-13,1,135,1750.0
9923,2026-03-27,1,532,2700.0
9924,2026-04-28,1,466,2850.0
9925,2026-01-20,1,512,1470.0
9926,2026-02-17,1,13,5075.0
9927,2026-08-10,1,178,2280.0
9928,2026-07-08,2,261,12700.0
9929,2026-02-22,3,386,5300.0
9930,2026-06-23,1,521,7400.0
9931,2026-04-05,1,153,450.0
9932,2026-03-30,1,52,1910.0
9933,2026-01-14,2,388,7000.0
9934,2026-01-10,3,284,3500.0
9935,2026-02-19,2,363,3100.0
9936,2026-04-13,3,529,900.0
9937,2026-01-17,2,302,9440.0
9938,2026-08-23,1,570,1710.0
9939,2026-08-04,3,594,6760.0
9940,2026-03-26,1,128,8850.0
9941,2026-02-04,1,566,12830.0
9942,2026-05-25,1,175,3675.0
9943,2026-02-17,2,587,4230.0
9944,2026-04-09,1,474,8813.0
9945,2026-03-04,3,326,2110.0
9946,2026-05-21,2,252,2852.0
9947,2026-06-03,2,64,1560.0
9948,2026-08-09,2,130,2885.0
9949,2026-02-17,3,55,1990.0
9950,2026-04-07,2,45,2090.0
9951,2026-08-02,2,456,2200.0
9952,2026-08-27,3,261,1640.0
9953,2026-06-01,2,70,2500.0
9954,2026-09-21,1,165,7350.0
9955,2026-01-02,2,560,4875.0
9956,2026-08-16,3,243,2400.0
9957,2026-07-15,3,240,15720.0
9958,2026-08-04,1,207,8102.5
9959,2026-05-07,1,434,9642.5
9960,2026-01-02,3,5,4680.0
9961,2026-07-02,1,58,6335.0
9962,2026-07-19,1,283,9830.0
9963,2026-09-07,3,552,13800.0
9964,2026-08-14,1,561,2760.0
9965,2026-06-16,1,218,5500.0
9966,2026-06-27,3,454,1400.0
9967,2026-04-22,3,417,2000.0
9968,2026-05-10,2,154,8120.0
9969,2026-03-30,3,378,1090.0
9970,2026-09-28,1,384,4295.0
9971,2026-02-08,3,253,8520.0
9972,2026-02-14,1,389,4770.0
9973,2026-09-12,3,3,900.0
9974,2026-01-04,2,49,9200.0
9975,2026-03-04,3,225,7950.0
9976,2026-04-23,2,531,750.0
9977,2026-05-19,1,514,8627.5
9978,2026-07-27,3,353,620.0
9979,2026-01-28,2,173,1900.0
9980,2026-08-25,1,217,6300.0
9981,2026-01-04,2,473,8720.0
9982,2026-09-08,3,262,6600.0
9983,2026-02-09,1,239,250.0
9984,2026-09-01,2,592,6500.0
9985,2026-09-03,1,119,3480.0
9986,2026-05-24,1,56,6480.0
9987,2026-08-08,1,386,3035.0
9988,2026-01-12,1,168,8900.0
9989,2026-04-17,2,472,3220.0
9990,2026-05-09,3,391,9960.0
9991,2026-06-17,3,152,1090.0
9992,2026-06-18,2,137,5635.0
9993,2026-05-18,2,108,9300.0
9994,2026-07-26,1,6,3220.0
9995,2026-04-22,2,3,9000.0
9996,2026-02-24,1,353,3990.0
9997,2026-04-24,1,554,3800.0
9998,2026-01-30,1,364,4780.0
9999,2026-03-03,3,224,340.0
10000,2026-05-13,3,559,3080.0
10001,2026-05-15,2,169,4800.0
10002,2026-03-02,3,55,7360.0
10003,2026-09-22,1,347,8820.0
10004,2026-01-27,1,238,6200.0
10005,2026-04-30,1,9,3100.0
10006,2026-08-04,1,133,1080.0
10007,2026-07-20,1,490,4360.0
10008,2026-06-22,2,544,3828.0
10009,2026-02-09,1,124,7430.0
10010,2026-08-30,1,502,1900.0
10011,2026-07-12,1,213,4860.0
10012,2026-08-23,1,565,200.0
10013,2026-03-02,2,583,6175.0
10014,2026-09-20,2,322,5400.0
10015,2026-06-26,1,70,16725.0
10016,2026-05-26,1,304,2856.0
10017,2026-08-26,2,301,2025.0
10018,2026-07-17,2,369,760.0
10019,2026-01-24,1,1,2070.0
10020,2026-08-10,2,415,1500.0
10021,2026-02-14,3,573,11470.0
10022,2026-04-19,1,389,5100.0
10023,2026-01-16,2,253,3570.0
10024,2026-02-01,1,301,7775.0
10025,2026-04-18,2,595,7800.0
10026,2026-08-08,1,78,6700.0
10027,2026-09-16,2,348,7200.0
10028,2026-05-24,3,415,15750.0
10029,2026-05-04,2,417,990.0
10030,2026-08-21,2,127,2460.0
10031,2026-08-05,1,134,4950.0
10032,2026-07-23,1,206,5600.0
10033,2026-03-24,1,174,4251.0
10034,2026-03-21,2,115,2300.0
10035,2026-06-18,3,455,1070.0
10036,2026-02-22,1,8,1000.0
10037,2026-03-18,3,87,2580.0
10038,2026-02-06,1,542,1800.0
10039,2026-02-10,1,109,7940.0
10040,2026-08-31,3,312,7705.0
10041,2026-04-13,3,503,5000.0
10042,2026-03-16,2,110,2300.0
10043,2026-01-06,1,459,4910.0
10044,2026-08-26,2,576,12100.0
10045,2026-07-19,2,455,5340.0
10046,2026-06-18,2,175,10800.0
10047,2026-01-24,2,167,6300.0
10048,2026-01-24,1,517,13700.0
10049,2026-03-02,3,462,7990.0
10050,2026-03-08,1,500,80.0
10051,2026-08-16,2,173,2890.0
10052,2026-07-18,2,165,1370.0
10053,2026-01-08,1,450,4500.0
10054,2026-09-10,1,246,8700.0
10055,2026-04-30,3,359,1200.0
10056,2026-07-19,1,352,8900.0
10057,2026-09-05,3,285,1340.0
10058,2026-05-16,1,157,1500.0
10059,2026-08-16,1,213,2440.0
10060,2026-06-15,2,535,1642.5
10061,2026-04-27,3,195,7800.0
10062,2026-05-01,2,313,8750.0
10063,2026-09-08,1,371,5666.0
10064,2026-09-10,2,570,5340.0
10065,2026-09-28,2,504,6500.0
10066,2026-07-23,2,472,7170.0
10067,2026-09-12,3,462,8190.0
10068,2026-04-22,1,515,450.0
10069,2026-01-22,2,305,5220.0
10070,2026-07-10,3,5,3460.0
10071,2026-04-27,2,91,5330.0
10072,2026-07-21,2,437,1950.0
10073,2026-08-10,1,244,11970.0
10074,2026-09-11,3,224,3900.0
10075,2026-05-02,2,137,11325.0
10076,2026-01-31,2,260,6115.0
10077,2026-06-25,3,359,10090.0
10078,2026-06-16,1,138,700.0
10079,2026-08-07,1,48,2740.0
10080,2026-07-19,3,6,610.0
10081,2026-01-27,2,19,9750.0
10082,2026-06-29,1,339,4380.0
10083,2026-04-25,3,253,1390.0
10084,2026-07-04,1,574,2760.0
10085,2026-07-10,1,383,10635.0
10086,2026-02-04,1,23,4290.0
10087,2026-02-27,1,394,9200.0
10088,2026-06-28,2,74,4250.0
10089,2026-09-04,3,59,1570.0
10090,2026-05-10,2,599,3080.0
10091,2026-01-23,2,86,2880.0
10092,2026-03-27,1,544,4000.0
10093,2026-04-05,2,336,5500.0
10094,2026-02-13,2,591,4980.0
10095,2026-04-25,2,401,4620.0
10096,2026-01-06,3,37,3610.0
10097,2026-09-07,2,27,7400.0
10098,2026-01-22,2,82,16080.0
10099,2026-01-10,1,481,4710.0
10100,2026-01-25,1,411,1050.0
10101,2026-03-26,2,128,1740.0
10102,2026-06-15,3,143,7800.0
10103,2026-05-10,2,362,5400.0
10104,2026-04-27,2,499,2650.0
10105,2026-01-22,1,588,12000.0
10106,2026-07-31,2,483,1700.0
10107,2026-05-08,2,210,2300.0
10108,2026-05-27,3,75,4065.0
10109,2026-08-07,3,361,5405.0
10110,2026-06-20,1,222,10300.0
10111,2026-06-21,1,402,8060.0
10112,2026-01-16,3,392,6900.0
10113,2026-01-24,3,111,9000.0
10114,2026-03-08,3,596,9175.0
10115,2026-01-13,2,534,3900.0
10116,2026-02-01,3,193,10655.0
10117,2026-06-17,2,159,1000.0
10118,2026-03-01,3,581,2980.0
10119,2026-02-19,1,386,1540.0
10120,2026-03-27,1,380,15000.0
10121,2026-09-27,2,457,2800.0
10122,2026-06-09,1,419,240.0
10123,2026-05-27,2,311,3325.0
10124,2026-09-14,2,580,3685.0
10125,2026-04-08,1,472,970.0
10126,2026-07-04,1,269,2900.0
10127,2026-06-26,3,71,3890.0
10128,2026-01-07,2,95,10800.0
10129,2026-03-28,1,556,200.0
10130,2026-02-25,2,465,13925.0
10131,2026-01-10,2,527,7750.0
10132,2026-04-26,1,147,4700.0
10133,2026-01-04,2,543,9680.0
10134,2026-01-19,3,146,9525.0
10135,2026-07-08,3,254,1615.0
10136,2026-02-08,3,229,4920.0
10137,2026-09-27,1,29,6400.0
10138,2026-03-26,3,363,3410.0
10139,2026-07-31,2,331,5060.0
10140,2026-06-04,1,11,9070.0
10141,2026-04-30,2,159,8150.0
10142,2026-07-03,1,116,300.0
10143,2026-04-29,1,313,8700.0
10144,2026-09-11,2,24,2365.0
10145,2026-06-06,1,45,1500.0
10146,2026-07-01,3,93,9100.0
10147,2026-09-06,1,192,4910.0
10148,2026-05-23,3,91,3400.0
10149,2026-06-13,1,353,2100.0
10150,2026-02-18,1,361,2110.0
10151,2026-04-15,1,223,5630.0
10152,2026-02-10,3,130,2309.0
10153,2026-05-10,3,568,5090.0
10154,2026-05-01,1,359,5800.0
10155,2026-01-11,1,273,570.0
10156,2026-04-25,2,369,4205.0
10157,2026-02-21,1,323,6700.0
10158,2026-04-18,1,391,3970.0
10159,2026-03-06,3,99,9100.0
10160,2026-05-16,3,307,300.0
10161,2026-08-26,1,170,2200.0
10162,2026-08-26,1,138,9000.0
10163,2026-07-01,2,417,10810.0
10164,2026-05-14,1,63,6850.0
10165,2026-06-21,2,481,435.0
10166,2026-06-04,2,485,2800.0
10167,2026-01-07,1,532,8480.0
10168,2026-05-09,3,84,11400.0
10169,2026-05-13,1,226,7700.0
10170,2026-09-28,2,409,240.0
10171,2026-09-26,3,298,2600.0
10172,2026-07-31,3,428,4000.0
10173,2026-08-29,2,305,8178.0
10174,2026-03-28,2,343,7100.0
10175,2026-01-17,2,203,9225.0
10176,2026-06-02,2,586,1400.0
10177,2026-02-03,2,293,12600.0
10178,2026-01-21,1,204,1290.0
10179,2026-05-04,1,292,2500.0
10180,2026-01-18,3,12,600.0
10181,2026-03-08,3,69,8400.0
10182,2026-01-22,2,584,5640.0
10183,2026-07-29,1,459,7100.0
10184,2026-08-22,2,315,1140.0
10185,2026-04-20,2,55,7460.0
10186,2026-08-07,2,422,2400.0
10187,2026-09-24,1,136,1810.0
10188,2026-01-09,3,92,1160.0
10189,2026-07-30,1,106,8650.0
10190,2026-07-12,1,404,5493.0
10191,2026-05-10,1,113,12720.0
10192,2026-06-05,3,599,2375.0
10193,2026-05-28,3,404,316.0
10194,2026-03-16,3,71,5000.0
10195,2026-05-04,3,576,1890.0
10196,2026-01-19,3,95,4500.0
10197,2026-01-14,1,344,5150.0
10198,2026-07-07,1,592,4875.0
10199,2026-05-22,1,112,11200.0
10200,2026-06-28,3,359,14935.0
10201,2026-02-06,3,365,800.0
10202,2026-06-16,1,517,2200.0
10203,2026-01-20,3,567,4510.0
10204,2026-01-05,3,389,12040.0
10205,2026-04-25,1,587,1702.0
10206,2026-08-05,3,128,5520.0
10207,2026-09-29,3,147,5460.0
10208,2026-06-02,2,413,3550.0
10209,2026-08-20,3,155,5416.0
10210,2026-05-05,1,262,285.0
10211,2026-01-02,3,5,6060.0
10212,2026-03-11,1,320,2700.0
10213,2026-09-13,3,445,6700.0
10214,2026-01-13,3,454,4850.0
10215,2026-06-27,1,529,7800.0
10216,2026-08-30,2,229,6200.0
10217,2026-04-05,3,3,7700.0
10218,2026-04-04,1,319,4710.0
10219,2026-04-21,1,388,1250.0
10220,2026-05-04,3,532,3300.0
10221,2026-03-24,3,403,13700.0
10222,2026-09-06,1,386,4590.0
10223,2026-01-17,3,250,3100.0
10224,2026-09-20,2,335,6245.0
10225,2026-04-29,2,530,4500.0
10226,2026-02-14,1,390,10350.0
10227,2026-04-23,3,535,1255.0
10228,2026-08-17,1,52,7500.0
10229,2026-01-27,3,342,1990.0
10230,2026-06-07,2,27,5222.0
10231,2026-01-17,1,451,5735.0
10232,2026-07-20,3,271,5100.0
10233,2026-03-27,2,581,1010.0
10234,2026-09-25,2,375,7050.0
10235,2026-08-06,1,170,2900.0
10236,2026-09-05,1,357,11600.0
10237,2026-03-29,1,452,3460.0
10238,2026-03-05,1,180,6800.0
10239,2026-08-23,1,526,5080.0
10240,2026-04-17,1,391,3400.0
10241,2026-02-07,1,575,445.0
10242,2026-05-29,3,334,1440.0
10243,2026-08-05,2,1,19705.0
10244,2026-08-31,1,189,3500.0
10245,2026-07-18,2,272,1540.0
10246,2026-06-03,3,317,2660.0
10247,2026-02-01,3,212,3840.0
10248,2026-01-13,1,583,2345.0
10249,2026-09-29,1,198,4740.0
10250,2026-02-04,2,184,4115.0
10251,2026-04-26,2,231,9075.0
10252,2026-01-24,1,139,6475.0
10253,2026-09-04,2,201,3600.0
10254,2026-08-08,2,563,6870.0
10255,2026-08-05,3,81,8600.0
10256,2026-07-29,2,40,6200.0
10257,2026-06-03,1,310,1140.0
10258,2026-03-22,1,274,1100.0
10259,2026-01-10,2,594,2630.0
10260,2026-03-10,2,58,2000.0
10261,2026-06-27,1,265,5670.0
10262,2026-08-22,3,318,7960.0
10263,2026-03-08,3,367,3500.0
10264,2026-06-16,1,236,8000.0
10265,2026-05-30,1,17,5980.0
10266,2026-04-01,2,60,18075.0
10267,2026-07-12,1,259,8080.0
10268,2026-05-20,2,66,3840.0
10269,2026-01-17,1,51,4100.0
10270,2026-03-17,1,351,3350.0
10271,2026-07-01,3,526,4600.0
10272,2026-03-04,3,161,10305.0
10273,2026-08-19,1,405,4200.0
10274,2026-07-22,2,542,7300.0
10275,2026-02-23,1,130,4240.0
10276,2026-08-16,1,510,1450.0
10277,2026-08-29,2,126,3760.0
10278,2026-06-29,3,382,7330.0
10279,2026-07-12,1,118,1230.0
10280,2026-09-26,1,480,1200.0
10281,2026-06-09,1,144,7585.0
10282,2026-06-20,2,361,8850.0
10283,2026-04-27,2,216,7690.0
10284,2026-07-20,1,44,6600.0
10285,2026-03-16,2,549,3400.0
10286,2026-07-08,2,312,935.0
10287,2026-08-21,2,128,9890.0
10288,2026-01-28,1,570,12640.0
10289,2026-05-19,1,544,3480.0
10290,2026-06-11,3,319,8230.0
10291,2026-05-16,1,359,5700.0
10292,2026-01-15,2,13,8975.0
10293,2026-04-18,2,407,6460.0
10294,2026-05-03,3,550,5600.0
10295,2026-05-07,1,199,2747.0
10296,2026-04-04,3,99,5200.0
10297,2026-07-31,1,589,4820.0
10298,2026-02-22,1,501,11100.0
10299,2026-08-20,3,264,10910.0
10300,2026-04-27,3,76,1900.0
10301,2026-09-06,3,130,400.0
10302,2026-06-30,2,84,765.0
10303,2026-03-02,2,446,5165.0
10304,2026-04-10,2,234,3023.0
10305,2026-02-24,2,5,7600.0
10306,2026-08-02,1,68,600.0
10307,2026-03-17,2,30,11515.0
10308,2026-04-23,1,592,6400.0
10309,2026-04-27,1,544,100.0
10310,2026-03-15,3,564,160.0
10311,2026-06-10,2,488,6980.0
10312,2026-04-13,1,127,3675.0
10313,2026-05-26,1,527,14535.0
10314,2026-01-26,3,483,500.0
10315,2026-01-31,1,27,9750.0
10316,2026-07-26,3,508,2060.0
10317,2026-02-13,2,377,11500.0
10318,2026-01-10,2,25,8355.0
10319,2026-05-05,1,73,10465.0
10320,2026-07-04,1,266,4050.0
10321,2026-09-04,2,521,4128.0
10322,2026-02-22,1,345,5252.0
10323,2026-06-04,2,68,3560.0
10324,2026-03-31,3,332,5400.0
10325,2026-09-07,1,417,5500.0
10326,2026-05-18,3,410,5940.0
10327,2026-09-24,3,585,4490.0
10328,2026-08-31,1,231,80.0
10329,2026-03-28,1,367,11665.0
10330,2026-04-03,1,370,13005.0
10331,2026-07-26,2,20,2600.0
10332,2026-04-13,1,291,9005.0
10333,2026-06-22,1,469,6850.0
10334,2026-08-25,1,324,3300.0
10335,2026-05-24,2,320,3932.0
10336,2026-04-24,2,197,3020.0
10337,2026-04-22,3,83,3900.0
10338,2026-08-31,2,480,5700.0
10339,2026-06-06,1,51,4100.0
10340,2026-07-12,3,540,1200.0
10341,2026-08-28,2,28,5675.0
10342,2026-05-08,2,200,2500.0
10343,2026-06-29,3,12,11900.0
10344,2026-03-10,1,598,5200.0
10345,2026-04-19,2,304,6100.0
10346,2026-08-13,1,140,8170.0
10347,2026-06-22,3,587,270.0
10348,2026-05-19,1,81,4885.0
10349,2026-05-14,3,6,5260.0
10350,2026-03-20,1,393,3250.0
10351,2026-06-08,2,67,400.0
10352,2026-02-11,1,195,4100.0
10353,2026-06-24,3,209,800.0
10354,2026-02-17,3,539,7762.0
10355,2026-06-10,2,554,5100.0
10356,2026-06-19,2,246,7450.0
10357,2026-01-12,3,574,9200.0
10358,2026-08-22,1,46,1315.0
10359,2026-04-10,2,7,3190.0
10360,2026-02-08,3,539,2025.0
10361,2026-08-11,1,303,2950.0
10362,2026-08-05,1,290,1200.0
10363,2026-03-17,2,360,142.5
10364,2026-07-07,3,147,172.0
10365,2026-07-16,3,539,4670.0
10366,2026-03-20,2,573,4500.0
10367,2026-03-13,1,556,9590.0
10368,2026-04-15,1,542,3300.0
10369,2026-05-03,1,243,1710.0
10370,2026-03-20,1,229,3600.0
10371,2026-05-16,1,72,7066.0
10372,2026-03-12,1,133,2500.0
10373,2026-06-20,1,296,3000.0
10374,2026-03-20,2,462,10800.0
10375,2026-06-17,3,501,7800.0
10376,2026-07-09,2,599,7435.0
10377,2026-07-18,1,243,5600.0
10378,2026-04-27,2,189,7500.0
10379,2026-08-03,1,87,8500.0
10380,2026-02-28,3,332,6240.0
10381,2026-08-07,2,125,10060.0
10382,2026-01-23,3,36,1200.0
10383,2026-08-13,1,455,5040.0
10384,2026-03-09,3,20,5600.0
10385,2026-02-18,3,502,2300.0
10386,2026-06-04,1,103,980.0
10387,2026-08-15,1,327,4770.0
10388,2026-09-20,1,562,8870.0
10389,2026-06-03,2,328,3230.0
10390,2026-05-06,1,40,2285.0
10391,2026-01-16,2,194,8650.0
10392,2026-03-30,3,157,1925.0
10393,2026-09-15,1,43,2896.0
10394,2026-07-25,3,511,2700.0
10395,2026-07-23,3,422,570.0
10396,2026-04-06,3,64,8160.0
10397,2026-09-14,2,352,1880.0
10398,2026-05-11,1,460,6050.0
10399,2026-07-21,2,29,5400.0
10400,2026-08-21,3,174,8410.0
10401,2026-02-01,2,250,8040.0
10402,2026-09-28,1,391,5765.0
10403,2026-09-22,2,546,7545.0
10404,2026-07-27,2,302,3580.0
10405,2026-03-11,1,25,1400.0
10406,2026-09-06,1,589,4100.0
10407,2026-09-22,2,375,5780.0
10408,2026-07-16,2,218,285.0
10409,2026-06-15,2,487,690.0
10410,2026-01-14,3,170,9055.0
10411,2026-08-15,2,515,7500.0
10412,2026-08-28,3,480,2780.0
10413,2026-07-22,2,51,6900.0
10414,2026-09-09,2,393,2200.0
10415,2026-01-06,3,425,3900.0
10416,2026-03-02,3,87,5850.0
10417,2026-07-16,1,356,8460.0
10418,2026-09-10,2,555,6690.0
10419,2026-04-08,2,268,1760.0
10420,2026-07-10,1,534,5140.0
10421,2026-07-21,2,2,3500.0
10422,2026-03-29,1,580,8610.0
10423,2026-02-12,1,278,1425.0
10424,2026-08-14,1,210,2265.0
10425,2026-02-26,2,108,12520.0
10426,2026-07-06,2,239,5220.0
10427,2026-05-20,1,349,3175.0
10428,2026-04-22,3,399,4235.0
10429,2026-03-25,3,233,2570.0
10430,2026-02-16,3,23,600.0
10431,2026-08-22,2,337,6270.0
10432,2026-08-18,2,423,7000.0
10433,2026-01-21,3,374,8010.0
10434,2026-03-29,1,233,500.0
10435,2026-01-10,3,532,2484.0
10436,2026-03-21,3,496,6310.0
10437,2026-09-06,2,394,11400.0
10438,2026-08-19,3,135,8340.0
10439,2026-08-30,1,375,7044.0
10440,2026-06-17,3,457,2385.0
10441,2026-07-07,3,369,1125.0
10442,2026-06-27,3,88,7500.0
10443,2026-08-09,2,510,5900.0
10444,2026-03-25,3,362,600.0
10445,2026-04-29,3,14,300.0
10446,2026-03-31,1,330,7190.0
10447,2026-09-08,1,35,3900.0
10448,2026-04-16,1,273,6290.0
10449,2026-01-29,3,347,1620.0
10450,2026-07-25,1,146,3425.0
10451,2026-02-12,3,139,1000.0
10452,2026-05-05,1,473,3200.0
10453,2026-07-15,2,55,6665.0
10454,2026-06-10,2,207,500.0
10455,2026-02-20,1,413,5035.0
10456,2026-01-08,3,377,7200.0
10457,2026-05-15,1,104,10350.0
10458,2026-01-29,2,162,3100.0
10459,2026-02-03,3,289,570.0
10460,2026-03-08,1,308,4300.0
10461,2026-05-07,1,245,6340.0
10462,2026-08-02,3,469,150.0
10463,2026-02-02,1,539,2400.0
10464,2026-05-05,1,180,6240.0
10465,2026-02-18,1,412,3000.0
10466,2026-05-21,3,521,5225.0
10467,2026-07-27,1,407,8975.0
10468,2026-09-10,3,239,1900.0
10469,2026-05-06,1,508,900.0
10470,2026-07-11,3,4,2700.0
10471,2026-06-08,2,509,5450.0
10472,2026-09-26,3,182,10700.0
10473,2026-05-04,3,76,6670.0
10474,2026-03-13,3,429,11330.0
10475,2026-02-03,1,192,2420.0
10476,2026-07-09,3,176,5700.0
10477,2026-04-15,3,399,1724.0
10478,2026-02-13,3,20,3890.0
10479,2026-04-12,2,214,5750.0
10480,2026-07-26,1,399,12540.0
10481,2026-07-06,2,154,10600.0
10482,2026-06-10,1,503,4540.0
10483,2026-02-06,2,288,2810.0
10484,2026-08-10,1,438,1450.0
10485,2026-09-05,2,345,8090.0
10486,2026-06-21,2,181,10790.0
10487,2026-03-21,2,17,7740.0
10488,2026-05-18,1,502,5400.0
10489,2026-05-28,1,571,3500.0
10490,2026-01-29,2,416,880.0
10491,2026-03-30,1,114,1440.0
10492,2026-06-19,3,492,7890.0
10493,2026-01-18,2,61,7725.0
10494,2026-03-17,1,89,7040.0
10495,2026-04-28,3,383,10940.0
10496,2026-05-24,3,525,8165.0
10497,2026-06-13,2,378,4700.0
10498,2026-03-28,2,464,3400.0
10499,2026-08-21,2,26,5500.0
10500,2026-03-12,1,49,1400.0
10501,2026-06-18,1,419,1235.0
10502,2026-02-17,2,17,5830.0
10503,2026-06-20,2,187,13715.0
10504,2026-09-28,3,94,3695.0
10505,2026-07-02,2,432,540.0
10506,2026-06-10,1,283,2528.0
10507,2026-01-29,1,530,7700.0
10508,2026-07-27,3,584,5700.0
10509,2026-05-24,1,106,2600.0
10510,2026-09-16,1,403,2600.0
10511,2026-01-16,1,13,4195.0
10512,2026-05-25,1,513,10000.0
10513,2026-02-21,1,230,9800.0
10514,2026-09-24,2,124,3050.0
10515,2026-09-15,3,441,680.0
10516,2026-07-12,3,567,10405.0
10517,2026-09-13,1,106,3300.0
10518,2026-01-19,3,549,2375.0
10519,2026-05-17,3,433,8685.0
10520,2026-03-19,1,568,4170.0
10521,2026-07-16,2,104,8625.0
10522,2026-08-28,1,190,3625.0
10523,2026-08-29,1,436,12600.0
10524,2026-06-12,3,17,16690.0
10525,2026-04-27,3,315,16925.0
10526,2026-04-06,3,199,4150.0
10527,2026-09-07,3,37,9810.0
10528,2026-01-03,3,251,800.0
10529,2026-03-21,1,96,5150.0
10530,2026-08-09,3,34,3340.0
10531,2026-01-31,1,454,10700.0
10532,2026-01-09,2,226,5080.0
10533,2026-05-06,2,335,1100.0
10534,2026-03-06,1,332,6540.0
10535,2026-01-15,2,115,3690.0
10536,2026-06-11,2,551,2700.0
10537,2026-06-10,2,195,11170.0
10538,2026-08-31,1,90,4895.0
10539,2026-06-28,3,438,7500.0
10540,2026-09-24,3,166,750.0
10541,2026-04-23,1,118,8420.0
10542,2026-06-17,3,592,6540.0
10543,2026-06-01,1,140,1360.0
10544,2026-08-06,3,250,8100.0
10545,2026-08-24,2,555,5030.0
10546,2026-09-17,1,549,1972.0
10547,2026-07-26,2,537,3650.0
10548,2026-06-01,2,179,7750.0
10549,2026-01-30,3,237,2250.0
10550,2026-06-08,3,107,5325.0
10551,2026-02-04,3,149,7500.0
10552,2026-08-21,1,393,10740.0
10553,2026-04-12,1,586,5482.5
10554,2026-08-17,1,91,740.0
10555,2026-03-09,1,373,5980.0
10556,2026-06-28,1,349,1050.0
10557,2026-07-02,1,407,5380.0
10558,2026-06-26,1,556,5635.0
10559,2026-08-04,1,286,5400.0
10560,2026-04-26,3,482,3360.0
10561,2026-09-17,2,365,4670.0
10562,2026-02-03,3,369,400.0
10563,2026-03-09,2,516,500.0
10564,2026-09-23,1,64,5280.0
10565,2026-09-11,1,481,660.0
10566,2026-07-29,1,57,5450.0
10567,2026-07-31,1,359,3900.0
10568,2026-05-24,1,390,500.0
10569,2026-02-11,2,44,3100.0
10570,2026-07-30,1,469,5285.0
10571,2026-05-10,3,556,2790.0
10572,2026-01-20,1,359,3880.0
10573,2026-08-12,3,228,8200.0
10574,2026-04-04,3,80,4960.0
10575,2026-07-15,2,48,2400.0
10576,2026-09-08,2,57,272.0
10577,2026-05-11,2,484,6560.0
10578,2026-04-21,3,562,5315.0
10579,2026-09-27,3,521,700.0
10580,2026-08-19,3,163,3100.0
10581,2026-02-07,3,282,3900.0
10582,2026-07-06,3,518,5640.0
10583,2026-03-13,2,421,3775.0
10584,2026-09-28,1,564,954.0
10585,2026-08-28,1,337,14100.0
10586,2026-08-18,1,298,3400.0
10587,2026-01-13,3,349,7900.0
10588,2026-08-12,1,327,5100.0
10589,2026-09-09,3,376,6080.0
10590,2026-04-12,2,521,6480.0
10591,2026-01-07,3,170,10000.0
10592,2026-05-06,1,330,3585.0
10593,2026-02-24,1,469,4335.0
10594,2026-09-29,2,240,5580.0
10595,2026-02-08,1,16,4300.0
10596,2026-09-06,1,23,11100.0
10597,2026-06-12,1,281,5390.0
10598,2026-03-06,2,52,1280.0
10599,2026-08-01,3,110,1200.0
10600,2026-07-10,3,109,1890.0
10601,2026-04-09,2,394,900.0
10602,2026-09-10,3,255,2290.0
10603,2026-08-31,3,515,4730.0
10604,2026-06-26,3,282,1100.0
10605,2026-03-16,3,58,3700.0
10606,2026-03-28,1,444,4200.0
10607,2026-07-02,2,342,5300.0
10608,2026-08-13,3,493,160.0
10609,2026-06-22,1,71,4550.0
10610,2026-06-23,3,519,3090.0
10611,2026-06-24,2,126,7900.0
10612,2026-06-29,1,235,1520.0
10613,2026-06-24,1,320,8800.0
10614,2026-09-16,3,27,5910.0
10615,2026-03-25,1,300,6400.0
10616,2026-09-07,1,502,5200.0
10617,2026-08-04,1,428,12810.0
10618,2026-09-12,1,553,10120.0
10619,2026-07-23,1,205,10700.0
10620,2026-08-01,1,206,1340.0
10621,2026-05-19,2,130,7085.0
10622,2026-01-30,2,436,3900.0
10623,2026-03-17,1,145,11100.0
10624,2026-06-12,3,178,13260.0
10625,2026-06-04,1,600,3655.0
10626,2026-09-12,1,460,4420.0
10627,2026-08-17,2,303,3420.0
10628,2026-02-27,2,398,4390.0
10629,2026-04-21,2,228,17500.0
10630,2026-05-23,1,129,7480.0
10631,2026-05-23,3,294,2660.0
10632,2026-06-18,3,204,2940.0
10633,2026-05-15,2,516,5600.0
10634,2026-08-19,1,73,9800.0
10635,2026-05-14,2,351,3800.0
10636,2026-04-24,3,55,7532.0
10637,2026-01-27,3,551,1100.0
10638,2026-08-04,1,215,5695.0
10639,2026-01-16,2,176,3820.0
10640,2026-03-02,2,468,8080.0
10641,2026-08-13,1,358,6930.0
10642,2026-08-16,3,539,3400.0
10643,2026-01-01,1,390,190.0
10644,2026-07-22,2,120,12660.0
10645,2026-07-25,1,491,300.0
10646,2026-03-23,3,49,6380.0
10647,2026-05-31,2,500,3290.0
10648,2026-05-12,2,579,6990.0
10649,2026-05-09,2,515,8175.0
10650,2026-08-22,1,380,150.0
10651,2026-03-14,3,21,3700.0
10652,2026-02-28,2,147,5385.0
10653,2026-07-04,1,291,7785.0
10654,2026-08-19,2,404,2960.0
10655,2026-03-18,1,152,5455.0
10656,2026-05-16,3,5,10400.0
10657,2026-04-27,2,52,8585.0
10658,2026-08-06,3,492,11700.0
10659,2026-06-05,1,219,8000.0
10660,2026-01-10,3,235,7652.0
10661,2026-05-06,2,134,9270.0
10662,2026-08-22,2,210,730.0
10663,2026-05-17,2,71,3100.0
10664,2026-01-12,2,68,8840.0
10665,2026-09-12,1,399,7275.0
10666,2026-09-23,2,588,3100.0
10667,2026-04-08,2,67,200.0
10668,2026-02-22,3,554,2800.0
10669,2026-07-11,1,198,6500.0
10670,2026-04-25,2,444,7747.5
10671,2026-05-18,1,579,11930.0
10672,2026-02-09,2,21,7490.0
10673,2026-04-04,2,432,200.0
10674,2026-05-16,2,265,400.0
10675,2026-07-12,1,96,1027.5
10676,2026-02-17,2,307,7535.0
10677,2026-09-03,2,276,3405.0
10678,2026-01-04,1,113,4770.0
10679,2026-03-31,1,361,11600.0
10680,2026-03-20,2,488,5750.0
10681,2026-08-01,3,40,4780.0
10682,2026-05-27,3,588,1885.0
10683,2026-05-05,1,527,960.0
10684,2026-06-14,3,573,400.0
10685,2026-07-29,1,571,8260.0
10686,2026-08-12,3,83,1480.0
10687,2026-01-29,1,135,4200.0
10688,2026-07-05,1,498,3980.0
10689,2026-05-03,3,149,3925.0
10690,2026-06-30,3,417,3470.0
10691,2026-04-04,1,357,1176.0
10692,2026-04-05,3,345,3600.0
10693,2026-07-07,2,387,10400.0
10694,2026-04-27,2,41,9900.0
10695,2026-02-11,2,5,5300.0
10696,2026-06-19,3,585,3175.0
10697,2026-09-26,3,184,700.0
10698,2026-09-04,3,381,4400.0
10699,2026-01-09,1,580,200.0
10700,2026-02-01,1,444,1780.0
10701,2026-06-11,3,179,9570.0
10702,2026-03-14,2,546,13410.0
10703,2026-06-27,2,448,1372.0
10704,2026-02-01,1,229,2580.0
10705,2026-02-20,3,212,4250.0
10706,2026-06-01,1,10,1700.0
10707,2026-07-14,2,55,4300.0
10708,2026-06-26,1,487,4275.0
10709,2026-06-27,3,404,5200.0
10710,2026-09-24,2,521,1560.0
10711,2026-06-26,3,234,1110.0
10712,2026-01-29,1,215,2790.0
10713,2026-07-28,1,86,7930.0
10714,2026-05-08,1,354,5900.0
10715,2026-08-13,2,185,7740.0
10716,2026-08-29,2,364,10800.0
10717,2026-03-20,2,62,350.0
10718,2026-08-26,3,291,3630.0
10719,2026-06-03,3,143,4780.0
10720,2026-05-22,1,350,8090.0
10721,2026-02-01,1,473,6250.0
10722,2026-06-24,1,556,2550.0
10723,2026-03-04,2,289,300.0
10724,2026-01-03,3,23,5700.0
10725,2026-05-06,1,201,7240.0
10726,2026-03-08,2,553,3330.0
10727,2026-01-08,2,398,7740.0
10728,2026-02-17,2,422,2380.0
10729,2026-03-30,2,340,4170.0
10730,2026-09-14,2,506,1525.0
10731,2026-05-15,1,317,2970.0
10732,2026-03-09,1,359,10050.0
10733,2026-03-08,1,561,4170.0
10734,2026-06-02,3,396,5995.0
10735,2026-09-08,2,436,390.0
10736,2026-07-10,2,470,9000.0
10737,2026-03-29,2,459,5640.0
10738,2026-06-11,2,324,6000.0
10739,2026-09-29,2,282,5650.0
10740,2026-03-01,3,63,7900.0
10741,2026-08-06,1,178,13700.0
10742,2026-01-13,2,201,4876.0
10743,2026-04-17,3,256,6200.0
10744,2026-09-14,1,297,8200.0
10745,2026-05-14,1,556,2167.5
10746,2026-07-24,1,192,4500.0
10747,2026-07-23,2,229,1630.0
10748,2026-05-26,3,385,10405.0
10749,2026-01-18,2,387,3600.0
10750,2026-02-28,1,588,15300.0
10751,2026-01-14,2,538,3125.0
10752,2026-09-09,3,441,2620.0
10753,2026-03-10,1,406,7165.0
10754,2026-06-22,2,137,8755.0
10755,2026-09-01,1,62,2830.0
10756,2026-04-18,2,85,7800.0
10757,2026-03-27,3,271,2000.0
10758,2026-08-26,2,144,7500.0
10759,2026-09-23,2,320,1650.0
10760,2026-09-29,1,187,6700.0
10761,2026-07-25,2,54,11825.0
10762,2026-04-13,1,458,2660.0
10763,2026-03-02,1,576,4540.0
10764,2026-01-06,1,397,528.0
10765,2026-05-22,1,437,5005.0
10766,2026-07-17,2,150,4810.0
10767,2026-04-21,2,287,3740.0
10768,2026-07-08,2,188,8790.0
10769,2026-01-17,1,334,5400.0
10770,2026-08-22,2,569,6400.0
10771,2026-06-27,3,527,10200.0
10772,2026-06-18,3,568,9510.0
10773,2026-01-09,2,85,9450.0
10774,2026-09-11,1,250,1640.0
10775,2026-02-27,1,563,3425.0
10776,2026-01-03,2,134,7225.0
10777,2026-07-20,2,13,3630.0
10778,2026-04-13,3,351,6100.0
10779,2026-08-03,3,194,6670.0
10780,2026-01-07,3,256,480.0
10781,2026-05-23,1,390,5425.0
10782,2026-01-17,1,220,7500.0
10783,2026-05-01,3,496,3600.0
10784,2026-08-18,3,547,3100.0
10785,2026-04-22,1,594,1200.0
10786,2026-09-23,2,367,10390.0
10787,2026-04-14,3,45,2250.0
10788,2026-07-07,1,122,14700.0
10789,2026-08-23,2,523,3880.0
10790,2026-03-30,2,198,6900.0
10791,2026-03-15,2,278,3900.0
10792,2026-05-31,2,230,1000.0
10793,2026-06-06,3,503,2600.0
10794,2026-04-11,2,195,10275.0
10795,2026-09-30,2,10,7525.0
10796,2026-07-09,1,579,680.0
10797,2026-01-15,1,484,3953.5
10798,2026-02-18,3,447,2728.0
10799,2026-05-12,3,63,6590.0
10800,2026-09-04,3,22,6945.0
10801,2026-03-17,1,527,2140.0
10802,2026-09-16,1,13,3450.0
10803,2026-07-25,3,144,6940.0
10804,2026-06-16,1,510,7275.0
10805,2026-07-03,2,530,1800.0
10806,2026-08-06,3,552,15480.0
10807,2026-05-10,1,94,7535.0
10808,2026-08-01,1,600,6900.0
10809,2026-03-27,1,461,7500.0
10810,2026-08-23,1,254,6540.0
10811,2026-03-27,2,287,3300.0
10812,2026-08-24,2,407,3150.0
10813,2026-07-02,2,316,4500.0
10814,2026-07-10,1,218,7860.0
10815,2026-03-15,3,324,1950.0
10816,2026-02-01,2,161,1910.0
10817,2026-05-10,3,544,7210.0
10818,2026-01-27,3,375,5600.0
10819,2026-04-12,3,495,6380.0
10820,2026-09-12,2,537,11145.0
10821,2026-08-14,3,479,2800.0
10822,2026-08-04,2,302,5200.0
10823,2026-05-22,1,366,10675.0
10824,2026-04-12,3,456,6750.0
10825,2026-03-26,1,337,3080.0
10826,2026-08-04,3,525,4300.0
10827,2026-07-27,1,39,10400.0
10828,2026-03-13,3,289,1950.0
10829,2026-06-15,3,262,4100.0
10830,2026-03-29,3,335,11090.0
10831,2026-07-13,3,91,600.0
10832,2026-08-04,3,297,8700.0
10833,2026-09-04,1,457,300.0
10834,2026-07-11,2,61,5535.0
10835,2026-01-20,1,297,12200.0
10836,2026-07-07,2,517,1040.0
10837,2026-07-17,1,336,5340.0
10838,2026-02-22,1,562,6370.0
10839,2026-03-06,1,509,1440.0
10840,2026-04-07,3,559,4170.0
10841,2026-05-15,2,366,4060.0
10842,2026-04-07,2,323,2300.0
10843,2026-06-11,3,218,9775.0
10844,2026-09-27,3,205,7700.0
10845,2026-07-15,2,485,4400.0
10846,2026-08-02,1,276,11220.0
10847,2026-05-02,2,505,3528.0
10848,2026-09-12,3,79,1950.0
10849,2026-02-13,2,150,1360.0
10850,2026-05-19,3,543,5550.0
10851,2026-01-11,2,201,4500.0
10852,2026-03-04,2,320,900.0
10853,2026-07-06,2,542,4355.0
10854,2026-02-22,3,532,6195.0
10855,2026-04-25,2,577,3400.0
10856,2026-07-03,3,380,1000.0
10857,2026-02-09,1,598,4480.0
10858,2026-05-27,1,580,3697.0
10859,2026-01-02,3,245,8700.0
10860,2026-03-12,1,467,760.0
10861,2026-03-12,3,81,3700.0
10862,2026-02-14,1,499,3225.0
10863,2026-05-07,1,67,8985.0
10864,2026-02-11,1,41,9300.0
10865,2026-05-26,1,415,6455.0
10866,2026-04-01,1,584,7650.0
10867,2026-02-25,2,195,2101.0
10868,2026-02-28,1,65,4628.0
10869,2026-01-07,2,412,5600.0
10870,2026-04-07,1,29,9300.0
10871,2026-09-25,2,121,2900.0
10872,2026-08-12,2,528,1070.0
10873,2026-05-06,2,436,6525.0
10874,2026-04-07,1,452,7280.0
10875,2026-01-01,2,598,4050.0
10876,2026-01-25,2,552,3000.0
10877,2026-06-08,1,180,5750.0
10878,2026-05-18,3,1,3000.0
10879,2026-01-28,1,356,6520.0
10880,2026-08-19,3,183,2045.0
10881,2026-02-23,1,449,5000.0
10882,2026-09-03,1,120,4330.0
10883,2026-03-19,1,151,14770.0
10884,2026-09-17,3,502,10200.0
10885,2026-08-18,1,150,4100.0
10886,2026-06-04,1,526,8500.0
10887,2026-04-26,3,358,2625.0
10888,2026-07-20,1,339,10800.0
10889,2026-01-28,3,599,5430.0
10890,2026-03-20,2,453,7120.0
10891,2026-05-21,3,595,7280.0
10892,2026-05-27,3,131,3900.0
10893,2026-09-07,1,516,5180.0
10894,2026-04-24,2,589,380.0
10895,2026-04-02,2,491,6900.0
10896,2026-03-15,1,233,2400.0
10897,2026-09-22,1,248,7500.0
10898,2026-08-23,2,67,6690.0
10899,2026-07-25,1,403,4272.0
10900,2026-01-16,1,312,5605.0
10901,2026-07-26,2,263,5200.0
10902,2026-09-08,3,201,3275.0
10903,2026-05-01,1,383,2000.0
10904,2026-05-16,3,390,2600.0
10905,2026-08-26,2,247,2565.0
10906,2026-03-07,1,43,4800.0
10907,2026-09-14,1,233,2580.0
10908,2026-05-26,2,316,3240.0
10909,2026-04-25,1,192,7950.0
10910,2026-08-29,3,517,700.0
10911,2026-02-28,3,167,5300.0
10912,2026-08-04,2,21,1585.0
10913,2026-02-07,2,344,7240.0
10914,2026-06-06,2,452,3110.0
10915,2026-03-06,1,526,3275.0
10916,2026-08-30,3,524,13700.0
10917,2026-06-28,2,395,3300.0
10918,2026-06-05,2,192,17400.0
10919,2026-06-16,3,491,800.0
10920,2026-09-16,3,120,5700.0
10921,2026-05-01,3,558,3380.0
10922,2026-06-25,2,106,5780.0
10923,2026-06-26,1,51,5900.0
10924,2026-01-27,1,316,4450.0
10925,2026-05-26,3,543,4716.0
10926,2026-01-03,2,321,6200.0
10927,2026-06-11,3,491,2340.0
10928,2026-03-18,1,492,885.0
10929,2026-03-20,1,528,9080.0
10930,2026-07-22,3,87,10210.0
10931,2026-05-03,1,551,2280.0
10932,2026-03-05,2,161,3830.0
10933,2026-08-06,3,122,3028.0
10934,2026-03-23,3,58,5475.0
10935,2026-03-30,1,488,3900.0
10936,2026-01-13,1,33,1570.0
10937,2026-08-24,1,356,3100.0
10938,2026-03-29,1,553,13650.0
10939,2026-05-26,2,338,16690.0
10940,2026-06-22,3,433,2800.0
10941,2026-07-05,3,269,3550.0
10942,2026-09-12,1,103,8175.0
10943,2026-05-04,2,365,890.0
10944,2026-01-20,3,291,76.0
10945,2026-09-04,1,516,9900.0
10946,2026-05-11,1,251,4300.0
10947,2026-06-28,3,149,2035.0
10948,2026-07-12,1,283,2850.0
10949,2026-06-27,1,329,4800.0
10950,2026-07-07,3,329,5200.0
10951,2026-08-04,1,595,10800.0
10952,2026-09-25,3,318,5500.0
10953,2026-06-11,3,394,7140.0
10954,2026-05-02,2,43,810.0
10955,2026-09-26,2,54,3520.0
10956,2026-08-26,3,416,8415.0
10957,2026-08-27,2,589,676.0
10958,2026-06-01,1,200,3150.0
10959,2026-05-14,1,580,7780.0
10960,2026-03-28,2,256,4000.0
10961,2026-06-10,3,359,15600.0
10962,2026-05-13,1,242,9900.0
10963,2026-04-23,1,82,6476.0
10964,2026-05-04,1,127,230.0
10965,2026-09-18,2,498,1490.0
10966,2026-01-18,1,170,3200.0
10967,2026-01-29,1,21,4600.0
10968,2026-02-27,3,134,3372.0
10969,2026-07-23,2,313,7600.0
10970,2026-03-27,3,361,80.0
10971,2026-09-27,3,400,5240.0
10972,2026-06-13,1,223,4600.0
10973,2026-09-18,1,300,4660.0
10974,2026-07-09,3,40,2450.0
10975,2026-07-18,1,272,732.0
10976,2026-09-14,2,453,9300.0
10977,2026-05-20,3,460,3470.0
10978,2026-05-22,1,295,9140.0
10979,2026-05-18,1,480,4520.0
10980,2026-09-14,1,214,1960.0
10981,2026-04-30,2,40,4860.0
10982,2026-08-09,3,450,6900.0
10983,2026-07-03,2,348,5100.0
10984,2026-06-09,1,593,7380.0
10985,2026-04-15,3,413,3900.0
10986,2026-04-12,2,418,1055.0
10987,2026-08-09,1,199,4760.0
10988,2026-08-11,1,252,4240.0
10989,2026-03-11,2,193,4132.5
10990,2026-05-21,2,324,2110.0
10991,2026-04-23,1,258,200.0
10992,2026-08-24,1,294,8480.0
10993,2026-07-11,1,43,8620.0
10994,2026-03-22,3,54,8000.0
10995,2026-02-06,2,231,900.0
10996,2026-01-09,1,106,750.0
10997,2026-08-03,1,588,2280.0
10998,2026-05-29,1,174,4760.0
10999,2026-04-10,3,437,5320.0
11000,2026-03-20,2,324,4440.0
11001,2026-04-29,3,70,9070.0
11002,2026-01-03,2,322,7300.0
11003,2026-01-24,2,111,8085.0
11004,2026-09-29,1,84,9400.0
11005,2026-07-18,3,62,1800.0
11006,2026-01-02,1,90,4050.0
11007,2026-02-15,1,133,1300.0
11008,2026-05-02,2,371,7700.0
11009,2026-08-21,2,336,8410.0
11010,2026-06-23,3,45,2700.0
11011,2026-02-02,1,178,200.0
11012,2026-01-16,3,113,6300.0
11013,2026-02-26,1,294,2200.0
11014,2026-07-06,3,115,800.0
11015,2026-03-07,3,227,13350.0
11016,2026-06-28,2,185,3300.0
11017,2026-08-04,2,320,1890.0
11018,2026-09-17,1,28,360.0
11019,2026-09-09,1,537,3575.0
11020,2026-01-28,1,515,5300.0
11021,2026-07-14,3,84,4700.0
11022,2026-01-03,1,589,9600.0
11023,2026-07-07,2,550,11628.0
11024,2026-08-30,1,125,2700.0
11025,2026-05-13,1,149,5940.0
11026,2026-04-09,2,594,3080.0
11027,2026-08-19,1,184,7900.0
11028,2026-04-27,2,16,2460.0
11029,2026-04-16,3,460,1725.0
11030,2026-08-30,2,577,9900.0
11031,2026-07-12,3,310,12500.0
11032,2026-06-09,1,368,6080.0
11033,2026-09-20,3,228,6360.0
11034,2026-02-28,1,258,1800.0
11035,2026-06-21,2,479,5140.0
11036,2026-04-08,1,290,5500.0
11037,2026-05-03,2,410,160.0
11038,2026-01-30,2,234,2520.0
11039,2026-07-25,3,283,4780.0
11040,2026-01-23,1,529,24905.0
11041,2026-07-08,3,574,7600.0
11042,2026-07-14,3,456,95.0
11043,2026-03-06,2,472,2800.0
11044,2026-03-24,3,420,4710.0
11045,2026-04-09,1,114,4500.0
11046,2026-07-20,2,347,6000.0
11047,2026-08-23,1,481,10300.0
11048,2026-09-17,2,416,8760.0
11049,2026-01-06,1,245,8200.0
11050,2026-06-04,3,483,7700.0
11051,2026-04-30,1,67,6360.0
11052,2026-01-21,2,111,8310.0
11053,2026-01-19,1,131,7500.0
11054,2026-03-16,3,43,6790.0
11055,2026-05-04,1,232,10440.0
11056,2026-07-05,1,278,9000.0
11057,2026-02-23,1,62,7500.0
11058,2026-03-16,2,315,6445.0
11059,2026-05-07,1,401,2140.0
11060,2026-06-30,1,380,8580.0
11061,2026-03-15,1,464,11800.0
11062,2026-05-03,2,125,1083.0
11063,2026-07-04,1,108,3176.0
11064,2026-03-24,2,15,3400.0
11065,2026-02-28,3,150,4455.0
11066,2026-04-26,3,528,4130.0
11067,2026-09-08,1,39,2990.0
11068,2026-02-24,2,521,21925.0
11069,2026-07-16,2,130,4450.0
11070,2026-09-06,3,247,3880.0
11071,2026-06-12,1,278,11900.0
11072,2026-09-28,2,463,3067.5
11073,2026-04-22,3,346,2750.0
11074,2026-03-30,3,172,6376.0
11075,2026-08-03,1,3,3560.0
11076,2026-07-09,2,198,7125.0
11077,2026-08-28,3,310,1160.0
11078,2026-09-13,2,445,5930.0
11079,2026-02-14,2,562,540.0
11080,2026-09-12,3,152,8520.0
11081,2026-01-22,1,499,1550.0
11082,2026-05-13,2,267,5360.0
11083,2026-08-01,3,206,3230.0
11084,2026-09-17,2,360,1400.0
11085,2026-01-31,1,140,2000.0
11086,2026-04-22,3,597,6875.0
11087,2026-07-16,3,439,4180.0
11088,2026-02-18,1,454,6032.5
11089,2026-06-16,2,352,8770.0
11090,2026-09-21,1,553,3660.0
11091,2026-03-15,2,165,4696.0
11092,2026-03-23,1,300,300.0
11093,2026-08-17,3,575,4940.0
11094,2026-08-06,2,299,8960.0
11095,2026-09-21,1,53,1500.0
11096,2026-01-19,2,570,3500.0
11097,2026-07-08,1,111,7700.0
11098,2026-05-30,2,229,6200.0
11099,2026-04-06,2,198,3600.0
11100,2026-01-11,3,31,4800.0
11101,2026-08-16,3,372,100.0
11102,2026-05-27,2,296,2600.0
11103,2026-03-13,2,13,2830.0
11104,2026-04-27,2,24,2910.0
11105,2026-02-16,2,302,1300.0
11106,2026-04-21,1,448,8095.0
11107,2026-04-21,2,140,12000.0
11108,2026-04-08,2,281,6900.0
11109,2026-04-10,2,323,6000.0
11110,2026-07-27,3,106,3200.0
11111,2026-06-28,1,418,2700.0
11112,2026-05-26,3,15,2250.0
11113,2026-03-26,3,582,427.5
11114,2026-06-14,1,89,560.0
11115,2026-07-02,1,533,5580.0
11116,2026-08-24,1,497,750.0
11117,2026-05-10,1,485,4000.0
11118,2026-02-18,1,185,7028.0
11119,2026-09-16,2,374,1800.0
11120,2026-09-04,3,282,7890.0
11121,2026-07-11,3,372,10280.0
11122,2026-01-16,2,105,6460.0
11123,2026-05-19,2,102,11700.0
11124,2026-02-24,3,303,5690.0
11125,2026-04-03,3,101,5160.0
11126,2026-07-06,3,555,5240.0
11127,2026-09-21,1,375,6070.0
11128,2026-08-29,2,105,1300.0
11129,2026-06-29,2,145,10000.0
11130,2026-05-28,3,240,7485.0
11131,2026-07-24,2,544,5300.0
11132,2026-06-06,3,28,1350.0
11133,2026-08-02,1,569,4400.0
11134,2026-02-26,2,430,2580.0
11135,2026-07-31,2,167,1200.0
11136,2026-08-12,3,463,1900.0
11137,2026-08-27,3,2,2880.0
11138,2026-06-14,1,522,4600.0
11139,2026-08-24,1,554,8375.0
11140,2026-05-03,2,369,3227.5
11141,2026-04-11,3,174,2200.0
11142,2026-08-15,1,68,822.5
11143,2026-02-10,1,349,2750.0
11144,2026-08-27,3,329,9075.0
11145,2026-05-28,1,349,3825.0
11146,2026-09-23,3,255,8380.0
11147,2026-03-01,1,373,3450.0
11148,2026-06-18,3,597,340.0
11149,2026-02-22,1,113,3700.0
11150,2026-07-25,1,510,12900.0
11151,2026-04-25,3,383,585.0
11152,2026-02-06,2,490,3450.0
11153,2026-06-23,2,13,1905.0
11154,2026-02-15,3,356,5050.0
11155,2026-09-17,1,422,11135.0
11156,2026-05-05,3,140,4140.0
11157,2026-08-15,2,345,4491.0
11158,2026-02-07,2,301,9892.5
11159,2026-04-22,3,539,3540.0
11160,2026-08-22,2,497,4500.0
11161,2026-05-19,3,164,4040.0
11162,2026-07-07,1,230,4500.0
11163,2026-03-18,3,368,3200.0
11164,2026-04-29,3,564,600.0
11165,2026-01-21,1,83,7540.0
11166,2026-04-22,1,7,3800.0
11167,2026-08-17,2,380,1300.0
11168,2026-04-10,1,371,10755.0
11169,2026-07-22,1,558,6780.0
11170,2026-09-09,2,507,3692.0
11171,2026-03-28,3,322,2770.0
11172,2026-08-02,2,144,5210.0
11173,2026-06-19,3,494,1800.0
11174,2026-06-26,2,275,11552.0
11175,2026-07-11,2,519,3280.0
11176,2026-06-09,1,400,9160.0
11177,2026-01-26,1,230,4700.0
11178,2026-08-26,1,248,1800.0
11179,2026-04-24,1,159,3660.0
11180,2026-06-10,1,350,80.0
11181,2026-09-20,2,129,6760.0
11182,2026-08-08,1,364,4325.0
11183,2026-01-16,3,394,3005.0
11184,2026-05-29,2,67,6500.0
11185,2026-02-06,2,253,6640.0
11186,2026-08-26,1,385,200.0
11187,2026-02-16,2,593,516.0
11188,2026-04-23,2,475,450.0
11189,2026-06-03,3,210,9180.0
11190,2026-03-12,1,559,13565.0
11191,2026-01-19,2,528,1760.0
11192,2026-06-28,1,419,1300.0
11193,2026-04-16,2,69,1200.0
11194,2026-04-29,3,66,6300.0
11195,2026-06-17,1,356,350.0
11196,2026-04-07,2,458,11100.0
11197,2026-08-20,1,88,1555.0
11198,2026-01-13,2,102,4640.0
11199,2026-03-09,1,2,1432.0
11200,2026-04-10,2,368,4780.0
11201,2026-06-08,2,199,2160.0
11202,2026-06-09,1,160,2100.0
11203,2026-04-09,3,524,6100.0
11204,2026-07-17,2,128,7840.0
11205,2026-06-15,3,344,6200.0
11206,2026-03-17,3,27,6040.0
11207,2026-09-07,3,514,5270.0
11208,2026-06-21,3,423,2185.0
11209,2026-05-28,1,157,2200.0
11210,2026-03-15,3,562,2060.0
11211,2026-01-19,1,127,4400.0
11212,2026-08-05,1,212,2400.0
11213,2026-06-22,3,119,10210.0
11214,2026-08-05,2,231,4620.0
11215,2026-09-10,2,28,4610.0
11216,2026-01-18,1,64,1500.0
11217,2026-02-19,3,594,6000.0
11218,2026-07-14,3,137,2400.0
11219,2026-03-13,2,323,11120.0
11220,2026-06-21,1,516,2160.0
11221,2026-06-03,2,566,4140.0
11222,2026-01-28,2,387,5500.0
11223,2026-06-17,3,324,2100.0
11224,2026-06-20,3,70,2650.0
11225,2026-06-26,2,130,6735.0
11226,2026-04-21,2,391,16015.0
11227,2026-09-27,3,243,2600.0
11228,2026-09-06,2,191,8100.0
11229,2026-04-13,2,565,12005.0
11230,2026-03-03,2,285,3742.5
11231,2026-04-01,3,565,600.0
11232,2026-03-05,1,537,2850.0
11233,2026-06-18,3,460,4700.0
11234,2026-07-29,3,239,4100.0
11235,2026-02-26,1,415,7790.0
11236,2026-04-07,1,163,1360.0
11237,2026-04-13,2,135,7000.0
11238,2026-08-10,2,220,2740.0
11239,2026-09-12,2,597,7200.0
11240,2026-05-07,2,536,2576.0
11241,2026-07-23,3,281,6050.0
11242,2026-06-12,3,41,8010.0
11243,2026-02-24,3,333,2380.0
11244,2026-03-21,2,183,2680.0
11245,2026-08-19,3,502,2212.5
11246,2026-08-24,1,491,4000.0
11247,2026-02-06,2,388,2300.0
11248,2026-09-21,1,225,3000.0
11249,2026-06-21,1,225,1585.0
11250,2026-09-21,3,462,6600.0
11251,2026-01-29,1,135,5200.0
11252,2026-07-07,1,347,9660.0
11253,2026-09-05,2,536,4800.0
11254,2026-05-13,3,322,9343.0
11255,2026-02-17,1,311,4050.0
11256,2026-09-12,2,556,4050.0
11257,2026-01-13,2,458,3502.0
11258,2026-08-13,3,571,4450.0
11259,2026-03-18,1,432,6800.0
11260,2026-08-07,1,488,5500.0
11261,2026-09-03,2,190,5435.0
11262,2026-05-23,2,360,400.0
11263,2026-01-24,2,122,3230.0
11264,2026-03-02,1,34,3327.5
11265,2026-05-08,3,479,4200.0
11266,2026-05-18,3,592,570.0
11267,2026-03-25,1,39,750.0
11268,2026-06-05,3,317,11850.0
11269,2026-09-26,3,291,2780.0
11270,2026-01-07,1,226,7750.0
11271,2026-05-12,1,305,5960.0
11272,2026-05-09,1,14,8040.0
11273,2026-02-20,2,324,4450.0
11274,2026-03-06,1,267,2600.0
11275,2026-06-14,3,156,6900.0
11276,2026-07-14,1,92,2400.0
11277,2026-02-24,2,554,7350.0
11278,2026-07-11,1,106,1540.0
11279,2026-06-08,3,551,4960.0
11280,2026-07-20,2,410,6500.0
11281,2026-09-16,1,506,2664.0
11282,2026-08-22,1,579,11700.0
11283,2026-04-23,3,267,1745.0
11284,2026-05-21,2,33,2360.0
11285,2026-06-28,1,310,800.0
11286,2026-08-19,1,9,3000.0
11287,2026-04-25,1,61,3030.0
11288,2026-07-20,2,404,2880.0
11289,2026-05-21,3,273,6060.0
11290,2026-04-30,2,424,600.0
11291,2026-09-26,1,263,4055.0
11292,2026-07-26,2,37,10000.0
11293,2026-07-05,2,76,10800.0
11294,2026-09-10,2,586,2500.0
11295,2026-06-23,1,185,6020.0
11296,2026-03-04,3,50,4550.0
11297,2026-08-16,3,456,9300.0
11298,2026-05-17,3,505,5575.0
11299,2026-09-07,3,278,4575.0
11300,2026-03-03,2,479,1950.0
11301,2026-09-29,1,237,2740.0
11302,2026-08-05,3,16,1400.0
11303,2026-09-29,2,329,8670.0
11304,2026-09-11,1,285,6460.0
11305,2026-08-06,1,501,10905.0
11306,2026-05-28,3,562,5580.0
11307,2026-09-06,1,438,200.0
11308,2026-07-30,3,333,2400.0
11309,2026-01-29,2,139,6000.0
11310,2026-03-28,2,78,2500.0
11311,2026-04-12,3,221,8500.0
11312,2026-08-09,3,522,3400.0
11313,2026-08-22,1,385,3840.0
11314,2026-07-19,3,251,9400.0
11315,2026-05-21,2,556,7070.0
11316,2026-03-13,1,292,5750.0
11317,2026-01-12,1,61,3250.0
11318,2026-03-25,1,538,2200.0
11319,2026-05-26,3,324,7300.0
11320,2026-04-10,3,366,3270.0
11321,2026-05-14,2,435,1100.0
11322,2026-07-30,3,479,8442.5
11323,2026-09-06,2,96,11550.0
11324,2026-08-14,3,448,10100.0
11325,2026-02-21,1,356,11140.0
11326,2026-05-07,1,467,2680.0
11327,2026-07-10,1,128,1980.0
11328,2026-09-16,3,83,6200.0
11329,2026-04-23,1,527,5950.0
11330,2026-05-28,1,530,2970.0
11331,2026-05-24,2,559,200.0
11332,2026-04-13,2,303,1202.0
11333,2026-01-12,1,324,5750.0
11334,2026-08-17,2,265,1600.0
11335,2026-01-05,3,188,1590.0
11336,2026-07-12,1,551,3362.0
11337,2026-04-23,2,87,2400.0
11338,2026-05-13,3,444,4550.0
11339,2026-01-10,2,268,900.0
11340,2026-03-12,2,341,7205.0
11341,2026-03-06,2,37,1100.0
11342,2026-07-21,2,329,2971.0
11343,2026-08-26,2,491,1880.0
11344,2026-05-25,2,142,6200.0
11345,2026-07-06,2,583,3750.0
11346,2026-04-14,1,472,1081.0
11347,2026-06-19,1,277,1400.0
11348,2026-01-08,3,259,1295.0
11349,2026-06-12,1,454,242.5
11350,2026-02-17,1,265,6800.0
11351,2026-01-11,2,283,4140.0
11352,2026-06-12,3,170,8820.0
11353,2026-05-18,2,533,8450.0
11354,2026-04-18,1,29,1800.0
11355,2026-08-06,2,379,300.0
11356,2026-02-06,1,452,2985.0
11357,2026-06-09,2,549,6080.0
11358,2026-01-18,2,94,2280.0
11359,2026-09-06,1,119,760.0
11360,2026-02-03,1,471,1100.0
11361,2026-07-15,1,117,3720.0
11362,2026-03-25,1,388,2960.0
11363,2026-05-10,2,238,4560.0
11364,2026-07-08,2,484,5090.0
11365,2026-07-01,1,75,2985.0
11366,2026-07-18,3,574,6090.0
11367,2026-01-30,2,555,3590.0
11368,2026-07-06,1,592,11820.0
11369,2026-08-11,1,129,6850.0
11370,2026-06-26,3,6,7944.0
11371,2026-07-30,1,76,2600.0
11372,2026-08-14,1,95,2690.0
11373,2026-02-09,1,273,12780.0
11374,2026-03-16,2,363,11235.0
11375,2026-03-27,2,449,2872.0
11376,2026-09-04,1,319,11400.0
11377,2026-08-10,2,233,3115.0
11378,2026-03-22,2,510,4205.0
11379,2026-02-28,1,474,7500.0
11380,2026-09-01,1,568,5576.0
11381,2026-07-11,2,108,11200.0
11382,2026-08-28,3,408,150.0
11383,2026-08-07,2,258,6825.0
11384,2026-05-24,3,353,2625.0
11385,2026-05-26,1,448,2390.0
11386,2026-01-06,1,48,6540.0
11387,2026-03-06,3,22,6500.0
11388,2026-08-01,3,501,3375.0
11389,2026-01-26,2,309,12063.0
11390,2026-02-05,2,182,3640.0
11391,2026-05-04,2,540,8055.0
11392,2026-08-06,2,82,4245.0
11393,2026-05-21,2,161,12430.0
11394,2026-05-26,3,549,4200.0
11395,2026-02-26,2,253,3800.0
11396,2026-02-12,3,319,2050.0
11397,2026-08-31,1,467,3200.0
11398,2026-02-18,2,276,14300.0
11399,2026-02-17,2,376,1500.0
11400,2026-08-23,2,439,5300.0
11401,2026-08-15,1,308,3140.0
11402,2026-04-20,2,378,660.0
11403,2026-08-24,1,600,2675.0
11404,2026-02-10,1,200,4105.0
11405,2026-06-02,3,277,2975.0
11406,2026-06-12,2,356,240.0
11407,2026-07-25,1,548,16900.0
11408,2026-02-18,3,338,9900.0
11409,2026-05-31,2,27,10180.0
11410,2026-03-26,3,395,1665.0
11411,2026-04-07,1,441,4340.0
11412,2026-04-19,1,253,950.0
11413,2026-03-01,1,13,3350.0
11414,2026-03-02,1,76,3080.0
11415,2026-08-24,1,241,3417.5
11416,2026-06-03,2,342,4500.0
11417,2026-01-27,3,3,6500.0
11418,2026-09-21,2,566,3725.0
11419,2026-06-20,1,286,8140.0
11420,2026-07-27,2,281,1620.0
11421,2026-01-09,1,443,2300.0
11422,2026-05-30,1,478,4270.0
11423,2026-02-21,1,492,1350.0
11424,2026-02-20,3,600,4400.0
11425,2026-05-09,1,495,15200.0
11426,2026-07-31,2,364,9200.0
11427,2026-06-23,1,240,1528.0
11428,2026-08-25,1,273,1010.0
11429,2026-05-08,3,113,12300.0
11430,2026-09-28,3,543,15300.0
11431,2026-06-30,1,38,5800.0
11432,2026-02-23,1,18,6005.0
11433,2026-01-27,2,54,2805.0
11434,2026-07-27,3,131,7105.0
11435,2026-02-23,3,95,3610.0
11436,2026-04-11,1,146,6800.0
11437,2026-09-04,1,169,5342.5
11438,2026-08-21,3,599,940.0
11439,2026-04-22,1,391,7165.0
11440,2026-03-01,1,207,10600.0
11441,2026-03-05,3,228,4670.0
11442,2026-05-10,1,59,5100.0
11443,2026-03-06,3,160,7180.0
11444,2026-06-19,1,260,5350.0
11445,2026-08-20,2,371,240.0
11446,2026-03-08,1,13,5000.0
11447,2026-07-25,1,115,10100.0
11448,2026-02-25,3,255,540.0
11449,2026-09-03,2,470,5390.0
11450,2026-02-15,1,302,11845.0
11451,2026-03-29,2,594,5700.0
11452,2026-09-01,1,556,3527.5
11453,2026-05-19,1,459,7830.0
11454,2026-02-06,2,554,1440.0
11455,2026-05-26,2,324,3280.0
11456,2026-02-18,3,46,190.0
11457,2026-09-10,1,365,1580.0
11458,2026-06-22,2,154,6945.0
11459,2026-02-19,2,418,1500.0
11460,2026-03-25,1,18,1000.0
11461,2026-03-14,1,86,5595.0
11462,2026-04-18,2,33,5345.0
11463,2026-01-21,3,546,2600.0
11464,2026-06-03,2,119,580.0
11465,2026-05-19,1,91,1825.0
11466,2026-08-21,1,312,3200.0
11467,2026-05-31,1,10,2100.0
11468,2026-05-30,2,487,4440.0
11469,2026-08-24,2,112,6280.0
11470,2026-08-07,3,577,1520.0
11471,2026-09-04,1,373,5475.0
11472,2026-09-20,2,361,6470.0
11473,2026-07-04,1,369,8790.0
11474,2026-04-07,3,116,1100.0
11475,2026-03-15,3,588,1395.0
11476,2026-03-31,1,551,660.0
11477,2026-04-25,1,465,5200.0
11478,2026-03-02,1,103,5780.0
11479,2026-03-24,2,3,10145.0
11480,2026-02-23,2,104,4020.0
11481,2026-05-26,2,215,2955.0
11482,2026-07-26,2,595,4020.0
11483,2026-07-04,3,399,2085.0
11484,2026-08-29,1,561,5610.0
11485,2026-06-05,3,571,12585.0
11486,2026-02-03,3,411,7800.0
11487,2026-02-06,3,440,2800.0
11488,2026-02-05,2,17,5250.0
11489,2026-09-27,1,596,6000.0
11490,2026-07-14,2,52,4050.0
11491,2026-03-30,3,549,4400.0
11492,2026-02-15,1,347,6250.0
11493,2026-01-22,1,183,8120.0
11494,2026-04-15,3,367,5390.0
11495,2026-01-19,3,400,5600.0
11496,2026-07-16,3,122,6620.0
11497,2026-04-08,1,229,5600.0
11498,2026-04-28,3,55,1880.0
11499,2026-09-24,1,585,3750.0
11500,2026-05-01,2,223,12800.0
11501,2026-07-18,1,425,7905.0
11502,2026-01-03,1,546,3085.0
11503,2026-08-05,1,555,3000.0
11504,2026-07-12,3,517,5100.0
11505,2026-07-02,1,223,5610.0
11506,2026-03-26,2,363,5782.5
11507,2026-06-03,3,445,4200.0
11508,2026-05-06,2,36,3590.0
11509,2026-04-08,1,138,9000.0
11510,2026-07-26,3,52,9000.0
11511,2026-09-06,1,68,6400.0
11512,2026-07-27,2,83,2760.0
11513,2026-09-07,2,102,3375.0
11514,2026-01-08,1,440,4285.0
11515,2026-08-24,1,42,6400.0
11516,2026-02-22,2,449,4050.0
11517,2026-06-26,3,121,300.0
11518,2026-05-06,1,563,2010.0
11519,2026-07-02,3,296,7855.0
11520,2026-03-15,1,82,7845.0
11521,2026-08-15,2,246,6340.0
11522,2026-01-02,1,15,1400.0
11523,2026-01-16,1,398,6335.0
11524,2026-04-19,2,134,5680.0
11525,2026-03-01,3,493,2960.0
11526,2026-07-03,3,68,6980.0
11527,2026-09-29,2,202,5280.0
11528,2026-05-06,3,54,2700.0
11529,2026-05-03,2,84,9425.0
11530,2026-02-11,2,400,4250.0
11531,2026-03-06,2,246,11500.0
11532,2026-04-03,1,190,600.0
11533,2026-09-14,2,49,1900.0
11534,2026-09-30,2,269,2070.0
11535,2026-08-13,2,511,12690.0
11536,2026-02-06,3,438,6075.0
11537,2026-01-01,2,559,12840.0
11538,2026-08-20,3,498,600.0
11539,2026-09-23,3,190,6620.0
11540,2026-04-14,3,559,2500.0
11541,2026-07-21,1,165,7700.0
11542,2026-09-24,3,2,9050.0
11543,2026-05-28,3,509,5080.0
11544,2026-04-23,2,288,2850.0
11545,2026-04-22,2,197,750.0
11546,2026-05-19,2,426,2440.0
11547,2026-02-06,3,79,1168.0
11548,2026-02-09,2,497,6035.0
11549,2026-04-14,1,143,4920.0
11550,2026-06-18,1,368,11650.0
11551,2026-06-10,2,580,2985.0
11552,2026-07-08,3,561,7600.0
11553,2026-08-16,1,422,11362.0
11554,2026-02-01,1,445,9675.0
11555,2026-01-13,2,241,2756.0
11556,2026-03-21,3,39,2360.0
11557,2026-03-26,1,185,500.0
11558,2026-06-16,2,477,7425.0
11559,2026-08-04,2,179,3400.0
11560,2026-09-20,1,220,3455.0
11561,2026-04-03,3,122,5240.0
11562,2026-06-23,3,226,3600.0
11563,2026-08-16,3,301,1800.0
11564,2026-09-28,3,394,10080.0
11565,2026-05-06,2,22,5970.0
11566,2026-04-14,3,192,8500.0
11567,2026-08-06,3,248,2230.0
11568,2026-02-21,3,591,6050.0
11569,2026-07-14,1,241,4060.0
11570,2026-07-15,2,467,2552.0
11571,2026-05-22,3,149,7600.0
11572,2026-04-27,1,67,800.0
11573,2026-08-16,3,132,7660.0
11574,2026-07-01,3,117,4710.0
11575,2026-08-23,2,26,3190.0
11576,2026-09-23,1,529,13550.0
11577,2026-04-07,1,399,12690.0
11578,2026-04-01,3,44,2380.0
11579,2026-03-06,1,187,2450.0
11580,2026-09-05,1,260,600.0
11581,2026-04-13,2,561,2950.0
11582,2026-08-09,1,153,2340.0
11583,2026-03-22,2,75,9090.0
11584,2026-06-01,2,87,3135.0
11585,2026-02-08,2,254,2000.0
11586,2026-01-27,1,486,6440.0
11587,2026-09-26,3,460,4797.0
11588,2026-03-26,3,99,4560.0
11589,2026-02-04,1,126,5530.0
11590,2026-05-18,2,236,4675.0
11591,2026-08-15,1,445,5825.0
11592,2026-01-24,1,269,2780.0
11593,2026-08-01,1,384,6200.0
11594,2026-05-13,1,473,1300.0
11595,2026-06-06,2,209,8395.0
11596,2026-07-16,1,18,2350.0
11597,2026-06-15,2,101,3500.0
11598,2026-05-18,1,386,2240.0
11599,2026-01-07,1,569,6300.0
11600,2026-07-24,2,550,7650.0
11601,2026-05-08,1,410,7000.0
11602,2026-01-19,1,172,570.0
11603,2026-06-24,2,251,8740.0
11604,2026-01-11,1,462,13600.0
11605,2026-09-24,3,17,10535.0
11606,2026-04-09,3,487,400.0
11607,2026-07-07,1,419,5227.5
11608,2026-07-23,2,495,300.0
11609,2026-07-24,3,175,3000.0
11610,2026-04-09,3,138,2600.0
11611,2026-02-25,1,378,6255.0
11612,2026-05-15,1,53,4680.0
11613,2026-01-29,1,23,6900.0
11614,2026-05-03,2,126,6440.0
11615,2026-01-22,2,570,6905.0
11616,2026-06-13,1,447,3070.0
11617,2026-03-22,2,600,5200.0
11618,2026-08-05,1,39,2500.0
11619,2026-05-19,1,61,3480.0
11620,2026-09-17,2,525,2940.0
11621,2026-05-11,2,564,1332.0
11622,2026-05-22,2,511,8880.0
11623,2026-02-27,1,429,2640.0
11624,2026-03-11,3,353,6650.0
11625,2026-06-29,1,483,9700.0
11626,2026-05-13,3,203,2820.0
11627,2026-08-06,1,224,7800.0
11628,2026-09-11,3,334,7985.0
11629,2026-06-23,2,407,5140.0
11630,2026-05-28,1,569,4600.0
11631,2026-07-21,1,1,610.0
11632,2026-07-01,2,228,2100.0
11633,2026-02-09,1,586,4390.0
11634,2026-09-30,2,402,3575.0
11635,2026-01-07,1,2,3700.0
11636,2026-04-01,1,127,4900.0
11637,2026-01-15,1,43,14000.0
11638,2026-07-01,2,436,4110.0
11639,2026-07-20,1,261,5275.0
11640,2026-09-01,2,342,6350.0
11641,2026-03-05,1,187,7510.0
11642,2026-01-13,1,575,8110.0
11643,2026-06-27,2,48,980.0
11644,2026-04-14,2,204,6985.0
11645,2026-06-06,3,322,3300.0
11646,2026-08-22,2,220,900.0
11647,2026-02-11,1,573,304.0
11648,2026-05-05,1,592,10185.0
11649,2026-09-28,3,436,5452.0
11650,2026-04-11,3,382,4850.0
11651,2026-02-04,1,324,1640.0
11652,2026-09-23,2,248,14070.0
11653,2026-08-10,3,93,5400.0
11654,2026-03-26,3,157,11260.0
11655,2026-04-24,1,282,13170.0
11656,2026-04-05,1,479,6700.0
11657,2026-09-12,1,548,9425.0
11658,2026-08-17,1,180,1900.0
11659,2026-03-08,1,362,4600.0
11660,2026-07-14,2,169,7155.0
11661,2026-01-13,2,10,12190.0
11662,2026-02-18,1,214,5000.0
11663,2026-06-28,1,267,1205.0
11664,2026-01-25,3,594,380.0
11665,2026-08-04,2,549,3195.0
11666,2026-07-07,1,302,720.0
11667,2026-05-05,1,586,3340.0
11668,2026-08-02,1,167,15100.0
11669,2026-04-17,2,237,9400.0
11670,2026-08-14,3,354,4052.0
11671,2026-01-11,2,262,6300.0
11672,2026-05-05,2,233,5228.0
11673,2026-01-01,1,509,680.0
11674,2026-02-17,1,397,4500.0
11675,2026-07-16,1,118,760.0
11676,2026-03-19,1,420,6400.0
11677,2026-02-26,2,65,3540.0
11678,2026-02-28,2,187,5095.0
11679,2026-03-14,2,357,3150.0
11680,2026-08-11,2,168,2400.0
11681,2026-04-28,1,332,552.0
11682,2026-09-01,3,124,4900.0
11683,2026-02-23,3,514,9090.0
11684,2026-05-01,2,179,3328.0
11685,2026-06-15,3,560,9100.0
11686,2026-04-04,3,253,5400.0
11687,2026-02-21,1,492,6965.0
11688,2026-01-31,1,25,10500.0
11689,2026-07-11,3,588,6650.0
11690,2026-02-21,1,191,2300.0
11691,2026-02-22,2,164,400.0
11692,2026-07-07,1,497,8600.0
11693,2026-02-24,1,323,5450.0
11694,2026-09-11,1,312,1940.0
11695,2026-09-24,3,42,3100.0
11696,2026-02-28,1,500,6755.0
11697,2026-03-11,2,549,4800.0
11698,2026-06-29,1,525,8885.0
11699,2026-01-08,1,276,7380.0
11700,2026-08-03,2,360,6960.0
11701,2026-09-09,2,515,8328.0
11702,2026-01-25,2,423,4500.0
11703,2026-07-29,1,36,2900.0
11704,2026-02-26,3,461,8000.0
11705,2026-05-03,3,549,4500.0
11706,2026-04-08,1,490,1200.0
11707,2026-06-05,2,208,8810.0
11708,2026-05-05,3,126,7025.0
11709,2026-08-16,1,406,9180.0
11710,2026-09-27,2,551,4050.0
11711,2026-08-16,1,384,5600.0
11712,2026-01-13,1,216,13400.0
11713,2026-04-28,1,495,7320.0
11714,2026-01-07,2,342,1625.0
11715,2026-07-17,3,595,9285.0
11716,2026-07-11,3,250,5680.0
11717,2026-05-29,2,562,1440.0
11718,2026-06-15,3,363,8055.0
11719,2026-02-14,3,494,3715.0
11720,2026-03-02,1,349,5400.0
11721,2026-01-14,1,340,7050.0
11722,2026-06-16,3,41,7340.0
11723,2026-04-20,3,168,760.0
11724,2026-09-23,2,524,7180.0
11725,2026-07-23,2,18,2565.0
11726,2026-03-31,1,91,160.0
11727,2026-02-27,1,346,6080.0
11728,2026-05-18,1,206,5900.0
11729,2026-09-16,2,202,5200.0
11730,2026-03-02,3,477,7210.0
11731,2026-06-12,2,597,1710.0
11732,2026-04-21,2,481,390.0
11733,2026-06-30,3,22,8600.0
11734,2026-09-11,1,527,4980.0
11735,2026-03-23,1,529,7800.0
11736,2026-05-16,2,425,600.0
11737,2026-03-01,3,405,2690.0
11738,2026-09-18,2,155,8350.0
11739,2026-03-08,3,396,7500.0
11740,2026-02-17,2,333,3860.0
11741,2026-04-09,2,497,8520.0
11742,2026-07-11,1,133,3430.0
11743,2026-09-23,3,370,9910.0
11744,2026-04-27,1,383,3800.0
11745,2026-03-21,1,302,9190.0
11746,2026-07-10,2,38,5220.0
11747,2026-05-08,1,237,2600.0
11748,2026-07-14,3,138,4590.0
11749,2026-06-06,2,265,1800.0
11750,2026-06-20,3,87,1100.0
11751,2026-08-05,3,330,2905.0
11752,2026-08-31,1,432,4640.0
11753,2026-09-23,3,138,3070.0
11754,2026-06-26,2,437,6150.0
11755,2026-02-05,1,294,5485.0
11756,2026-03-07,1,112,2122.5
11757,2026-03-23,1,225,6240.0
11758,2026-05-14,2,533,1336.0
11759,2026-06-03,2,538,3910.0
11760,2026-02-02,1,273,4700.0
11761,2026-07-21,2,345,2200.0
11762,2026-01-23,1,449,900.0
11763,2026-03-03,2,418,5535.0
11764,2026-04-04,3,58,100.0
11765,2026-08-05,2,218,10965.0
11766,2026-09-27,1,3,3900.0
11767,2026-02-21,2,546,3730.0
11768,2026-01-19,1,415,4300.0
11769,2026-07-31,1,247,5550.0
11770,2026-04-09,3,415,2670.0
11771,2026-08-11,1,591,2150.0
11772,2026-05-08,2,402,3450.0
11773,2026-01-10,1,202,4750.0
11774,2026-09-09,1,548,1200.0
11775,2026-06-05,1,466,6600.0
11776,2026-07-13,2,504,1300.0
11777,2026-05-31,2,168,5200.0
11778,2026-04-07,1,97,4130.0
11779,2026-07-23,2,246,2280.0
11780,2026-05-13,1,162,2810.0
11781,2026-02-10,1,64,1920.0
11782,2026-01-24,3,369,9650.0
11783,2026-03-28,2,51,1300.0
11784,2026-04-08,2,456,2600.0
11785,2026-05-01,3,514,4210.0
11786,2026-01-24,2,107,1800.0
11787,2026-08-20,3,340,1330.0
11788,2026-02-22,2,546,1180.0
11789,2026-02-07,1,598,3765.0
11790,2026-08-11,1,84,8650.0
11791,2026-06-24,1,474,5940.0
11792,2026-01-04,3,460,2840.0
11793,2026-02-14,1,32,1100.0
11794,2026-01-16,2,186,152.0
11795,2026-02-09,1,83,5587.5
11796,2026-01-17,2,391,400.0
11797,2026-02-24,2,566,2340.0
11798,2026-06-22,2,207,4220.0
11799,2026-07-29,2,462,9460.0
11800,2026-03-05,1,285,3616.0
11801,2026-02-07,1,213,600.0
11802,2026-04-09,2,47,5785.0
11803,2026-07-01,2,285,2000.0
11804,2026-09-10,1,117,13700.0
11805,2026-01-11,3,291,7980.0
11806,2026-05-21,3,552,7650.0
11807,2026-08-21,1,370,1740.0
11808,2026-01-10,2,122,200.0
11809,2026-07-07,1,21,2445.0
11810,2026-09-07,1,453,6680.0
11811,2026-07-26,1,402,14000.0
11812,2026-01-22,1,497,4200.0
11813,2026-03-15,1,557,3700.0
11814,2026-04-29,1,487,2416.0
11815,2026-01-27,3,28,4087.0
11816,2026-03-21,3,91,11040.0
11817,2026-02-25,3,197,8400.0
11818,2026-04-10,2,275,4320.0
11819,2026-07-08,1,560,8828.0
11820,2026-01-10,3,182,2870.0
11821,2026-07-24,1,41,5000.0
11822,2026-08-14,2,357,7100.0
11823,2026-09-12,2,150,6550.0
11824,2026-09-01,1,517,10140.0
11825,2026-01-29,3,451,2280.0
11826,2026-08-08,3,353,7105.0
11827,2026-04-14,2,61,5775.0
11828,2026-06-03,2,305,5275.0
11829,2026-07-09,2,101,2160.0
11830,2026-05-22,2,39,10560.0
11831,2026-07-21,1,567,9405.0
11832,2026-03-25,1,226,4000.0
11833,2026-07-15,1,33,13410.0
11834,2026-07-19,1,422,4400.0
11835,2026-02-18,3,87,7200.0
11836,2026-02-25,2,484,1050.0
11837,2026-01-08,1,595,2400.0
11838,2026-01-23,3,316,4740.0
11839,2026-03-14,2,275,4840.0
11840,2026-05-07,3,474,3755.0
11841,2026-09-30,3,252,12600.0
11842,2026-07-23,2,47,8750.0
11843,2026-07-17,2,593,8600.0
11844,2026-04-08,2,108,10200.0
11845,2026-04-14,1,547,8714.0
11846,2026-05-31,3,557,3400.0
11847,2026-08-08,1,434,7468.0
11848,2026-07-24,2,123,1000.0
11849,2026-03-09,2,428,7875.0
11850,2026-05-03,3,55,4500.0
11851,2026-08-02,1,583,1467.5
11852,2026-09-16,3,345,12000.0
11853,2026-07-15,2,587,1500.0
11854,2026-03-09,2,114,855.0
11855,2026-01-31,3,351,3370.0
11856,2026-05-27,3,372,100.0
11857,2026-08-28,2,115,2590.0
11858,2026-03-01,2,318,8060.0
11859,2026-06-13,3,272,8550.0
11860,2026-07-23,2,548,750.0
11861,2026-05-08,2,56,6690.0
11862,2026-03-10,3,67,11180.0
11863,2026-08-22,1,138,2690.0
11864,2026-02-08,2,283,11985.0
11865,2026-08-14,1,219,5256.0
11866,2026-07-05,1,292,5250.0
11867,2026-04-22,1,38,3825.0
11868,2026-01-25,1,593,1900.0
11869,2026-05-10,2,248,8040.0
11870,2026-03-26,1,593,3095.0
11871,2026-02-26,2,208,6400.0
11872,2026-02-22,2,467,720.0
11873,2026-07-03,2,263,1320.0
11874,2026-07-24,2,339,6840.0
11875,2026-07-08,1,557,2637.5
11876,2026-08-29,3,421,900.0
11877,2026-09-14,1,28,10690.0
11878,2026-04-04,3,443,10627.5
11879,2026-09-07,3,537,16705.0
11880,2026-05-12,1,461,1950.0
11881,2026-09-15,1,113,11860.0
11882,2026-03-05,1,399,2530.0
11883,2026-03-04,1,502,8852.0
11884,2026-04-28,1,144,4010.0
11885,2026-01-17,3,194,4480.0
11886,2026-04-04,1,380,5000.0
11887,2026-08-27,2,572,4800.0
11888,2026-04-10,1,329,1215.0
11889,2026-04-24,1,178,2105.0
11890,2026-03-26,2,511,6000.0
11891,2026-08-24,2,314,5585.0
11892,2026-03-11,1,175,5810.0
11893,2026-04-28,1,180,1350.0
11894,2026-09-01,2,351,5900.0
11895,2026-09-14,2,307,3200.0
11896,2026-06-02,1,418,8790.0
11897,2026-02-08,2,273,5085.0
11898,2026-07-21,3,372,4530.0
11899,2026-04-29,2,431,4650.0
11900,2026-08-08,2,202,8350.0
11901,2026-09-02,1,398,1590.0
11902,2026-08-27,1,423,9300.0
11903,2026-01-05,3,476,5950.0
11904,2026-06-17,3,201,6600.0
11905,2026-08-20,2,294,6852.0
11906,2026-09-14,3,571,400.0
11907,2026-07-31,3,443,9260.0
11908,2026-06-17,1,553,6100.0
11909,2026-03-30,2,519,3960.0
11910,2026-08-08,1,129,2400.0
11911,2026-02-22,1,524,9030.0
11912,2026-09-25,1,3,15438.0
11913,2026-09-17,3,444,3400.0
11914,2026-01-29,3,268,7780.0
11915,2026-07-29,3,580,10690.0
11916,2026-06-02,2,510,5480.0
11917,2026-01-22,3,195,7500.0
11918,2026-03-01,2,385,5300.0
11919,2026-06-30,2,482,2050.0
11920,2026-08-28,2,511,2685.0
11921,2026-09-09,3,187,9800.0
11922,2026-01-10,1,27,7935.0
11923,2026-09-11,1,141,1300.0
11924,2026-04-10,3,304,1060.0
11925,2026-02-01,1,222,8100.0
11926,2026-08-27,1,542,8667.5
11927,2026-03-05,3,185,3720.0
11928,2026-08-24,2,448,9700.0
11929,2026-05-24,1,230,7700.0
11930,2026-01-01,3,359,6600.0
11931,2026-08-20,2,176,2060.0
11932,2026-04-15,2,457,6950.0
11933,2026-05-04,1,569,1950.0
11934,2026-03-18,1,279,6850.0
11935,2026-07-16,2,359,3240.0
11936,2026-04-07,1,89,9195.0
11937,2026-05-19,3,200,6575.0
11938,2026-05-04,3,582,4440.0
11939,2026-03-19,2,131,10710.0
11940,2026-07-27,2,130,750.0
11941,2026-03-27,1,563,14940.0
11942,2026-04-11,3,122,3142.5
11943,2026-09-30,1,140,12400.0
11944,2026-06-21,1,511,5735.0
11945,2026-01-18,3,321,1700.0
11946,2026-09-21,3,71,7740.0
11947,2026-05-20,1,216,285.0
11948,2026-08-11,2,61,2800.0
11949,2026-07-17,1,246,3900.0
11950,2026-06-29,3,57,2960.0
11951,2026-09-21,1,237,3090.0
11952,2026-03-26,3,294,5370.0
11953,2026-07-07,1,180,2100.0
11954,2026-07-18,1,280,2240.0
11955,2026-04-27,2,446,2160.0
11956,2026-01-28,1,64,4535.0
11957,2026-04-15,1,271,7725.0
11958,2026-04-08,1,354,7500.0
11959,2026-01-18,2,148,6800.0
11960,2026-06-16,2,262,9300.0
11961,2026-05-04,3,202,1000.0
11962,2026-05-24,2,530,1540.0
11963,2026-01-17,1,48,11750.0
11964,2026-06-13,2,177,7000.0
11965,2026-04-29,3,471,6725.0
11966,2026-04-12,1,537,1123.0
11967,2026-03-27,2,371,13200.0
11968,2026-05-02,2,23,1300.0
11969,2026-03-07,2,43,2940.0
11970,2026-04-13,1,109,12080.0
11971,2026-08-18,1,345,1330.0
11972,2026-05-27,2,514,14565.0
11973,2026-07-25,1,492,7300.0
11974,2026-02-14,1,68,8900.0
11975,2026-07-28,1,511,5440.0
11976,2026-06-16,1,4,6230.0
11977,2026-09-22,2,75,5378.0
11978,2026-08-17,2,56,14370.0
11979,2026-05-23,1,578,2500.0
11980,2026-07-17,1,89,5600.0
11981,2026-04-27,3,534,5335.0
11982,2026-08-19,2,117,5700.0
11983,2026-08-31,3,449,9000.0
11984,2026-04-23,1,275,8700.0
11985,2026-09-05,3,142,19800.0
11986,2026-09-25,1,439,13992.5
11987,2026-08-31,3,368,927.5
11988,2026-03-01,1,266,8890.0
11989,2026-09-27,2,578,11180.0
11990,2026-01-17,2,535,7050.0
11991,2026-08-11,3,53,6400.0
11992,2026-03-14,2,104,5670.0
11993,2026-02-17,3,413,2760.0
11994,2026-07-10,3,269,1460.0
11995,2026-01-27,1,148,4050.0
11996,2026-02-03,3,499,1400.0
11997,2026-01-28,2,194,940.0
11998,2026-05-11,2,96,5500.0
11999,2026-07-20,2,488,3700.0
12000,2026-04-11,3,29,3880.0
12001,2026-03-22,1,418,4110.0
12002,2026-04-01,3,452,8115.0
12003,2026-04-05,3,486,3800.0
12004,2026-07-24,1,149,7805.0
12005,2026-04-23,1,260,8410.0
12006,2026-04-13,1,200,6840.0
12007,2026-02-19,2,335,1900.0
12008,2026-05-14,1,553,7010.0
12009,2026-01-13,3,90,5000.0
12010,2026-05-15,2,77,5420.0
12011,2026-07-25,1,554,10700.0
12012,2026-01-20,2,524,4450.0
12013,2026-08-10,3,391,3705.0
12014,2026-08-20,1,479,1000.0
12015,2026-06-13,2,102,12000.0
12016,2026-03-13,1,307,4200.0
12017,2026-02-06,2,362,5900.0
12018,2026-06-02,2,583,1776.0
12019,2026-07-11,3,236,1200.0
12020,2026-06-04,1,86,1460.0
12021,2026-04-10,2,505,2625.0
12022,2026-05-21,2,69,3500.0
12023,2026-04-20,1,595,1150.0
12024,2026-04-12,2,234,6930.0
12025,2026-03-06,1,43,4300.0
12026,2026-09-05,2,152,3100.0
12027,2026-05-08,3,123,1870.0
12028,2026-05-16,1,394,9400.0
12029,2026-01-03,1,496,5780.0
12030,2026-03-15,3,533,4760.0
12031,2026-02-23,3,61,1600.0
12032,2026-08-07,3,560,5260.0
12033,2026-06-15,2,140,1200.0
12034,2026-06-16,2,265,5400.0
12035,2026-06-15,2,20,4400.0
12036,2026-06-06,1,451,8940.0
12037,2026-06-01,3,296,11900.0
12038,2026-08-28,3,285,2890.0
12039,2026-03-18,3,4,1430.0
12040,2026-07-17,2,77,900.0
12041,2026-08-02,1,456,3372.0
12042,2026-09-25,1,415,2327.5
12043,2026-06-17,1,407,8785.0
12044,2026-03-19,1,477,9860.0
12045,2026-06-08,1,441,1440.0
12046,2026-07-17,2,481,1500.0
12047,2026-04-29,1,556,8040.0
12048,2026-07-06,1,540,3076.0
12049,2026-04-13,1,101,5915.0
12050,2026-08-02,1,318,4400.0
12051,2026-04-23,1,69,3700.0
12052,2026-04-06,1,527,6350.0
12053,2026-04-28,1,2,13255.0
12054,2026-07-01,1,336,3800.0
12055,2026-05-28,3,404,4965.0
12056,2026-04-26,2,477,5300.0
12057,2026-02-17,2,440,5560.0
12058,2026-09-08,2,215,1550.0
12059,2026-04-21,3,318,3200.0
12060,2026-08-20,1,371,3490.0
12061,2026-05-24,1,207,4870.0
12062,2026-08-14,2,444,6855.0
12063,2026-01-02,1,259,2827.5
12064,2026-01-06,2,381,11450.0
12065,2026-08-01,1,551,6540.0
12066,2026-05-09,2,165,4540.0
12067,2026-03-27,3,125,3000.0
12068,2026-01-22,1,168,1300.0
12069,2026-01-13,2,484,1090.0
12070,2026-05-30,2,597,9690.0
12071,2026-08-09,3,453,5370.0
12072,2026-07-20,3,467,9196.0
12073,2026-01-07,2,260,6040.0
12074,2026-07-09,2,541,3885.0
12075,2026-06-04,1,484,12600.0
12076,2026-04-16,1,400,1680.0
12077,2026-04-02,1,93,3840.0
12078,2026-07-21,2,506,2400.0
12079,2026-05-02,1,117,9000.0
12080,2026-07-09,3,196,6330.0
12081,2026-03-22,3,57,9225.0
12082,2026-02-10,1,178,800.0
12083,2026-02-23,2,508,5100.0
12084,2026-01-21,1,522,1500.0
12085,2026-08-20,2,505,2480.0
12086,2026-09-29,3,109,3494.0
12087,2026-06-28,1,175,7340.0
12088,2026-05-13,3,207,8752.0
12089,2026-07-22,1,62,2280.0
12090,2026-03-07,1,155,7200.0
12091,2026-04-13,3,29,4100.0
12092,2026-09-15,3,31,3200.0
12093,2026-01-22,3,92,2500.0
12094,2026-09-03,3,480,13000.0
12095,2026-07-04,3,128,3840.0
12096,2026-02-01,3,585,5525.0
12097,2026-01-04,3,487,10930.0
12098,2026-03-31,3,423,3800.0
12099,2026-04-22,2,565,6000.0
12100,2026-05-18,2,381,11810.0
12101,2026-03-05,2,238,7790.0
12102,2026-01-20,2,358,2990.0
12103,2026-02-09,1,232,6610.0
12104,2026-04-15,1,46,6060.0
12105,2026-03-27,2,582,1555.0
12106,2026-06-11,2,72,7030.0
12107,2026-04-05,1,184,15480.0
12108,2026-01-25,1,560,6250.0
12109,2026-04-22,3,78,10125.0
12110,2026-01-24,2,28,9275.0
12111,2026-01-16,1,560,4800.0
12112,2026-07-08,2,464,700.0
12113,2026-08-19,1,547,840.0
12114,2026-04-15,2,384,490.0
12115,2026-01-15,3,167,9210.0
12116,2026-02-09,3,30,5382.0
12117,2026-06-05,1,76,11300.0
12118,2026-04-13,1,540,6947.5
12119,2026-02-16,1,487,1300.0
12120,2026-07-16,2,561,4777.5
12121,2026-07-24,2,358,5250.0
12122,2026-07-20,3,138,5340.0
12123,2026-04-29,3,10,2485.0
12124,2026-02-28,1,310,6668.0
12125,2026-05-15,2,304,8665.0
12126,2026-05-21,1,458,4500.0
12127,2026-01-01,3,182,5220.0
12128,2026-02-03,1,82,8600.0
12129,2026-09-07,2,165,4140.0
12130,2026-01-28,3,257,5510.0
12131,2026-04-13,1,373,6250.0
12132,2026-04-23,3,222,490.0
12133,2026-08-13,3,567,5395.0
12134,2026-04-05,2,581,8300.0
12135,2026-05-03,2,384,2412.0
12136,2026-05-30,2,10,3620.0
12137,2026-01-22,3,295,4327.5
12138,2026-08-22,3,382,6170.0
12139,2026-09-22,2,2,448.0
12140,2026-05-09,1,102,3850.0
12141,2026-08-22,2,145,200.0
12142,2026-01-18,3,183,3840.0
12143,2026-04-20,3,4,2500.0
12144,2026-07-07,3,42,2900.0
12145,2026-01-20,3,50,11800.0
12146,2026-04-14,2,269,9000.0
12147,2026-03-17,2,6,4300.0
12148,2026-07-20,3,576,1000.0
12149,2026-07-24,1,91,4170.0
12150,2026-06-11,3,68,360.0
12151,2026-03-21,2,431,1790.0
12152,2026-09-11,1,561,9235.0
12153,2026-02-24,2,75,610.0
12154,2026-03-15,1,187,12145.0
12155,2026-04-22,1,45,7700.0
12156,2026-09-27,3,465,1200.0
12157,2026-07-20,1,513,6560.0
12158,2026-06-17,1,276,13320.0
12159,2026-01-10,3,70,5300.0
12160,2026-08-23,2,294,10500.0
12161,2026-09-25,2,418,5160.0
12162,2026-09-25,1,177,3030.0
12163,2026-02-08,2,537,6810.0
12164,2026-02-12,3,161,9655.0
12165,2026-05-06,2,54,2000.0
12166,2026-09-06,3,351,5780.0
12167,2026-09-21,3,68,4245.0
12168,2026-08-28,3,74,1620.0
12169,2026-02-03,3,472,6640.0
12170,2026-07-02,2,288,5400.0
12171,2026-06-14,1,428,9260.0
12172,2026-03-15,3,494,7410.0
12173,2026-02-01,2,287,1200.0
12174,2026-03-01,3,321,7100.0
12175,2026-03-26,1,24,8560.0
12176,2026-06-03,1,400,3140.0
12177,2026-05-02,1,486,5900.0
12178,2026-06-24,1,231,6000.0
12179,2026-02-28,2,324,880.0
12180,2026-02-26,2,444,4300.0
12181,2026-07-31,3,154,5420.0
12182,2026-02-05,3,564,11085.0
12183,2026-03-22,2,188,3390.0
12184,2026-08-20,2,456,3600.0
12185,2026-06-24,2,126,2230.0
12186,2026-09-19,3,392,5700.0
12187,2026-03-09,2,546,3661.0
12188,2026-07-22,2,516,1500.0
12189,2026-04-06,1,516,2970.0
12190,2026-01-27,1,554,5000.0
12191,2026-05-23,1,191,13300.0
12192,2026-06-12,3,379,5100.0
12193,2026-02-20,1,136,1350.0
12194,2026-03-12,3,249,3940.0
12195,2026-08-21,2,76,160.0
12196,2026-09-26,2,5,1140.0
12197,2026-05-25,2,436,3840.0
12198,2026-09-29,3,303,80.0
12199,2026-01-27,3,286,9340.0
12200,2026-05-13,1,22,6140.0
12201,2026-09-10,3,573,2700.0
12202,2026-03-29,1,547,2400.0
12203,2026-03-23,1,501,4000.0
12204,2026-01-31,1,451,8600.0
12205,2026-04-01,3,192,9000.0
12206,2026-03-31,2,347,2440.0
12207,2026-06-04,2,300,5700.0
12208,2026-02-17,1,77,10460.0
12209,2026-05-20,1,11,5876.0
12210,2026-02-25,2,92,5705.0
12211,2026-03-01,2,240,4395.0
12212,2026-06-11,2,506,3040.0
12213,2026-08-18,3,421,6350.0
12214,2026-02-03,1,477,5590.0
12215,2026-07-16,1,163,3560.0
12216,2026-04-16,3,139,5100.0
12217,2026-04-26,1,298,1300.0
12218,2026-08-30,2,185,2800.0
12219,2026-06-23,1,489,10760.0
12220,2026-08-12,2,295,2340.0
12221,2026-09-15,1,440,10395.0
12222,2026-04-14,2,113,840.0
12223,2026-05-09,3,565,1340.0
12224,2026-09-12,2,58,3400.0
12225,2026-08-25,1,129,4725.0
12226,2026-06-16,1,245,600.0
12227,2026-09-20,2,57,2860.0
12228,2026-05-25,1,28,1180.0
12229,2026-07-29,2,460,10400.0
12230,2026-09-26,3,6,13545.0
12231,2026-03-06,3,43,7850.0
12232,2026-04-20,2,339,9200.0
12233,2026-01-08,1,177,1910.0
12234,2026-06-22,2,512,3180.0
12235,2026-08-03,3,92,6750.0
12236,2026-01-22,3,591,1400.0
12237,2026-01-12,1,412,3100.0
12238,2026-05-04,1,420,21335.0
12239,2026-03-27,3,55,3550.0
12240,2026-08-30,1,109,2950.0
12241,2026-04-08,3,486,4750.0
12242,2026-04-25,1,224,4200.0
12243,2026-05-12,2,262,2600.0
12244,2026-03-24,2,392,240.0
12245,2026-07-15,1,331,7850.0
12246,2026-07-07,1,49,4800.0
12247,2026-01-06,1,465,2400.0
12248,2026-04-21,1,101,7800.0
12249,2026-04-03,3,344,300.0
12250,2026-01-05,3,449,1550.0
12251,2026-04-10,1,404,5950.0
12252,2026-07-23,3,193,1300.0
12253,2026-06-25,2,131,5410.0
12254,2026-01-02,2,317,3410.0
12255,2026-06-18,1,66,7725.0
12256,2026-09-03,2,353,13235.0
12257,2026-02-21,3,364,5410.0
12258,2026-07-31,1,308,3735.0
12259,2026-03-08,3,319,9325.0
12260,2026-07-30,2,464,1385.0
12261,2026-03-09,2,480,6670.0
12262,2026-08-10,1,514,5778.0
12263,2026-04-05,2,310,2300.0
12264,2026-03-21,2,290,7540.0
12265,2026-03-04,2,160,570.0
12266,2026-01-31,1,128,9247.5
12267,2026-03-03,2,367,2920.0
12268,2026-01-01,1,31,3820.0
12269,2026-01-19,1,244,230.0
12270,2026-03-17,3,187,8285.0
12271,2026-08-04,3,289,4870.0
12272,2026-05-29,3,126,5810.0
12273,2026-06-06,1,436,5480.0
12274,2026-05-31,3,191,9927.5
12275,2026-07-21,1,28,1570.0
12276,2026-06-15,2,79,10000.0
12277,2026-07-04,3,113,7125.0
12278,2026-06-15,1,208,1280.0
12279,2026-02-11,2,459,230.0
12280,2026-01-30,3,442,5600.0
12281,2026-07-11,3,588,400.0
12282,2026-01-03,3,534,6640.0
12283,2026-02-22,2,34,580.0
12284,2026-04-09,2,489,5900.0
12285,2026-05-20,2,299,11252.0
12286,2026-05-19,3,329,1700.0
12287,2026-03-31,1,580,5040.0
12288,2026-02-03,1,111,7500.0
12289,2026-03-16,1,339,5700.0
12290,2026-01-13,2,489,9000.0
12291,2026-08-14,2,70,5200.0
12292,2026-02-26,3,198,7316.0
12293,2026-02-05,1,483,4000.0
12294,2026-04-21,1,200,9400.0
12295,2026-09-27,3,104,2050.0
12296,2026-08-19,3,430,6240.0
12297,2026-01-06,1,273,7360.0
12298,2026-07-03,1,178,5400.0
12299,2026-01-22,3,130,1022.0
12300,2026-01-21,2,268,11042.5
12301,2026-06-03,1,403,3800.0
12302,2026-03-10,3,223,4900.0
12303,2026-02-24,3,76,2790.0
12304,2026-01-26,3,316,3780.0
12305,2026-01-12,3,26,12600.0
12306,2026-06-01,2,382,190.0
12307,2026-05-31,3,31,7100.0
12308,2026-01-20,3,355,3670.0
12309,2026-04-11,3,352,6630.0
12310,2026-04-17,1,271,5990.0
12311,2026-03-22,3,296,480.0
12312,2026-08-28,2,311,1610.0
12313,2026-01-31,2,562,5990.0
12314,2026-03-12,1,176,6240.0
12315,2026-04-14,1,157,9890.0
12316,2026-09-28,1,480,2052.0
12317,2026-01-20,2,271,4800.0
12318,2026-03-03,3,483,960.0
12319,2026-05-21,2,416,6100.0
12320,2026-08-07,2,12,1060.0
12321,2026-03-25,1,507,2560.0
12322,2026-03-07,2,74,6775.0
12323,2026-02-04,2,522,3540.0
12324,2026-09-21,3,369,5400.0
12325,2026-09-01,3,245,3600.0
12326,2026-05-20,1,64,9440.0
12327,2026-05-05,2,35,3500.0
12328,2026-08-17,1,275,2710.0
12329,2026-03-24,2,393,3800.0
12330,2026-03-17,1,440,4720.0
12331,2026-03-08,1,303,300.0
12332,2026-06-24,1,220,9800.0
12333,2026-08-11,1,230,3150.0
12334,2026-06-05,1,571,16630.0
12335,2026-02-04,2,165,3220.0
12336,2026-07-14,3,570,2452.0
12337,2026-05-11,3,467,4740.0
12338,2026-06-21,2,534,2500.0
12339,2026-08-23,1,293,2900.0
12340,2026-02-11,2,296,3900.0
12341,2026-05-30,1,55,7825.0
12342,2026-01-20,1,535,3700.0
12343,2026-09-01,1,529,8520.0
12344,2026-09-19,2,226,3840.0
12345,2026-09-26,2,421,4110.0
12346,2026-03-25,2,196,5960.0
12347,2026-04-16,2,125,13300.0
12348,2026-05-27,1,77,12525.0
12349,2026-04-23,2,16,400.0
12350,2026-05-05,3,61,5960.0
12351,2026-08-19,1,159,10540.0
12352,2026-04-08,1,223,745.0
12353,2026-02-07,2,197,2500.0
12354,2026-09-06,2,515,5900.0
12355,2026-01-25,1,467,9450.0
12356,2026-01-11,2,114,1540.0
12357,2026-05-07,2,373,9450.0
12358,2026-06-18,1,568,12510.0
12359,2026-01-07,3,549,11920.0
12360,2026-04-04,2,281,4726.0
12361,2026-07-16,2,44,3540.0
12362,2026-03-11,1,504,12210.0
12363,2026-04-05,3,527,4357.5
12364,2026-06-18,1,510,600.0
12365,2026-04-10,2,513,285.0
12366,2026-09-25,2,504,3135.0
12367,2026-03-20,2,511,6600.0
12368,2026-03-14,1,405,8610.0
12369,2026-03-03,3,561,1950.0
12370,2026-04-12,2,329,3135.0
12371,2026-05-03,1,30,1100.0
12372,2026-05-04,2,422,14375.0
12373,2026-02-16,1,575,4010.0
12374,2026-04-13,2,572,900.0
12375,2026-01-22,1,208,4106.0
12376,2026-09-26,1,290,1500.0
12377,2026-05-03,1,12,1670.0
12378,2026-05-31,3,437,600.0
12379,2026-01-28,3,81,4715.0
12380,2026-01-31,3,124,7500.0
12381,2026-09-28,2,275,6575.0
12382,2026-01-21,1,302,5462.0
12383,2026-09-18,3,172,7770.0
12384,2026-02-25,2,375,4300.0
12385,2026-08-28,1,593,8700.0
12386,2026-06-17,1,294,1750.0
12387,2026-07-22,1,326,2325.0
12388,2026-02-09,1,416,8040.0
12389,2026-05-17,2,561,3055.0
12390,2026-01-14,1,233,1840.0
12391,2026-03-13,1,158,2830.0
12392,2026-05-15,3,29,2890.0
12393,2026-05-08,1,362,12670.0
12394,2026-05-13,2,72,2750.0
12395,2026-08-16,3,296,570.0
12396,2026-09-10,2,204,5290.0
12397,2026-09-17,1,259,14275.0
12398,2026-02-25,1,410,4890.0
12399,2026-04-18,2,91,5600.0
12400,2026-08-14,2,252,2700.0
12401,2026-05-05,1,13,7172.0
12402,2026-01-15,3,83,7587.0
12403,2026-01-01,1,484,3220.0
12404,2026-04-03,1,143,2280.0
12405,2026-04-30,2,428,4730.0
12406,2026-03-10,1,32,8940.0
12407,2026-02-17,2,128,14730.0
12408,2026-04-16,1,467,1240.0
12409,2026-09-18,2,384,2485.0
12410,2026-03-13,3,127,1500.0
12411,2026-07-05,1,146,6090.0
12412,2026-04-19,3,522,540.0
12413,2026-07-15,3,190,200.0
12414,2026-08-08,3,486,2950.0
12415,2026-01-08,1,178,12950.0
12416,2026-08-15,1,212,3800.0
12417,2026-02-11,3,30,3300.0
12418,2026-07-07,1,381,1416.0
12419,2026-02-28,3,133,4445.0
12420,2026-04-09,2,126,2735.0
12421,2026-08-29,2,108,4729.0
12422,2026-07-06,3,449,5890.0
12423,2026-05-13,3,488,8400.0
12424,2026-04-16,1,262,8120.0
12425,2026-06-30,1,238,8300.0
12426,2026-01-12,2,302,1800.0
12427,2026-08-29,2,437,5780.0
12428,2026-05-28,2,197,4055.0
12429,2026-05-29,2,511,10825.0
12430,2026-08-08,3,38,7185.0
12431,2026-09-08,1,209,1600.0
12432,2026-08-19,3,376,2400.0
12433,2026-07-21,3,41,3180.0
12434,2026-07-09,1,505,6240.0
12435,2026-09-16,3,308,2085.0
12436,2026-04-20,2,39,8700.0
12437,2026-08-02,3,504,15900.0
12438,2026-09-28,3,330,7775.0
12439,2026-08-28,2,286,4900.0
12440,2026-09-15,1,51,4111.0
12441,2026-03-29,3,462,3600.0
12442,2026-05-07,1,233,450.0
12443,2026-01-16,2,260,5220.0
12444,2026-01-30,3,392,2160.0
12445,2026-05-02,3,437,4500.0
12446,2026-05-24,1,488,1980.0
12447,2026-04-01,1,561,950.0
12448,2026-09-19,2,404,5900.0
12449,2026-01-21,3,300,4400.0
12450,2026-07-08,1,79,12400.0
12451,2026-03-11,2,97,3940.0
12452,2026-06-04,3,584,14000.0
12453,2026-08-16,1,108,300.0
12454,2026-03-27,3,504,4635.0
12455,2026-07-26,3,592,10425.0
12456,2026-03-03,2,416,9370.0
12457,2026-05-02,1,92,15430.0
12458,2026-03-27,3,145,4950.0
12459,2026-07-15,1,417,12630.0
12460,2026-09-23,1,40,270.0
12461,2026-03-22,1,590,1900.0
12462,2026-06-08,2,310,4700.0
12463,2026-02-08,2,133,6800.0
12464,2026-03-03,1,478,4970.0
12465,2026-06-14,2,88,6800.0
12466,2026-07-02,2,530,3480.0
12467,2026-09-06,2,552,4185.0
12468,2026-08-20,1,69,6680.0
12469,2026-01-19,1,571,3400.0
12470,2026-07-21,2,209,13835.0
12471,2026-01-23,2,89,5200.0
12472,2026-08-30,2,239,7535.0
12473,2026-02-05,1,12,4300.0
12474,2026-05-11,2,347,1770.0
12475,2026-04-30,3,469,7340.0
12476,2026-08-07,2,455,6000.0
12477,2026-05-10,1,165,2900.0
12478,2026-01-23,1,340,7050.0
12479,2026-09-25,2,38,4630.0
12480,2026-03-18,3,256,7190.0
12481,2026-04-28,1,2,5100.0
12482,2026-08-05,2,593,8700.0
12483,2026-05-08,3,476,2150.0
12484,2026-03-13,3,482,2230.0
12485,2026-08-15,1,576,2070.0
12486,2026-07-04,1,421,9600.0
12487,2026-02-25,2,92,1200.0
12488,2026-04-07,1,60,1300.0
12489,2026-05-21,3,36,12985.0
12490,2026-08-28,1,597,1178.0
12491,2026-03-07,1,196,8200.0
12492,2026-05-06,2,462,12800.0
12493,2026-06-30,3,193,3750.0
12494,2026-05-07,1,51,7740.0
12495,2026-02-27,2,526,15200.0
12496,2026-07-31,1,308,3000.0
12497,2026-08-28,2,452,6180.0
12498,2026-02-13,1,320,5700.0
12499,2026-09-07,1,303,4170.0
12500,2026-06-18,1,367,4740.0
12501,2026-05-18,3,138,1500.0
12502,2026-09-22,1,558,4300.0
12503,2026-08-16,3,286,9400.0
12504,2026-04-14,1,591,4050.0
12505,2026-08-28,1,306,4200.0
12506,2026-04-22,1,56,13645.0
12507,2026-02-02,2,233,12700.0
12508,2026-06-29,2,256,1256.0
12509,2026-01-02,1,460,1300.0
12510,2026-01-20,2,378,2040.0
12511,2026-06-15,1,321,8042.5
12512,2026-09-05,1,211,2600.0
12513,2026-08-01,3,172,4600.0
12514,2026-01-02,1,55,7200.0
12515,2026-01-14,2,32,3500.0
12516,2026-04-09,2,349,5100.0
12517,2026-06-16,1,57,8300.0
12518,2026-04-23,3,226,7685.0
12519,2026-01-23,2,424,11120.0
12520,2026-02-15,3,209,15150.0
12521,2026-03-30,2,239,1090.0
12522,2026-06-14,2,521,5000.0
12523,2026-05-23,1,144,920.0
12524,2026-09-07,1,238,80.0
12525,2026-05-07,2,145,3900.0
12526,2026-02-02,1,168,5760.0
12527,2026-08-14,2,296,8235.0
12528,2026-02-04,1,369,6300.0
12529,2026-07-07,2,396,9810.0
12530,2026-03-09,1,571,2300.0
12531,2026-02-13,1,83,2410.0
12532,2026-03-28,2,452,10620.0
12533,2026-01-19,3,598,2900.0
12534,2026-03-18,2,419,1595.0
12535,2026-03-30,2,24,4895.0
12536,2026-08-13,1,399,11458.0
12537,2026-03-26,1,567,8800.0
12538,2026-03-22,1,81,3300.0
12539,2026-04-09,2,410,7545.0
12540,2026-07-30,2,300,5870.0
12541,2026-02-11,1,90,3580.0
12542,2026-03-13,2,191,1550.0
12543,2026-08-14,2,400,11828.0
12544,2026-09-21,1,325,12455.0
12545,2026-07-10,2,189,6920.0
12546,2026-05-08,2,59,720.0
12547,2026-06-03,1,419,7235.0
12548,2026-02-24,1,198,6580.0
12549,2026-08-08,1,22,9500.0
12550,2026-01-30,2,341,6550.0
12551,2026-07-11,1,140,635.0
12552,2026-09-24,1,260,17000.0
12553,2026-01-16,3,356,2525.0
12554,2026-02-18,2,75,1050.0
12555,2026-02-20,1,516,600.0
12556,2026-01-10,3,22,1480.0
12557,2026-05-14,3,569,6825.0
12558,2026-01-05,3,296,10300.0
12559,2026-05-25,3,274,6100.0
12560,2026-08-16,3,568,200.0
12561,2026-04-14,1,273,8715.0
12562,2026-04-13,3,426,7200.0
12563,2026-04-12,3,301,12795.0
12564,2026-09-13,2,434,9400.0
12565,2026-04-16,3,583,8100.0
12566,2026-09-07,2,137,10880.0
12567,2026-06-08,1,302,9825.0
12568,2026-02-15,1,454,6190.0
12569,2026-02-10,1,258,6310.0
12570,2026-09-30,3,26,1500.0
12571,2026-05-21,3,38,4000.0
12572,2026-04-12,1,230,6200.0
12573,2026-01-09,2,226,7200.0
12574,2026-03-04,1,583,3000.0
12575,2026-02-05,3,220,5000.0
12576,2026-04-14,1,281,12000.0
12577,2026-04-30,3,276,1425.0
12578,2026-07-16,2,390,3967.5
12579,2026-06-24,1,491,8780.0
12580,2026-05-05,3,76,8600.0
12581,2026-01-11,1,302,400.0
12582,2026-08-29,2,563,2570.0
12583,2026-09-08,3,309,3380.0
12584,2026-03-22,2,471,4325.0
12585,2026-08-26,1,410,2595.0
12586,2026-06-09,1,402,1200.0
12587,2026-04-07,1,537,2395.0
12588,2026-02-04,3,235,3150.0
12589,2026-05-22,2,485,10052.0
12590,2026-01-07,1,502,5450.0
12591,2026-09-14,1,139,6400.0
12592,2026-07-02,1,205,4750.0
12593,2026-03-21,2,361,5300.0
12594,2026-09-08,2,513,8690.0
12595,2026-04-09,3,10,3575.0
12596,2026-06-04,3,202,4000.0
12597,2026-05-12,2,443,8350.0
12598,2026-06-04,1,538,5700.0
12599,2026-06-03,3,291,3100.0
12600,2026-02-28,2,159,6760.0
12601,2026-05-22,3,342,1940.0
12602,2026-02-24,1,481,12000.0
12603,2026-09-26,1,45,2690.0
12604,2026-07-20,3,194,3625.0
12605,2026-02-27,1,491,1880.0
12606,2026-05-30,2,530,1300.0
12607,2026-06-07,2,595,160.0
12608,2026-03-25,3,496,10830.0
12609,2026-08-09,1,550,4100.0
12610,2026-03-12,3,517,6327.5
12611,2026-05-20,2,394,4310.0
12612,2026-06-17,1,456,3600.0
12613,2026-03-31,3,451,4250.0
12614,2026-01-31,3,568,2050.0
12615,2026-08-01,1,183,3600.0
12616,2026-03-28,2,53,4920.0
12617,2026-01-27,1,280,2880.0
12618,2026-02-22,2,119,1240.0
12619,2026-06-03,2,107,7870.0
12620,2026-03-25,1,358,9500.0
12621,2026-03-16,3,222,5775.0
12622,2026-08-17,2,197,5552.0
12623,2026-06-11,1,228,2110.0
12624,2026-02-11,1,97,8200.0
12625,2026-01-29,2,397,5500.0
12626,2026-06-07,2,175,500.0
12627,2026-02-11,3,584,600.0
12628,2026-09-12,3,281,6500.0
12629,2026-05-07,2,184,2400.0
12630,2026-04-21,2,10,2490.0
12631,2026-01-24,1,245,3696.0
12632,2026-09-13,2,314,1700.0
12633,2026-07-27,2,333,5340.0
12634,2026-01-30,2,284,1100.0
12635,2026-04-14,1,96,7800.0
12636,2026-05-01,3,431,2485.0
12637,2026-06-15,3,600,1200.0
12638,2026-02-28,2,343,885.0
12639,2026-01-03,1,473,11720.0
12640,2026-02-11,1,301,7677.5
12641,2026-05-15,1,12,2200.0
12642,2026-03-23,2,492,5000.0
12643,2026-02-01,2,140,6440.0
12644,2026-06-14,2,77,3140.0
12645,2026-07-03,2,599,3600.0
12646,2026-07-06,3,522,4750.0
12647,2026-04-16,2,553,5650.0
12648,2026-04-17,3,405,4655.0
12649,2026-02-06,3,368,5600.0
12650,2026-07-09,2,309,9690.0
12651,2026-07-02,3,158,600.0
12652,2026-09-28,2,109,3475.0
12653,2026-06-21,2,405,12600.0
12654,2026-09-09,2,200,4890.0
12655,2026-09-03,2,472,4950.0
12656,2026-07-24,1,421,6610.0
12657,2026-03-06,2,391,7500.0
12658,2026-07-12,2,59,5760.0
12659,2026-01-24,2,397,5925.0
12660,2026-07-13,1,555,5300.0
12661,2026-09-07,1,578,2800.0
12662,2026-06-28,3,139,3700.0
12663,2026-04-11,3,88,3850.0
12664,2026-04-19,1,548,3475.0
12665,2026-04-12,2,396,6225.0
12666,2026-06-17,1,511,12000.0
12667,2026-01-25,2,342,900.0
12668,2026-04-22,3,329,960.0
12669,2026-07-12,2,143,6000.0
12670,2026-01-14,3,203,1800.0
12671,2026-02-25,3,335,8100.0
12672,2026-05-27,3,571,1650.0
12673,2026-08-25,1,390,8200.0
12674,2026-03-09,1,4,3750.0
12675,2026-06-06,3,188,4350.0
12676,2026-01-05,1,275,10460.0
12677,2026-02-06,1,214,8200.0
12678,2026-03-01,1,427,9525.0
12679,2026-05-05,1,526,2600.0
12680,2026-03-24,3,102,5200.0
12681,2026-07-26,3,412,11100.0
12682,2026-09-13,1,209,6500.0
12683,2026-06-11,1,110,6735.0
12684,2026-06-04,2,491,6151.0
12685,2026-03-24,2,330,6155.0
12686,2026-01-06,1,192,6040.0
12687,2026-07-08,2,387,1550.0
12688,2026-08-23,2,355,2500.0
12689,2026-05-07,2,203,6200.0
12690,2026-04-26,3,325,5800.0
12691,2026-01-16,1,363,7245.0
12692,2026-01-26,2,105,680.0
12693,2026-09-29,3,187,5400.0
12694,2026-09-01,1,289,11325.0
12695,2026-05-01,1,269,6490.0
12696,2026-01-29,1,57,8820.0
12697,2026-06-14,3,457,11705.0
12698,2026-04-18,2,489,7900.0
12699,2026-05-30,1,400,5700.0
12700,2026-04-01,1,566,18020.0
12701,2026-06-06,1,160,5600.0
12702,2026-09-13,3,57,6217.5
12703,2026-04-10,2,580,2510.0
12704,2026-03-09,3,457,1200.0
12705,2026-04-13,1,208,6200.0
12706,2026-08-21,3,72,1316.0
12707,2026-08-24,3,219,7155.0
12708,2026-01-09,3,584,240.0
12709,2026-05-18,2,579,9300.0
12710,2026-01-21,1,459,11025.0
12711,2026-06-25,1,54,2200.0
12712,2026-04-11,2,355,2740.0
12713,2026-08-19,2,495,12040.0
12714,2026-07-25,1,104,4300.0
12715,2026-06-02,1,586,2600.0
12716,2026-07-30,1,527,6760.0
12717,2026-05-19,1,380,4070.0
12718,2026-02-05,1,230,2400.0
12719,2026-06-04,2,68,3200.0
12720,2026-08-27,1,110,3510.0
12721,2026-05-27,3,90,9400.0
12722,2026-06-18,1,187,1950.0
12723,2026-06-29,1,200,5400.0
12724,2026-02-05,1,138,5875.0
12725,2026-03-23,3,75,4060.0
12726,2026-04-18,3,135,8735.0
12727,2026-03-14,1,361,10825.0
12728,2026-07-30,3,501,4750.0
12729,2026-08-03,3,443,8010.0
12730,2026-05-23,3,396,3876.0
12731,2026-03-05,2,538,955.0
12732,2026-03-25,3,506,4400.0
12733,2026-09-25,1,428,5475.0
12734,2026-07-17,1,42,2040.0
12735,2026-02-15,3,374,7500.0
12736,2026-02-09,2,268,10400.0
12737,2026-09-19,2,561,950.0
12738,2026-09-04,1,65,4860.0
12739,2026-03-09,3,477,427.5
12740,2026-08-09,3,470,1180.0
12741,2026-04-21,3,434,6415.0
12742,2026-04-05,1,262,2600.0
12743,2026-07-22,1,138,3250.0
12744,2026-03-01,2,100,5735.0
12745,2026-06-22,3,307,6050.0
12746,2026-09-20,2,62,3750.0
12747,2026-09-10,2,320,2800.0
12748,2026-01-04,1,384,4500.0
12749,2026-08-05,1,382,6045.0
12750,2026-09-09,1,472,9400.0
12751,2026-08-08,2,351,2145.0
12752,2026-02-10,1,494,5500.0
12753,2026-07-14,2,536,6195.0
12754,2026-07-16,1,56,9105.0
12755,2026-02-18,1,73,4150.0
12756,2026-06-03,1,469,2040.0
12757,2026-05-27,1,16,8300.0
12758,2026-07-15,3,328,13876.0
12759,2026-07-09,2,347,9840.0
12760,2026-07-27,1,183,4550.0
12761,2026-04-26,1,586,2900.0
12762,2026-06-17,1,549,7710.0
12763,2026-05-24,3,372,4100.0
12764,2026-05-14,2,127,8640.0
12765,2026-05-13,1,397,4760.0
12766,2026-07-30,1,117,5560.0
12767,2026-02-11,2,489,4727.5
12768,2026-03-27,3,356,2740.0
12769,2026-04-22,3,253,7050.0
12770,2026-08-09,1,38,5040.0
12771,2026-01-06,3,1,4835.0
12772,2026-03-14,1,170,13700.0
12773,2026-07-29,2,367,12060.0
12774,2026-04-04,2,355,3300.0
12775,2026-05-18,3,256,2080.0
12776,2026-08-29,1,82,2400.0
12777,2026-09-02,1,454,17000.0
12778,2026-04-29,2,477,4590.0
12779,2026-09-15,1,176,8110.0
12780,2026-03-18,2,217,1200.0
12781,2026-04-07,3,30,4270.0
12782,2026-03-24,2,29,2300.0
12783,2026-01-28,3,91,3885.0
12784,2026-03-25,1,589,1300.0
12785,2026-05-14,2,155,6885.0
12786,2026-06-23,2,406,1500.0
12787,2026-06-22,2,400,6660.0
12788,2026-01-06,1,297,4416.0
12789,2026-07-16,1,370,1960.0
12790,2026-06-07,2,561,8375.0
12791,2026-01-02,1,147,900.0
12792,2026-05-14,2,278,2000.0
12793,2026-07-25,2,171,520.0
12794,2026-03-26,1,347,2800.0
12795,2026-04-12,3,223,3600.0
12796,2026-02-15,3,515,142.5
12797,2026-06-07,2,210,2200.0
12798,2026-09-30,2,261,2100.0
12799,2026-03-17,1,573,3900.0
12800,2026-06-23,3,277,7765.0
12801,2026-02-25,3,70,2700.0
12802,2026-06-23,2,27,8625.0
12803,2026-01-10,1,196,1400.0
12804,2026-02-20,2,447,5730.0
12805,2026-04-29,1,222,3642.0
12806,2026-01-23,2,367,2300.0
12807,2026-01-02,1,298,1920.0
12808,2026-07-30,2,594,3490.0
12809,2026-08-18,2,576,3000.0
12810,2026-09-26,3,21,5000.0
12811,2026-02-12,2,324,5340.0
12812,2026-09-19,1,371,5555.0
12813,2026-01-26,2,123,13680.0
12814,2026-04-03,3,249,1785.0
12815,2026-08-18,3,46,1500.0
12816,2026-01-09,2,21,2095.0
12817,2026-06-01,1,503,6800.0
12818,2026-09-22,3,191,4700.0
12819,2026-07-05,1,563,5390.0
12820,2026-01-14,2,341,2875.0
12821,2026-09-19,1,81,8860.0
12822,2026-07-08,3,266,11510.0
12823,2026-02-28,1,9,5076.0
12824,2026-02-24,3,308,2840.0
12825,2026-02-03,1,566,3990.0
12826,2026-09-26,3,554,876.0
12827,2026-01-30,1,24,5500.0
12828,2026-04-08,2,199,4500.0
12829,2026-02-17,2,370,7000.0
12830,2026-05-15,1,464,2070.0
12831,2026-04-26,2,430,4950.0
12832,2026-05-19,2,206,6920.0
12833,2026-06-02,1,223,9760.0
12834,2026-04-08,1,334,2640.0
12835,2026-02-04,3,31,1885.0
12836,2026-03-10,2,5,13435.0
12837,2026-01-30,3,476,480.0
12838,2026-09-28,1,341,12310.0
12839,2026-03-07,3,59,14770.0
12840,2026-09-26,1,263,4452.5
12841,2026-04-06,3,195,6652.0
12842,2026-05-23,3,322,530.0
12843,2026-02-11,1,595,10260.0
12844,2026-09-11,1,61,1800.0
12845,2026-04-03,3,567,5410.0
12846,2026-04-29,2,282,1485.0
12847,2026-03-29,2,171,3250.0
12848,2026-02-25,3,422,1100.0
12849,2026-07-31,1,463,1900.0
12850,2026-07-03,2,404,4500.0
12851,2026-09-10,2,22,3300.0
12852,2026-01-31,3,205,2625.0
12853,2026-09-12,1,174,1667.5
12854,2026-06-04,1,387,5290.0
12855,2026-09-03,3,73,9000.0
12856,2026-06-21,1,168,4100.0
12857,2026-06-09,1,351,4285.0
12858,2026-06-02,1,331,5730.0
12859,2026-01-29,2,535,6600.0
12860,2026-01-02,3,31,6190.0
12861,2026-05-23,1,60,12300.0
12862,2026-03-28,2,368,7850.0
12863,2026-02-15,2,108,1250.0
12864,2026-01-08,3,382,4200.0
12865,2026-02-05,1,407,5835.0
12866,2026-02-03,1,589,3900.0
12867,2026-07-21,3,376,1100.0
12868,2026-01-16,3,424,11070.0
12869,2026-07-29,1,443,2500.0
12870,2026-05-09,1,215,2680.0
12871,2026-05-22,3,28,5260.0
12872,2026-08-23,3,277,600.0
12873,2026-07-09,2,173,7750.0
12874,2026-04-03,2,423,5160.0
12875,2026-07-12,2,292,8320.0
12876,2026-07-14,2,598,3070.0
12877,2026-02-04,2,28,3165.0
12878,2026-06-05,2,230,1300.0
12879,2026-02-08,3,418,3030.0
12880,2026-09-07,3,474,8460.0
12881,2026-05-07,1,58,9395.0
12882,2026-06-25,3,326,1427.5
12883,2026-03-22,1,68,5385.0
12884,2026-02-14,1,343,4560.0
12885,2026-02-07,2,221,6600.0
12886,2026-03-24,1,417,8110.0
12887,2026-03-15,1,521,2641.0
12888,2026-01-18,3,484,1600.0
12889,2026-05-02,2,522,6300.0
12890,2026-01-22,3,12,5400.0
12891,2026-08-11,3,92,2599.0
12892,2026-02-11,2,10,7840.0
12893,2026-03-31,2,496,8160.0
12894,2026-07-28,2,479,2870.0
12895,2026-08-22,1,482,3300.0
12896,2026-03-30,3,254,13650.0
12897,2026-02-11,1,413,1500.0
12898,2026-01-04,3,486,5030.0
12899,2026-03-30,2,347,7672.5
12900,2026-07-27,2,288,5400.0
12901,2026-08-19,3,75,5300.0
12902,2026-05-26,3,354,4500.0
12903,2026-05-01,1,307,1755.0
12904,2026-08-31,1,2,5472.0
12905,2026-08-09,2,545,1600.0
12906,2026-02-16,1,530,9700.0
12907,2026-06-06,1,247,4000.0
12908,2026-08-17,1,200,2800.0
12909,2026-06-27,1,591,9350.0
12910,2026-03-05,2,495,3360.0
12911,2026-09-20,2,512,5340.0
12912,2026-04-05,1,343,2850.0
12913,2026-05-04,2,487,1800.0
12914,2026-05-16,3,80,1360.0
12915,2026-09-22,1,86,8372.0
12916,2026-03-22,1,345,8370.0
12917,2026-09-20,1,464,1400.0
12918,2026-06-25,2,543,10740.0
12919,2026-03-15,2,412,8650.0
12920,2026-03-10,2,299,2200.0
12921,2026-02-16,3,518,13615.0
12922,2026-01-07,3,390,4176.0
12923,2026-08-30,1,578,1410.0
12924,2026-08-04,2,531,400.0
12925,2026-02-09,3,423,2370.0
12926,2026-09-07,3,434,6500.0
12927,2026-01-23,3,396,12400.0
12928,2026-07-28,2,487,1045.0
12929,2026-06-22,2,307,6450.0
12930,2026-03-22,1,32,6300.0
12931,2026-06-19,3,132,4560.0
12932,2026-01-03,2,393,3100.0
12933,2026-07-29,1,85,2900.0
12934,2026-09-18,2,413,2645.0
12935,2026-08-06,3,244,7550.0
12936,2026-08-27,2,261,12570.0
12937,2026-07-01,2,92,4580.0
12938,2026-01-22,2,12,1920.0
12939,2026-04-30,2,525,1400.0
12940,2026-03-13,2,193,2700.0
12941,2026-03-14,1,453,2800.0
12942,2026-05-11,1,535,3772.0
12943,2026-06-11,1,109,2900.0
12944,2026-08-20,3,154,300.0
12945,2026-06-30,3,33,4400.0
12946,2026-08-17,2,470,3428.0
12947,2026-07-29,2,502,1100.0
12948,2026-01-03,2,209,1710.0
12949,2026-02-13,1,97,11735.0
12950,2026-05-15,3,157,1600.0
12951,2026-02-21,1,141,5415.0
12952,2026-04-12,3,374,6750.0
12953,2026-05-09,3,220,4685.0
12954,2026-05-19,2,215,6880.0
12955,2026-03-20,3,175,5960.0
12956,2026-06-15,1,571,5400.0
12957,2026-03-24,1,61,500.0
12958,2026-02-01,2,149,1950.0
12959,2026-05-21,3,310,15120.0
12960,2026-04-23,3,417,3800.0
12961,2026-02-07,2,203,2200.0
12962,2026-07-27,1,506,11550.0
12963,2026-07-18,3,228,5885.0
12964,2026-01-31,1,66,10327.5
12965,2026-01-14,3,310,2585.0
12966,2026-09-21,2,579,3000.0
12967,2026-06-16,2,389,1160.0
12968,2026-05-02,2,253,4060.0
12969,2026-05-20,1,117,6670.0
12970,2026-04-06,2,475,3900.0
12971,2026-07-18,1,457,4695.0
12972,2026-04-29,1,284,12270.0
12973,2026-07-08,1,293,2510.0
12974,2026-09-21,1,78,7390.0
12975,2026-03-11,2,562,3835.0
12976,2026-03-01,1,92,1500.0
12977,2026-03-26,2,145,6960.0
12978,2026-02-19,1,458,6000.0
12979,2026-08-30,3,28,2900.0
12980,2026-04-29,2,523,4800.0
12981,2026-01-31,3,154,19295.0
12982,2026-01-21,1,465,3000.0
12983,2026-08-05,3,148,4375.0
12984,2026-03-08,2,479,6980.0
12985,2026-09-20,1,382,5900.0
12986,2026-07-03,3,526,640.0
12987,2026-01-26,3,515,5490.0
12988,2026-08-10,2,389,14850.0
12989,2026-01-05,2,365,3885.0
12990,2026-01-03,1,236,7440.0
12991,2026-01-02,1,105,7275.0
12992,2026-05-29,1,141,2400.0
12993,2026-09-08,1,558,5395.0
12994,2026-05-19,2,13,1000.0
12995,2026-02-06,2,122,3900.0
12996,2026-09-22,1,296,3050.0
12997,2026-04-16,3,555,900.0
12998,2026-06-02,1,307,3600.0
12999,2026-01-07,2,557,5980.0
13000,2026-03-20,3,302,4455.0
13001,2026-02-03,1,557,10155.0
13002,2026-08-23,1,451,4900.0
13003,2026-06-12,2,553,1080.0
13004,2026-08-17,2,410,7100.0
13005,2026-03-26,3,493,4500.0
13006,2026-01-06,2,79,12500.0
13007,2026-09-04,3,98,5460.0
13008,2026-03-09,1,488,7100.0
13009,2026-01-27,3,311,3827.5
13010,2026-07-04,3,578,3635.0
13011,2026-02-25,3,174,1800.0
13012,2026-03-24,1,486,6170.0
13013,2026-04-26,2,413,6840.0
13014,2026-08-13,2,365,4450.0
13015,2026-08-29,1,283,1950.0
13016,2026-02-17,3,506,6330.0
13017,2026-06-27,1,222,4700.0
13018,2026-06-25,1,191,1800.0
13019,2026-02-09,1,346,2400.0
13020,2026-05-19,1,474,4110.0
13021,2026-06-27,1,392,6010.0
13022,2026-09-25,2,74,9096.0
13023,2026-08-19,3,235,1650.0
13024,2026-02-13,3,186,7900.0
13025,2026-09-24,2,285,6360.0
13026,2026-05-23,1,581,7100.0
13027,2026-05-04,2,206,1455.0
13028,2026-07-24,3,523,1100.0
13029,2026-04-08,2,337,5384.0
13030,2026-07-30,2,389,1400.0
13031,2026-09-16,3,397,9830.0
13032,2026-08-19,2,363,3900.0
13033,2026-09-13,1,148,5000.0
13034,2026-06-13,1,473,7800.0
13035,2026-06-08,1,212,3500.0
13036,2026-05-24,1,29,2650.0
13037,2026-09-19,2,192,3810.0
13038,2026-09-02,3,399,1100.0
13039,2026-06-30,2,184,1560.0
13040,2026-03-07,1,4,360.0
13041,2026-09-09,3,151,5100.0
13042,2026-07-16,1,330,3800.0
13043,2026-03-19,3,530,9810.0
13044,2026-05-21,3,466,950.0
13045,2026-03-07,1,259,7940.0
13046,2026-05-09,1,295,7485.0
13047,2026-05-14,1,406,7740.0
13048,2026-05-28,1,165,800.0
13049,2026-06-24,3,72,7100.0
13050,2026-03-24,2,405,22525.0
13051,2026-04-23,2,243,8260.0
13052,2026-04-07,3,435,7770.0
13053,2026-02-21,1,401,4500.0
13054,2026-02-20,2,383,5900.0
13055,2026-05-20,3,336,1285.0
13056,2026-07-09,3,159,11100.0
13057,2026-01-26,3,565,4500.0
13058,2026-03-24,3,194,5640.0
13059,2026-05-10,2,582,8670.0
13060,2026-01-12,1,237,4200.0
13061,2026-08-27,2,76,1485.0
13062,2026-08-07,1,530,4222.5
13063,2026-02-18,3,502,560.0
13064,2026-01-16,3,10,916.0
13065,2026-08-25,3,275,8200.0
13066,2026-01-05,1,258,5800.0
13067,2026-09-09,2,153,3950.0
13068,2026-04-18,1,445,285.0
13069,2026-08-21,3,487,1775.0
13070,2026-02-09,1,17,14000.0
13071,2026-04-13,1,173,7900.0
13072,2026-04-30,1,379,2100.0
13073,2026-05-06,1,224,10600.0
13074,2026-08-15,3,144,3607.5
13075,2026-03-10,2,366,4920.0
13076,2026-06-09,1,425,7648.0
13077,2026-07-29,1,142,1730.0
13078,2026-07-28,1,96,1045.0
13079,2026-08-24,1,366,3000.0
13080,2026-08-21,2,151,6225.0
13081,2026-09-02,1,432,5320.0
13082,2026-05-17,3,105,5620.0
13083,2026-04-01,3,253,5820.0
13084,2026-06-05,3,343,7850.0
13085,2026-06-29,1,559,1645.0
13086,2026-04-17,1,72,4500.0
13087,2026-09-08,2,260,7040.0
13088,2026-05-07,1,151,4300.0
13089,2026-08-10,1,278,2500.0
13090,2026-03-05,2,494,230.0
13091,2026-09-18,2,506,6900.0
13092,2026-09-18,3,441,6840.0
13093,2026-07-09,2,347,2535.0
13094,2026-06-13,2,315,2380.0
13095,2026-08-28,1,116,2500.0
13096,2026-08-16,2,127,2220.0
13097,2026-04-03,1,586,9920.0
13098,2026-01-22,1,147,8200.0
13099,2026-09-22,3,407,1700.0
13100,2026-01-08,1,114,5500.0
13101,2026-05-22,2,194,2400.0
13102,2026-05-06,3,369,4400.0
13103,2026-07-31,2,366,1140.0
13104,2026-03-19,2,324,9245.0
13105,2026-07-13,2,416,1800.0
13106,2026-06-06,3,387,3130.0
13107,2026-04-05,3,323,4220.0
13108,2026-09-20,2,58,1100.0
13109,2026-09-13,1,21,5150.0
13110,2026-05-13,3,499,3170.0
13111,2026-03-09,1,211,7200.0
13112,2026-05-25,2,460,3435.0
13113,2026-07-15,2,517,2210.0
13114,2026-07-03,2,451,1000.0
13115,2026-07-16,3,405,4750.0
13116,2026-01-14,2,265,5850.0
13117,2026-04-21,2,427,1755.0
13118,2026-01-31,1,100,14000.0
13119,2026-08-06,3,292,1800.0
13120,2026-04-28,2,222,5100.0
13121,2026-01-26,1,408,8616.0
13122,2026-03-09,1,152,1800.0
13123,2026-07-18,1,229,8140.0
13124,2026-05-13,3,568,895.0
13125,2026-01-27,1,406,5190.0
13126,2026-07-17,2,109,300.0
13127,2026-06-21,1,544,300.0
13128,2026-04-15,1,416,6815.0
13129,2026-05-14,3,129,2785.0
13130,2026-01-22,1,456,1800.0
13131,2026-05-28,1,559,870.0
13132,2026-03-28,2,191,5610.0
13133,2026-05-26,3,41,5400.0
13134,2026-05-22,3,537,6142.5
13135,2026-03-03,1,430,3360.0
13136,2026-06-03,2,200,11200.0
13137,2026-09-16,3,155,4400.0
13138,2026-06-22,1,538,880.0
13139,2026-09-10,3,286,6860.0
13140,2026-03-23,2,462,2400.0
13141,2026-01-30,1,339,2475.0
13142,2026-06-10,1,589,4980.0
13143,2026-06-22,2,429,10600.0
13144,2026-03-27,1,163,3640.0
13145,2026-05-22,3,359,1750.0
13146,2026-07-17,1,563,5790.0
13147,2026-09-28,1,381,3450.0
13148,2026-06-01,2,15,4792.5
13149,2026-02-21,3,409,4800.0
13150,2026-01-12,2,89,5285.0
13151,2026-03-15,2,461,6100.0
13152,2026-05-01,2,306,1500.0
13153,2026-03-10,1,22,4710.0
13154,2026-06-03,1,549,3790.0
13155,2026-09-07,2,435,1800.0
13156,2026-01-18,1,238,3700.0
13157,2026-02-26,3,24,650.0
13158,2026-01-30,2,86,3210.0
13159,2026-06-09,3,313,7800.0
13160,2026-05-31,3,4,5400.0
13161,2026-07-25,2,529,5070.0
13162,2026-05-11,1,373,13920.0
13163,2026-09-22,2,306,9000.0
13164,2026-08-05,2,448,1660.0
13165,2026-01-07,2,176,3440.0
13166,2026-02-14,3,195,6760.0
13167,2026-06-03,2,208,1600.0
13168,2026-04-03,1,39,9200.0
13169,2026-03-12,1,142,10800.0
13170,2026-06-09,1,242,5445.0
13171,2026-05-06,1,34,4490.0
13172,2026-06-09,1,174,2340.0
13173,2026-02-15,1,344,1305.0
13174,2026-06-08,1,467,2900.0
13175,2026-08-11,2,186,400.0
13176,2026-01-14,1,57,152.0
13177,2026-04-06,1,499,4135.0
13178,2026-07-02,2,265,1551.0
13179,2026-02-14,1,139,750.0
13180,2026-09-21,2,81,2700.0
13181,2026-05-05,3,479,1802.0
13182,2026-06-17,3,99,7942.5
13183,2026-02-14,2,361,2692.5
13184,2026-05-14,3,167,5040.0
13185,2026-02-26,2,440,2800.0
13186,2026-01-27,1,216,3575.0
13187,2026-08-11,3,288,13600.0
13188,2026-04-02,1,568,1200.0
13189,2026-09-06,2,46,5228.0
13190,2026-08-19,1,261,5570.0
13191,2026-03-08,2,535,3795.0
13192,2026-08-30,1,234,8700.0
13193,2026-01-16,1,164,11200.0
13194,2026-05-11,2,550,4352.5
13195,2026-03-07,3,192,2200.0
13196,2026-01-24,2,58,10200.0
13197,2026-06-23,2,331,5960.0
13198,2026-05-07,2,571,700.0
13199,2026-08-18,3,130,5000.0
13200,2026-07-14,2,531,3900.0
13201,2026-05-21,1,62,2800.0
13202,2026-05-02,2,281,5900.0
13203,2026-03-05,1,245,8180.0
13204,2026-06-11,3,592,4640.0
13205,2026-02-20,1,70,10800.0
13206,2026-01-04,2,385,5310.0
13207,2026-09-28,2,102,17025.0
13208,2026-06-26,2,523,15685.0
13209,2026-02-25,3,289,2300.0
13210,2026-03-30,2,194,1300.0
13211,2026-05-14,1,551,9710.0
13212,2026-08-28,1,186,9775.0
13213,2026-07-24,2,533,5940.0
13214,2026-06-30,2,440,12750.0
13215,2026-06-05,3,552,3070.0
13216,2026-07-21,3,16,4900.0
13217,2026-06-29,1,266,7650.0
13218,2026-01-13,2,213,9515.0
13219,2026-06-30,1,382,1585.0
13220,2026-06-07,1,371,8650.0
13221,2026-05-13,3,414,2500.0
13222,2026-06-23,1,385,9450.0
13223,2026-09-24,2,213,8770.0
13224,2026-04-16,3,458,1400.0
13225,2026-05-13,1,517,2870.0
13226,2026-07-28,1,468,6860.0
13227,2026-03-21,1,113,4794.0
13228,2026-03-25,3,37,5850.0
13229,2026-09-22,1,54,10500.0
13230,2026-07-01,2,166,10700.0
13231,2026-04-20,3,385,10960.0
13232,2026-08-25,1,508,7940.0
13233,2026-09-10,3,70,8910.0
13234,2026-02-04,3,503,2200.0
13235,2026-02-22,3,427,10600.0
13236,2026-06-08,2,309,7000.0
13237,2026-04-26,1,202,5200.0
13238,2026-04-14,1,238,6630.0
13239,2026-03-19,2,425,8650.0
13240,2026-05-10,3,167,6850.0
13241,2026-06-11,3,296,8700.0
13242,2026-07-13,2,316,2280.0
13243,2026-07-15,3,373,3905.0
13244,2026-09-01,3,303,7125.0
13245,2026-02-27,2,467,2480.0
13246,2026-01-12,2,34,4845.0
13247,2026-07-23,1,532,5800.0
13248,2026-07-06,2,67,2140.0
13249,2026-02-01,3,249,8100.0
13250,2026-09-11,3,115,2810.0
13251,2026-01-10,1,414,2125.0
13252,2026-04-23,3,420,6392.5
13253,2026-09-08,1,373,7380.0
13254,2026-02-16,2,281,1045.0
13255,2026-01-20,1,518,3750.0
13256,2026-02-07,2,88,7435.0
13257,2026-01-22,1,277,4320.0
13258,2026-09-21,2,321,8200.0
13259,2026-09-21,1,347,300.0
13260,2026-09-21,2,476,10400.0
13261,2026-09-11,2,521,6100.0
13262,2026-04-18,3,268,5600.0
13263,2026-03-26,1,411,6480.0
13264,2026-07-10,1,115,500.0
13265,2026-07-04,1,86,4900.0
13266,2026-02-12,1,419,9400.0
13267,2026-03-07,1,565,1960.0
13268,2026-08-23,3,529,8580.0
13269,2026-03-15,1,372,2100.0
13270,2026-01-24,1,171,13960.0
13271,2026-03-30,2,241,1500.0
13272,2026-01-30,1,280,7480.0
13273,2026-09-14,1,104,400.0
13274,2026-01-04,1,358,1312.5
13275,2026-08-27,2,321,12220.0
13276,2026-09-27,1,474,1160.0
13277,2026-08-02,2,295,7500.0
13278,2026-03-04,2,248,7720.0
13279,2026-02-12,2,213,3600.0
13280,2026-02-07,1,510,5928.0
13281,2026-05-30,3,207,6157.5
13282,2026-08-02,3,13,2527.5
13283,2026-05-16,1,472,4780.0
13284,2026-06-23,2,53,2700.0
13285,2026-03-02,3,5,570.0
13286,2026-08-16,2,497,8900.0
13287,2026-03-09,1,23,3300.0
13288,2026-06-30,1,536,6900.0
13289,2026-09-27,3,522,6800.0
13290,2026-06-10,1,355,2405.0
13291,2026-09-06,3,415,600.0
13292,2026-08-22,2,42,4800.0
13293,2026-02-19,3,213,1500.0
13294,2026-04-08,3,185,9590.0
13295,2026-03-23,1,509,5600.0
13296,2026-05-09,3,104,12500.0
13297,2026-07-27,3,48,11840.0
13298,2026-01-17,1,10,190.0
13299,2026-05-19,1,399,5550.0
13300,2026-02-11,1,57,5800.0
13301,2026-05-02,2,503,6700.0
13302,2026-07-24,1,412,3080.0
13303,2026-09-08,2,144,6310.0
13304,2026-03-30,1,543,7970.0
13305,2026-03-12,3,498,5760.0
13306,2026-09-04,2,242,4560.0
13307,2026-01-14,2,17,200.0
13308,2026-05-06,1,505,5200.0
13309,2026-05-29,1,178,7340.0
13310,2026-02-20,1,502,500.0
13311,2026-01-18,2,74,2200.0
13312,2026-06-22,3,80,400.0
13313,2026-06-23,1,402,9290.0
13314,2026-01-17,3,198,2000.0
13315,2026-08-27,3,352,4485.0
13316,2026-09-17,2,389,9420.0
13317,2026-01-13,1,230,5480.0
13318,2026-05-18,2,212,5025.0
13319,2026-01-28,2,269,8385.0
13320,2026-02-15,2,585,1285.0
13321,2026-02-08,3,389,1300.0
13322,2026-02-12,1,298,4500.0
13323,2026-04-30,3,249,7355.0
13324,2026-06-18,1,166,8625.0
13325,2026-08-30,3,248,1595.0
13326,2026-01-31,2,180,8100.0
13327,2026-09-29,3,443,13900.0
13328,2026-03-31,2,185,8175.0
13329,2026-05-21,1,499,2000.0
13330,2026-01-19,2,36,6000.0
13331,2026-09-12,1,69,5760.0
13332,2026-08-17,3,369,2670.0
13333,2026-02-02,2,490,7410.0
13334,2026-01-22,2,359,3300.0
13335,2026-07-15,2,422,5000.0
13336,2026-08-20,3,459,9350.0
13337,2026-03-02,2,345,400.0
13338,2026-07-28,2,466,11580.0
13339,2026-04-23,3,8,8120.0
13340,2026-01-29,2,447,300.0
13341,2026-04-29,1,123,5870.0
13342,2026-01-11,2,85,2200.0
13343,2026-07-11,3,70,2840.0
13344,2026-03-07,3,182,4500.0
13345,2026-06-22,2,26,6200.0
13346,2026-09-08,1,271,3100.0
13347,2026-01-19,2,47,14400.0
13348,2026-07-25,2,174,13795.0
13349,2026-05-03,3,48,9900.0
13350,2026-05-17,3,305,2340.0
13351,2026-01-26,3,133,2200.0
13352,2026-08-25,3,107,3735.0
13353,2026-06-19,3,436,600.0
13354,2026-03-01,2,303,2485.0
13355,2026-02-17,1,355,2090.0
13356,2026-03-21,2,404,300.0
13357,2026-03-22,2,502,11755.0
13358,2026-07-23,3,489,600.0
13359,2026-08-23,1,229,1320.0
13360,2026-09-22,2,57,150.0
13361,2026-06-12,1,260,13900.0
13362,2026-06-26,2,201,3610.0
13363,2026-01-08,2,242,3310.0
13364,2026-05-27,2,165,2380.0
13365,2026-09-11,2,488,4790.0
13366,2026-08-21,1,281,5580.0
13367,2026-07-24,2,34,2580.0
13368,2026-03-12,1,366,1746.0
13369,2026-01-21,2,154,2010.0
13370,2026-07-05,1,346,3240.0
13371,2026-02-19,2,499,3820.0
13372,2026-03-23,1,220,6995.0
13373,2026-01-23,2,197,5885.0
13374,2026-03-11,3,462,2025.0
13375,2026-03-24,2,65,6000.0
13376,2026-07-30,1,179,7900.0
13377,2026-07-12,2,318,3500.0
13378,2026-09-08,1,314,4975.0
13379,2026-01-22,1,182,1680.0
13380,2026-06-27,3,209,100.0
13381,2026-05-01,1,396,11800.0
13382,2026-08-30,3,13,5130.0
13383,2026-08-21,2,507,4890.0
13384,2026-03-08,3,392,400.0
13385,2026-07-07,1,508,3900.0
13386,2026-05-13,2,159,8500.0
13387,2026-07-31,2,73,9630.0
13388,2026-07-23,3,372,8580.0
13389,2026-01-06,3,558,5300.0
13390,2026-07-18,2,210,2600.0
13391,2026-04-08,3,170,13100.0
13392,2026-06-18,2,88,5720.0
13393,2026-02-19,3,505,5800.0
13394,2026-08-19,1,268,1552.0
13395,2026-02-12,2,146,2850.0
13396,2026-05-26,3,134,8900.0
13397,2026-02-18,3,495,8290.0
13398,2026-01-11,3,363,5400.0
13399,2026-01-25,2,293,7550.0
13400,2026-04-13,3,536,9900.0
13401,2026-09-08,3,554,6495.0
13402,2026-05-04,1,547,7942.5
13403,2026-03-06,1,585,5250.0
13404,2026-08-08,2,51,8628.0
13405,2026-02-05,2,324,2280.0
13406,2026-04-04,2,543,8925.0
13407,2026-08-30,1,55,4955.0
13408,2026-07-04,1,425,5070.0
13409,2026-05-08,1,458,6760.0
13410,2026-09-25,3,42,1800.0
13411,2026-01-15,3,470,1300.0
13412,2026-07-18,3,418,1940.0
13413,2026-02-12,2,315,1790.0
13414,2026-01-04,2,558,2280.0
13415,2026-07-13,2,380,9870.0
13416,2026-07-06,2,162,4800.0
13417,2026-05-09,1,450,2300.0
13418,2026-07-05,2,498,900.0
13419,2026-09-27,1,412,1500.0
13420,2026-02-06,2,145,1710.0
13421,2026-03-16,2,319,5065.0
13422,2026-09-18,2,464,4380.0
13423,2026-08-18,3,221,1960.0
13424,2026-01-17,2,329,1890.0
13425,2026-04-28,3,278,3600.0
13426,2026-05-21,1,6,6450.0
13427,2026-09-17,3,202,12505.0
13428,2026-04-08,2,212,2375.0
13429,2026-04-23,2,356,2700.0
13430,2026-01-07,3,279,2700.0
13431,2026-05-18,2,130,5900.0
13432,2026-06-15,1,591,9940.0
13433,2026-02-11,1,139,11510.0
13434,2026-03-04,1,158,9500.0
13435,2026-09-18,2,218,3500.0
13436,2026-04-21,1,234,450.0
13437,2026-04-06,1,307,10300.0
13438,2026-03-27,3,418,6535.0
13439,2026-05-21,3,203,10930.0
13440,2026-05-03,1,281,6200.0
13441,2026-05-04,1,197,1725.0
13442,2026-04-13,2,546,887.5
13443,2026-01-10,3,467,6300.0
13444,2026-07-10,2,321,3680.0
13445,2026-05-14,1,386,5820.0
13446,2026-01-03,2,358,7100.0
13447,2026-09-25,1,414,1400.0
13448,2026-01-23,2,88,1140.0
13449,2026-05-30,3,86,1000.0
13450,2026-08-31,1,558,285.0
13451,2026-04-01,3,263,4150.0
13452,2026-01-01,1,514,3770.0
13453,2026-01-13,3,190,605.0
13454,2026-05-27,1,77,5700.0
13455,2026-06-11,3,315,5060.0
13456,2026-01-16,3,139,280.0
13457,2026-09-20,3,48,3700.0
13458,2026-09-08,3,370,7170.0
13459,2026-07-24,2,28,3000.0
13460,2026-08-23,2,460,15400.0
13461,2026-08-28,3,256,3585.0
13462,2026-03-01,1,272,2265.0
13463,2026-05-15,1,355,2800.0
13464,2026-09-30,1,78,600.0
13465,2026-05-13,1,7,6100.0
13466,2026-08-13,1,57,9480.0
13467,2026-07-15,3,87,6200.0
13468,2026-05-25,2,585,10942.5
13469,2026-05-22,1,289,2430.0
13470,2026-03-26,3,22,2000.0
13471,2026-05-20,2,112,1280.0
13472,2026-09-28,3,487,7400.0
13473,2026-03-08,3,195,8560.0
13474,2026-06-09,3,570,1140.0
13475,2026-06-16,1,472,5130.0
13476,2026-07-31,3,439,6442.5
13477,2026-05-21,1,32,6895.0
13478,2026-01-21,3,278,9300.0
13479,2026-05-13,1,214,6475.0
13480,2026-07-08,1,188,300.0
13481,2026-08-08,1,70,3480.0
13482,2026-04-15,1,93,5800.0
13483,2026-01-15,2,221,1770.0
13484,2026-02-04,3,168,4200.0
13485,2026-03-30,2,204,2700.0
13486,2026-04-07,3,363,5000.0
13487,2026-07-29,1,584,7800.0
13488,2026-05-17,2,586,8480.0
13489,2026-01-21,2,443,6600.0
13490,2026-06-04,1,102,5700.0
13491,2026-01-12,1,258,1990.0
13492,2026-03-20,1,497,7135.0
13493,2026-09-06,2,407,3760.0
13494,2026-05-22,1,306,6490.0
13495,2026-05-13,1,286,3795.0
13496,2026-05-11,2,289,12900.0
13497,2026-02-28,3,282,4730.0
13498,2026-06-24,2,192,3050.0
13499,2026-04-27,2,408,3810.0
13500,2026-04-02,3,232,5976.0
13501,2026-07-07,2,246,76.0
13502,2026-05-05,1,576,2620.0
13503,2026-04-19,3,80,7225.0
13504,2026-09-29,2,400,4527.5
13505,2026-08-29,3,171,4185.0
13506,2026-09-14,3,363,5900.0
13507,2026-06-04,3,541,8700.0
13508,2026-07-05,2,407,1200.0
13509,2026-05-08,2,345,2250.0
13510,2026-06-25,1,500,9450.0
13511,2026-03-18,2,350,240.0
13512,2026-03-26,2,400,4630.0
13513,2026-04-28,1,506,11240.0
13514,2026-01-13,2,545,2328.0
13515,2026-03-19,2,40,11175.0
13516,2026-06-30,1,32,14400.0
13517,2026-08-12,3,159,4170.0
13518,2026-02-21,3,268,2850.0
13519,2026-04-16,2,79,5490.0
13520,2026-04-24,1,338,72.0
13521,2026-02-14,2,159,2548.0
13522,2026-08-02,2,148,9100.0
13523,2026-01-16,1,6,4800.0
13524,2026-04-23,1,8,5340.0
13525,2026-02-06,3,234,5000.0
13526,2026-06-20,3,527,8100.0
13527,2026-05-09,3,537,3940.0
13528,2026-08-28,1,267,8600.0
13529,2026-07-22,2,533,2500.0
13530,2026-01-21,2,20,4740.0
13531,2026-06-01,1,168,12100.0
13532,2026-05-13,1,434,5880.0
13533,2026-08-30,3,218,1425.0
13534,2026-08-19,1,373,3600.0
13535,2026-07-15,2,47,5680.0
13536,2026-07-05,1,509,4595.0
13537,2026-05-02,3,98,6400.0
13538,2026-03-18,1,61,450.0
13539,2026-01-28,1,65,890.0
13540,2026-02-24,2,531,3000.0
13541,2026-09-13,1,339,2540.0
13542,2026-03-08,1,329,4200.0
13543,2026-07-17,2,518,1550.0
13544,2026-01-09,3,96,3725.0
13545,2026-09-19,3,535,1740.0
13546,2026-04-16,3,3,12630.0
13547,2026-02-12,2,49,4150.0
13548,2026-08-20,2,486,2805.0
13549,2026-08-20,2,580,9590.0
13550,2026-07-02,1,486,1585.0
13551,2026-03-26,1,507,6800.0
13552,2026-04-24,1,533,4800.0
13553,2026-08-18,1,226,3230.0
13554,2026-09-21,1,153,11900.0
13555,2026-08-18,2,517,2550.0
13556,2026-09-06,2,381,10200.0
13557,2026-05-15,1,421,1100.0
13558,2026-03-29,1,552,2500.0
13559,2026-03-19,1,581,1210.0
13560,2026-04-15,1,124,5000.0
13561,2026-04-04,1,384,2500.0
13562,2026-02-25,2,33,1800.0
13563,2026-05-05,3,326,10300.0
13564,2026-09-21,2,253,4800.0
13565,2026-01-07,2,140,7126.0
13566,2026-03-14,3,20,2600.0
13567,2026-05-09,3,50,7200.0
13568,2026-02-18,3,307,540.0
13569,2026-09-05,2,196,9050.0
13570,2026-06-09,3,295,6140.0
13571,2026-01-21,3,500,4350.0
13572,2026-08-02,3,280,4500.0
13573,2026-01-04,1,569,4550.0
13574,2026-01-08,3,18,8940.0
13575,2026-02-07,2,75,1760.0
13576,2026-03-20,1,386,3530.0
13577,2026-06-28,3,85,13200.0
13578,2026-09-14,2,86,6550.0
13579,2026-09-01,2,514,13440.0
13580,2026-03-17,1,187,4650.0
13581,2026-05-22,3,377,900.0
13582,2026-03-02,3,382,5780.0
13583,2026-05-25,2,294,10900.0
13584,2026-01-21,2,95,900.0
13585,2026-06-12,2,321,6780.0
13586,2026-08-04,1,190,4300.0
13587,2026-01-03,2,143,3800.0
13588,2026-05-19,3,295,3070.0
13589,2026-08-03,2,421,5580.0
13590,2026-03-08,1,562,8550.0
13591,2026-09-22,3,145,2210.0
13592,2026-09-02,2,283,5480.0
13593,2026-07-16,2,119,1725.0
13594,2026-08-28,2,482,6580.0
13595,2026-05-04,3,552,1660.0
13596,2026-08-06,2,556,6800.0
13597,2026-05-09,1,281,3170.0
13598,2026-03-28,1,447,500.0
13599,2026-02-11,1,495,1400.0
13600,2026-04-02,3,109,15107.5
13601,2026-04-23,1,53,2470.0
13602,2026-09-29,2,355,12800.0
13603,2026-02-13,3,190,600.0
13604,2026-05-21,2,211,6230.0
13605,2026-07-13,1,493,6975.0
13606,2026-07-02,3,16,2516.0
13607,2026-07-01,2,149,4500.0
13608,2026-09-16,1,75,1800.0
13609,2026-08-31,1,318,2600.0
13610,2026-04-17,3,59,1360.0
13611,2026-02-11,2,192,2685.0
13612,2026-02-12,2,426,1800.0
13613,2026-08-03,1,318,3700.0
13614,2026-07-14,3,154,3705.0
13615,2026-03-10,1,258,2600.0
13616,2026-07-01,1,442,9500.0
13617,2026-02-02,2,30,600.0
13618,2026-03-26,2,428,2280.0
13619,2026-01-29,2,570,7995.0
13620,2026-01-22,3,276,8460.0
13621,2026-08-23,1,481,5200.0
13622,2026-09-26,1,543,13100.0
13623,2026-05-24,1,345,6425.0
13624,2026-01-07,1,578,5600.0
13625,2026-09-02,2,505,3200.0
13626,2026-04-19,2,8,9000.0
13627,2026-05-12,1,450,10700.0
13628,2026-03-25,1,447,7550.0
13629,2026-04-25,2,208,2700.0
13630,2026-02-03,2,247,8540.0
13631,2026-07-19,3,109,340.0
13632,2026-09-05,3,307,4007.5
13633,2026-03-05,1,325,855.0
13634,2026-06-22,1,198,1880.0
13635,2026-07-21,1,387,3450.0
13636,2026-07-17,3,2,7500.0
13637,2026-09-02,1,194,11310.0
13638,2026-08-04,3,60,1128.0
13639,2026-05-20,1,327,9935.0
13640,2026-07-18,3,407,11385.0
13641,2026-05-07,3,19,540.0
13642,2026-05-10,1,452,6000.0
13643,2026-09-02,3,24,3390.0
13644,2026-01-20,3,168,6500.0
13645,2026-09-26,2,370,8400.0
13646,2026-09-20,2,264,8640.0
13647,2026-02-01,1,348,4900.0
13648,2026-04-29,1,70,2500.0
13649,2026-03-01,3,124,6220.0
13650,2026-02-22,1,119,6100.0
13651,2026-05-14,2,79,3405.0
13652,2026-06-21,1,98,9320.0
13653,2026-09-03,3,587,4000.0
13654,2026-02-17,2,181,1463.0
13655,2026-03-16,3,373,5240.0
13656,2026-04-10,1,86,2500.0
13657,2026-02-06,1,228,5140.0
13658,2026-05-31,2,455,2370.0
13659,2026-04-18,3,252,1200.0
13660,2026-07-26,2,356,500.0
13661,2026-03-10,1,241,5225.0
13662,2026-08-09,3,353,3485.0
13663,2026-07-06,3,261,740.0
13664,2026-05-16,1,287,10250.0
13665,2026-08-26,2,96,6450.0
13666,2026-04-21,1,94,3300.0
13667,2026-01-16,3,354,1800.0
13668,2026-09-23,2,336,2200.0
13669,2026-01-29,2,365,9000.0
13670,2026-07-21,1,562,6900.0
13671,2026-01-04,3,50,8000.0
13672,2026-02-19,1,162,7935.0
13673,2026-04-17,1,59,7900.0
13674,2026-08-31,2,280,1880.0
13675,2026-05-04,1,3,4270.0
13676,2026-07-02,2,111,13650.0
13677,2026-07-15,3,424,8500.0
13678,2026-01-04,3,357,2500.0
13679,2026-02-26,3,179,400.0
13680,2026-03-26,1,513,310.0
13681,2026-03-06,1,596,1850.0
13682,2026-02-21,3,270,7160.0
13683,2026-05-15,2,293,5321.0
13684,2026-01-19,1,466,13100.0
13685,2026-03-18,2,549,810.0
13686,2026-05-04,2,120,3150.0
13687,2026-09-12,1,433,1500.0
13688,2026-08-11,3,517,9670.0
13689,2026-05-13,3,83,11570.0
13690,2026-05-23,1,591,1985.0
13691,2026-01-15,2,57,3300.0
13692,2026-05-19,3,557,3000.0
13693,2026-04-20,1,2,3300.0
13694,2026-02-18,2,346,7040.0
13695,2026-09-22,2,257,1588.0
13696,2026-02-02,1,562,5000.0
13697,2026-04-21,1,458,4750.0
13698,2026-02-07,1,334,6035.0
13699,2026-09-20,2,52,7605.0
13700,2026-04-25,3,185,1100.0
13701,2026-07-23,2,5,6842.5
13702,2026-02-12,1,332,3760.0
13703,2026-09-24,2,75,960.0
13704,2026-07-27,1,78,2310.0
13705,2026-04-02,1,562,1800.0
13706,2026-09-02,3,71,2410.0
13707,2026-06-28,3,119,1800.0
13708,2026-08-07,1,7,1620.0
13709,2026-02-17,1,365,600.0
13710,2026-02-18,1,588,5170.0
13711,2026-08-27,1,202,6860.0
13712,2026-01-20,3,349,4080.0
13713,2026-07-04,3,477,10612.0
13714,2026-01-23,3,583,3850.0
13715,2026-09-29,3,435,3760.0
13716,2026-08-31,2,515,900.0
13717,2026-02-02,2,126,5300.0
13718,2026-07-31,2,290,12170.0
13719,2026-03-11,1,142,1000.0
13720,2026-07-30,2,600,3770.0
13721,2026-04-03,3,118,5032.5
13722,2026-08-13,2,484,2200.0
13723,2026-06-29,1,278,2362.0
13724,2026-04-24,1,274,9000.0
13725,2026-06-04,2,274,5650.0
13726,2026-09-05,3,391,800.0
13727,2026-01-04,1,258,2385.0
13728,2026-01-25,2,448,8235.0
13729,2026-04-28,2,222,6845.0
13730,2026-03-03,3,34,676.0
13731,2026-09-01,1,39,2500.0
13732,2026-04-11,2,458,4400.0
13733,2026-08-08,1,332,285.0
13734,2026-04-03,1,109,8055.0
13735,2026-09-14,1,232,6050.0
13736,2026-05-25,1,49,900.0
13737,2026-05-06,1,317,3325.0
13738,2026-06-10,2,453,1170.0
13739,2026-09-19,3,488,550.0
13740,2026-04-09,3,94,2400.0
13741,2026-08-14,1,510,3810.0
13742,2026-08-21,3,153,13375.0
13743,2026-08-26,1,519,9980.0
13744,2026-02-18,1,567,3840.0
13745,2026-09-09,3,438,3945.0
13746,2026-05-03,1,540,2600.0
13747,2026-05-02,1,310,11830.0
13748,2026-08-09,1,70,3885.0
13749,2026-01-19,3,131,3300.0
13750,2026-08-30,1,430,9105.0
13751,2026-08-30,1,375,9000.0
13752,2026-08-12,1,345,6325.0
13753,2026-05-19,3,338,7180.0
13754,2026-03-02,2,479,2900.0
13755,2026-01-06,2,464,8090.0
13756,2026-04-04,1,7,1800.0
13757,2026-02-04,2,487,7300.0
13758,2026-02-19,2,28,6600.0
13759,2026-01-02,3,572,4375.0
13760,2026-09-11,2,216,12966.0
13761,2026-08-17,3,541,4335.0
13762,2026-02-01,3,470,1478.0
13763,2026-09-16,1,269,6240.0
13764,2026-07-15,2,181,6316.0
13765,2026-01-09,1,138,6465.0
13766,2026-06-26,1,151,7900.0
13767,2026-08-25,3,399,4700.0
13768,2026-05-24,3,283,1200.0
13769,2026-09-13,3,92,8200.0
13770,2026-05-01,3,422,2500.0
13771,2026-06-30,1,404,9280.0
13772,2026-01-18,2,355,700.0
13773,2026-01-15,1,246,1220.0
13774,2026-02-04,1,476,6355.0
13775,2026-02-07,2,118,400.0
13776,2026-07-13,1,302,8463.0
13777,2026-01-31,2,99,9580.0
13778,2026-01-26,2,140,18735.0
13779,2026-06-12,1,274,11300.0
13780,2026-05-12,1,540,4180.0
13781,2026-01-08,3,275,4305.0
13782,2026-07-26,1,244,5700.0
13783,2026-03-02,3,221,1425.0
13784,2026-04-07,1,147,2280.0
13785,2026-03-19,1,90,7420.0
13786,2026-03-30,2,425,6367.5
13787,2026-03-23,3,21,3900.0
13788,2026-04-28,1,329,3370.0
13789,2026-03-15,3,250,4350.0
13790,2026-01-04,2,539,6425.0
13791,2026-06-04,1,91,2875.0
13792,2026-01-02,1,48,9500.0
13793,2026-07-30,3,388,5400.0
13794,2026-03-09,3,216,1600.0
13795,2026-08-26,3,253,8770.0
13796,2026-06-15,3,531,6325.0
13797,2026-01-30,1,483,10500.0
13798,2026-07-13,1,23,1700.0
13799,2026-08-25,1,544,3510.0
13800,2026-09-05,3,496,2900.0
13801,2026-09-05,2,56,7200.0
13802,2026-05-19,3,127,4100.0
13803,2026-04-13,3,254,9160.0
13804,2026-05-23,1,530,2800.0
13805,2026-06-25,3,254,9100.0
13806,2026-06-30,2,464,4600.0
13807,2026-07-12,1,535,3250.0
13808,2026-07-04,2,30,4060.0
13809,2026-02-15,1,45,1100.0
13810,2026-03-02,2,527,5100.0
13811,2026-04-10,3,45,13500.0
13812,2026-05-10,1,497,3892.0
13813,2026-01-03,1,545,5100.0
13814,2026-09-04,2,599,4910.0
13815,2026-01-14,3,232,2340.0
13816,2026-07-24,2,550,2480.0
13817,2026-03-01,2,554,4875.0
13818,2026-02-05,3,106,8190.0
13819,2026-02-19,1,476,1050.0
13820,2026-08-12,3,377,5800.0
13821,2026-02-13,3,324,1400.0
13822,2026-06-07,3,227,2800.0
13823,2026-02-06,2,142,6060.0
13824,2026-06-21,1,286,785.0
13825,2026-01-31,2,430,5800.0
13826,2026-01-25,3,557,5695.0
13827,2026-04-29,3,133,2715.0
13828,2026-06-17,1,265,10535.0
13829,2026-03-04,2,481,8350.0
13830,2026-09-10,1,1,9980.0
13831,2026-02-25,1,385,900.0
13832,2026-01-08,1,556,2900.0
13833,2026-04-08,1,341,2480.0
13834,2026-08-20,1,2,1600.0
13835,2026-07-04,3,225,13560.0
13836,2026-02-03,2,193,2380.0
13837,2026-01-18,3,190,2280.0
13838,2026-09-18,3,362,8550.0
13839,2026-06-08,2,110,8781.0
13840,2026-03-06,3,207,5000.0
13841,2026-04-04,1,475,5600.0
13842,2026-08-31,1,583,3900.0
13843,2026-08-07,3,552,1200.0
13844,2026-07-25,2,361,3500.0
13845,2026-07-21,1,116,6250.0
13846,2026-04-01,2,593,8500.0
13847,2026-08-07,3,232,1450.0
13848,2026-08-17,2,509,4950.0
13849,2026-06-01,3,547,3200.0
13850,2026-03-23,3,364,6300.0
13851,2026-05-09,1,16,2000.0
13852,2026-01-06,1,246,14780.0
13853,2026-05-29,1,451,1000.0
13854,2026-06-30,2,162,4301.0
13855,2026-05-18,3,178,700.0
13856,2026-03-25,2,35,570.0
13857,2026-07-04,2,483,4300.0
13858,2026-02-19,1,6,4920.0
13859,2026-02-05,2,579,8000.0
13860,2026-07-10,1,539,4050.0
13861,2026-09-05,1,214,1360.0
13862,2026-08-15,1,227,3600.0
13863,2026-03-10,3,133,9200.0
13864,2026-07-21,2,562,9360.0
13865,2026-09-07,2,51,5800.0
13866,2026-03-19,1,355,3100.0
13867,2026-05-29,1,204,8400.0
13868,2026-04-30,2,22,4595.0
13869,2026-01-23,1,414,13100.0
13870,2026-05-29,1,69,6900.0
13871,2026-04-08,3,180,6885.0
13872,2026-07-07,3,195,5840.0
13873,2026-04-16,1,277,6600.0
13874,2026-06-18,2,476,3277.5
13875,2026-01-08,1,11,5150.0
13876,2026-09-12,3,387,6200.0
13877,2026-05-03,2,306,6900.0
13878,2026-09-16,3,176,3800.0
13879,2026-09-23,2,245,10360.0
13880,2026-06-03,1,377,5820.0
13881,2026-01-03,3,166,285.0
13882,2026-02-08,1,58,1600.0
13883,2026-05-24,2,283,2576.0
13884,2026-02-22,2,399,8670.0
13885,2026-08-23,2,593,200.0
13886,2026-05-08,1,445,7475.0
13887,2026-06-17,3,347,11000.0
13888,2026-02-21,1,432,1093.0
13889,2026-08-12,1,455,6435.0
13890,2026-07-10,1,343,5875.0
13891,2026-05-01,2,338,8140.0
13892,2026-02-09,2,181,4020.0
13893,2026-03-17,3,500,7670.0
13894,2026-07-10,1,35,1550.0
13895,2026-06-01,3,473,2800.0
13896,2026-08-14,1,113,4550.0
13897,2026-04-17,2,427,1730.0
13898,2026-07-15,2,128,3900.0
13899,2026-04-10,2,594,6075.0
13900,2026-05-07,3,41,5903.5
13901,2026-02-13,3,19,6710.0
13902,2026-06-08,3,143,5500.0
13903,2026-09-01,1,531,7035.0
13904,2026-07-16,3,26,2700.0
13905,2026-03-21,3,95,2500.0
13906,2026-07-23,1,261,4760.0
13907,2026-01-17,3,586,3000.0
13908,2026-03-01,1,88,3380.0
13909,2026-04-07,3,271,4300.0
13910,2026-08-27,2,46,7260.0
13911,2026-03-22,1,138,5328.0
13912,2026-05-11,1,471,15900.0
13913,2026-07-17,1,419,80.0
13914,2026-01-25,1,46,300.0
13915,2026-05-29,1,69,4735.0
13916,2026-01-26,3,193,3980.0
13917,2026-05-02,1,61,3860.0
13918,2026-01-01,2,301,1005.0
13919,2026-02-06,2,543,5690.0
13920,2026-08-02,3,575,8165.0
13921,2026-04-30,2,464,13930.0
13922,2026-09-09,1,229,9800.0
13923,2026-06-26,3,395,4840.0
13924,2026-08-10,3,115,6950.0
13925,2026-09-01,1,199,5350.0
13926,2026-02-28,2,526,5480.0
13927,2026-04-11,1,186,2390.0
13928,2026-06-27,3,458,4208.0
13929,2026-08-07,3,597,11420.0
13930,2026-02-17,3,487,2180.0
13931,2026-06-11,3,211,8900.0
13932,2026-09-06,3,325,9110.0
13933,2026-05-01,2,262,7380.0
13934,2026-02-25,2,116,9030.0
13935,2026-04-06,1,288,142.5
13936,2026-02-25,2,407,5055.0
13937,2026-07-25,2,241,1700.0
13938,2026-09-11,3,313,9300.0
13939,2026-02-17,3,265,5170.0
13940,2026-03-21,1,261,3700.0
13941,2026-06-02,2,282,1880.0
13942,2026-01-30,3,70,12013.0
13943,2026-03-11,3,83,440.0
13944,2026-04-05,1,518,2970.0
13945,2026-07-15,3,487,9045.0
13946,2026-09-25,3,294,8940.0
13947,2026-06-29,1,389,1200.0
13948,2026-02-25,3,261,15335.0
13949,2026-05-15,3,230,3400.0
13950,2026-06-23,3,415,7100.0
13951,2026-08-23,2,391,4080.0
13952,2026-09-25,1,483,3810.0
13953,2026-06-23,2,162,8490.0
13954,2026-02-13,2,167,9300.0
13955,2026-04-19,2,524,16460.0
13956,2026-07-04,3,582,3990.0
13957,2026-09-03,3,211,6180.0
13958,2026-03-17,3,212,1250.0
13959,2026-06-08,2,82,8150.0
13960,2026-04-23,3,390,3080.0
13961,2026-06-10,1,68,8870.0
13962,2026-02-21,3,83,1700.0
13963,2026-05-12,2,202,3210.0
13964,2026-03-28,1,201,4950.0
13965,2026-07-26,1,342,9130.0
13966,2026-04-19,1,565,1485.0
13967,2026-04-08,3,1,8000.0
13968,2026-05-30,3,175,2330.0
13969,2026-08-26,1,304,3150.0
13970,2026-05-17,2,374,7207.5
13971,2026-05-06,3,42,1440.0
13972,2026-04-23,3,166,7050.0
13973,2026-03-03,2,322,7810.0
13974,2026-03-12,2,142,6900.0
13975,2026-05-22,1,37,3670.0
13976,2026-02-27,3,311,3660.0
13977,2026-01-02,1,141,4825.0
13978,2026-01-13,1,279,6825.0
13979,2026-01-07,2,532,3600.0
13980,2026-01-29,3,339,4100.0
13981,2026-03-26,2,76,6000.0
13982,2026-07-22,1,347,3540.0
13983,2026-07-21,2,466,7125.0
13984,2026-05-05,1,178,380.0
13985,2026-07-15,2,560,9892.5
13986,2026-08-15,3,24,1440.0
13987,2026-01-02,2,95,1500.0
13988,2026-07-29,1,356,1820.0
13989,2026-06-04,3,485,1280.0
13990,2026-04-17,2,518,1005.0
13991,2026-06-29,3,373,5670.0
13992,2026-07-01,1,544,7040.0
13993,2026-07-29,3,200,1380.0
13994,2026-05-23,2,171,4980.0
13995,2026-03-14,1,373,8540.0
13996,2026-02-12,1,492,3225.0
13997,2026-08-11,2,20,5040.0
13998,2026-04-20,2,449,5535.0
13999,2026-03-05,1,284,2310.0
14000,2026-01-30,2,317,810.0
14001,2026-01-21,2,276,5400.0
14002,2026-08-21,1,475,1840.0
14003,2026-08-08,2,17,150.0
14004,2026-03-23,2,58,1900.0
14005,2026-08-24,3,532,7200.0
14006,2026-04-21,1,325,1200.0
14007,2026-05-08,1,238,1395.0
14008,2026-03-04,3,109,4140.0
14009,2026-08-11,3,358,1570.0
14010,2026-09-12,1,518,6200.0
14011,2026-04-19,2,437,6810.0
14012,2026-05-30,2,397,5525.0
14013,2026-01-03,2,267,7285.0
14014,2026-08-29,3,179,1370.0
14015,2026-01-08,2,173,3240.0
14016,2026-05-12,3,343,4800.0
14017,2026-03-26,1,175,840.0
14018,2026-08-01,1,255,2220.0
14019,2026-08-18,1,590,2300.0
14020,2026-02-21,3,496,7800.0
14021,2026-01-11,1,386,3735.0
14022,2026-05-08,2,540,12440.0
14023,2026-05-31,1,119,7905.0
14024,2026-03-12,3,403,4800.0
14025,2026-04-13,2,569,8550.0
14026,2026-07-22,2,349,7370.0
14027,2026-01-09,2,576,4330.0
14028,2026-03-26,3,97,2800.0
14029,2026-03-08,1,502,100.0
14030,2026-07-23,2,455,5700.0
14031,2026-05-29,1,137,952.0
14032,2026-08-05,2,31,1600.0
14033,2026-08-07,2,573,80.0
14034,2026-06-13,1,577,8750.0
14035,2026-09-27,2,196,7200.0
14036,2026-07-03,2,371,820.0
14037,2026-02-21,1,478,6600.0
14038,2026-05-17,3,27,840.0
14039,2026-08-27,2,45,8585.0
14040,2026-03-22,1,595,2100.0
14041,2026-02-23,3,414,3400.0
14042,2026-05-19,3,320,2676.0
14043,2026-05-16,2,5,5900.0
14044,2026-07-15,1,239,840.0
14045,2026-08-30,2,184,3240.0
14046,2026-09-29,1,505,7100.0
14047,2026-04-17,3,482,7280.0
14048,2026-09-23,3,456,4650.0
14049,2026-08-24,2,599,2100.0
14050,2026-02-26,3,206,6580.0
14051,2026-04-10,3,145,4440.0
14052,2026-05-29,1,598,3940.0
14053,2026-06-26,2,151,3820.0
14054,2026-08-03,2,196,1300.0
14055,2026-07-20,3,35,7700.0
14056,2026-03-12,1,62,3300.0
14057,2026-09-26,3,253,8700.0
14058,2026-04-29,3,350,1100.0
14059,2026-01-24,1,19,3370.0
14060,2026-04-08,1,412,8818.0
14061,2026-09-03,2,72,1800.0
14062,2026-04-14,1,245,7200.0
14063,2026-07-31,2,160,5090.0
14064,2026-09-09,2,344,9040.0
14065,2026-01-08,2,448,5900.0
14066,2026-08-15,2,505,8400.0
14067,2026-09-19,3,30,4410.0
14068,2026-08-11,1,283,460.0
14069,2026-06-21,1,339,1055.0
14070,2026-07-05,3,102,2090.0
14071,2026-04-20,2,225,7060.0
14072,2026-07-06,3,297,9000.0
14073,2026-05-05,3,410,3450.0
14074,2026-07-31,2,409,8350.0
14075,2026-04-03,2,576,8900.0
14076,2026-07-08,2,264,650.0
14077,2026-08-13,2,76,16100.0
14078,2026-09-23,1,351,1180.0
14079,2026-07-19,3,451,13230.0
14080,2026-06-28,1,298,9520.0
14081,2026-03-12,1,195,4680.0
14082,2026-08-23,3,509,10800.0
14083,2026-06-08,2,332,1500.0
14084,2026-03-07,2,95,180.0
14085,2026-04-30,3,281,7100.0
14086,2026-05-05,1,20,4300.0
14087,2026-04-08,2,403,1275.0
14088,2026-09-15,3,243,4500.0
14089,2026-02-24,2,462,4635.0
14090,2026-02-14,2,234,3120.0
14091,2026-08-10,3,297,940.0
14092,2026-01-07,2,480,2900.0
14093,2026-06-05,2,422,8100.0
14094,2026-07-13,1,472,900.0
14095,2026-05-16,2,387,7360.0
14096,2026-09-14,3,28,4512.0
14097,2026-09-26,2,545,2040.0
14098,2026-02-24,3,462,7960.0
14099,2026-04-30,2,286,2880.0
14100,2026-07-31,2,114,16425.0
14101,2026-04-18,3,549,427.5
14102,2026-02-14,3,415,2580.0
14103,2026-05-09,1,320,760.0
14104,2026-05-23,1,94,9600.0
14105,2026-04-17,1,481,8235.0
14106,2026-05-03,2,414,2690.0
14107,2026-04-13,2,437,1085.0
14108,2026-08-18,2,463,1140.0
14109,2026-01-08,1,37,4840.0
14110,2026-06-27,3,231,6100.0
14111,2026-07-08,2,591,3810.0
14112,2026-06-26,2,200,3885.0
14113,2026-08-16,3,291,9760.0
14114,2026-02-15,2,231,4800.0
14115,2026-01-10,1,491,6625.0
14116,2026-02-13,3,516,6350.0
14117,2026-05-31,3,267,11200.0
14118,2026-06-26,1,4,7545.0
14119,2026-03-27,1,303,9630.0
14120,2026-08-01,2,482,2700.0
14121,2026-04-03,1,19,6610.0
14122,2026-03-19,2,159,2225.0
14123,2026-02-06,3,243,6810.0
14124,2026-08-13,3,291,800.0
14125,2026-02-23,1,201,6120.0
14126,2026-04-28,1,336,1110.0
14127,2026-08-07,2,241,15300.0
14128,2026-01-27,3,220,450.0
14129,2026-07-08,1,272,1140.0
14130,2026-05-19,1,267,11090.0
14131,2026-06-13,2,533,4350.0
14132,2026-01-06,3,542,1502.5
14133,2026-08-20,3,262,3840.0
14134,2026-02-16,1,425,2750.0
14135,2026-05-01,3,100,4000.0
14136,2026-07-19,2,434,12585.0
14137,2026-08-17,3,480,3150.0
14138,2026-04-03,2,75,3000.0
14139,2026-04-15,1,6,8200.0
14140,2026-03-20,2,68,8000.0
14141,2026-09-15,3,478,5700.0
14142,2026-01-17,2,149,3540.0
14143,2026-09-19,2,261,2900.0
14144,2026-01-21,2,258,3870.0
14145,2026-01-01,3,366,5245.0
14146,2026-09-18,3,325,300.0
14147,2026-09-20,1,313,7200.0
14148,2026-02-07,3,328,4080.0
14149,2026-07-08,3,497,750.0
14150,2026-05-26,1,515,14725.0
14151,2026-06-13,1,577,12300.0
14152,2026-05-09,3,174,6430.0
14153,2026-03-21,2,465,6080.0
14154,2026-03-19,1,256,12380.0
14155,2026-02-28,1,546,2375.0
14156,2026-06-17,3,316,5400.0
14157,2026-01-25,1,164,9300.0
14158,2026-08-17,3,254,5735.0
14159,2026-02-12,1,292,7500.0
14160,2026-06-15,1,127,9460.0
14161,2026-01-23,1,461,11150.0
14162,2026-06-13,2,408,7200.0
14163,2026-05-05,1,279,4882.5
14164,2026-09-25,2,576,656.0
14165,2026-05-11,1,508,600.0
14166,2026-01-23,1,16,150.0
14167,2026-06-28,2,227,1850.0
14168,2026-03-15,3,69,4500.0
14169,2026-05-05,3,454,9250.0
14170,2026-04-23,2,10,785.0
14171,2026-05-21,1,99,4742.5
14172,2026-08-20,3,231,1000.0
14173,2026-01-24,1,512,3600.0
14174,2026-09-15,1,463,12008.0
14175,2026-09-30,3,303,5830.0
14176,2026-01-14,2,507,10760.0
14177,2026-06-19,3,349,5050.0
14178,2026-09-19,3,396,3400.0
14179,2026-01-11,2,221,4940.0
14180,2026-01-13,1,366,2880.0
14181,2026-03-23,3,157,8000.0
14182,2026-05-19,2,9,442.5
14183,2026-04-08,3,205,7970.0
14184,2026-02-01,3,21,11950.0
14185,2026-07-05,3,247,12500.0
14186,2026-03-06,3,18,9120.0
14187,2026-09-13,2,113,4652.0
14188,2026-08-16,2,17,8475.0
14189,2026-01-01,2,260,4500.0
14190,2026-06-15,3,244,226.0
14191,2026-04-04,1,597,7826.0
14192,2026-05-23,1,396,12600.0
14193,2026-03-17,3,491,13000.0
14194,2026-05-04,3,548,920.0
14195,2026-04-03,2,327,3311.0
14196,2026-05-20,2,6,4000.0
14197,2026-09-27,3,55,1270.0
14198,2026-06-20,3,173,2440.0
14199,2026-03-29,2,75,4500.0
14200,2026-04-14,2,413,7280.0
14201,2026-07-09,3,175,9755.0
14202,2026-08-23,3,252,16040.0
14203,2026-05-30,3,266,1176.0
14204,2026-08-14,3,429,7875.0
14205,2026-03-07,2,164,685.0
14206,2026-08-05,1,56,2175.0
14207,2026-01-11,2,135,2430.0
14208,2026-09-12,3,517,5700.0
14209,2026-08-23,2,578,8685.0
14210,2026-08-06,2,61,4000.0
14211,2026-02-25,3,561,2640.0
14212,2026-05-03,2,2,13000.0
14213,2026-04-26,1,283,4990.0
14214,2026-06-18,3,395,6280.0
14215,2026-04-16,1,98,10670.0
14216,2026-03-13,2,18,3925.0
14217,2026-06-26,1,592,3385.0
14218,2026-05-04,3,258,6905.0
14219,2026-08-22,1,588,7160.0
14220,2026-07-27,3,132,16530.0
14221,2026-07-01,2,570,12750.0
14222,2026-02-01,2,437,3140.0
14223,2026-05-22,1,335,3447.5
14224,2026-02-26,3,461,2300.0
14225,2026-06-15,1,483,3830.0
14226,2026-02-11,3,385,11640.0
14227,2026-07-23,1,464,344.0
14228,2026-08-12,1,586,8025.0
14229,2026-03-13,3,587,2967.5
14230,2026-09-29,1,151,3300.0
14231,2026-09-22,1,229,7440.0
14232,2026-04-17,2,43,3600.0
14233,2026-03-26,1,351,730.0
14234,2026-06-29,3,123,95.0
14235,2026-01-02,1,495,1960.0
14236,2026-09-08,3,62,7500.0
14237,2026-08-07,1,140,2598.0
14238,2026-07-13,1,563,4500.0
14239,2026-07-02,2,534,1528.0
14240,2026-05-01,1,351,2710.0
14241,2026-08-29,3,306,5900.0
14242,2026-07-20,3,365,8270.0
14243,2026-07-21,1,163,2200.0
14244,2026-09-26,1,596,1380.0
14245,2026-09-28,2,177,3490.0
14246,2026-05-26,1,12,2290.0
14247,2026-07-06,1,211,12810.0
14248,2026-08-07,1,408,9250.0
14249,2026-06-19,2,38,5495.0
14250,2026-06-05,3,245,1200.0
14251,2026-02-21,2,8,7125.0
14252,2026-09-28,3,387,1050.0
14253,2026-04-03,2,438,1800.0
14254,2026-04-24,2,474,1900.0
14255,2026-03-29,1,71,700.0
14256,2026-02-05,3,263,2600.0
14257,2026-02-21,1,200,8185.0
14258,2026-06-15,3,439,8220.0
14259,2026-02-15,2,92,470.0
14260,2026-08-02,1,510,3760.0
14261,2026-04-24,2,135,500.0
14262,2026-08-28,2,173,1515.0
14263,2026-09-10,2,118,4200.0
14264,2026-08-25,1,252,5740.0
14265,2026-03-09,1,406,1750.0
14266,2026-09-02,1,20,9800.0
14267,2026-08-02,1,25,6300.0
14268,2026-02-18,2,379,2878.0
14269,2026-07-11,2,295,10000.0
14270,2026-01-26,2,239,8099.0
14271,2026-07-20,1,549,3080.0
14272,2026-09-19,2,108,4100.0
14273,2026-02-27,2,407,3180.0
14274,2026-07-19,1,556,1785.0
14275,2026-03-12,1,85,4480.0
14276,2026-09-27,3,287,8650.0
14277,2026-07-01,1,356,2500.0
14278,2026-08-19,2,331,1750.0
14279,2026-09-23,1,319,1000.0
14280,2026-07-31,3,72,4850.0
14281,2026-09-24,1,12,1600.0
14282,2026-01-12,1,542,10590.0
14283,2026-04-25,3,57,1400.0
14284,2026-01-25,2,422,6150.0
14285,2026-03-20,3,202,1000.0
14286,2026-01-07,1,293,7900.0
14287,2026-06-13,2,228,900.0
14288,2026-03-06,1,302,1100.0
14289,2026-04-19,2,384,2052.0
14290,2026-05-27,2,268,6900.0
14291,2026-04-25,2,586,2850.0
14292,2026-04-24,2,247,6228.0
14293,2026-03-04,2,74,2300.0
14294,2026-05-14,2,42,3480.0
14295,2026-02-21,2,435,6570.0
14296,2026-08-07,2,355,4860.0
14297,2026-05-16,3,443,7300.0
14298,2026-08-18,1,63,1740.0
14299,2026-08-03,3,59,10020.0
14300,2026-04-22,1,169,2200.0
14301,2026-01-09,1,323,3550.0
14302,2026-06-25,1,578,4500.0
14303,2026-03-02,2,161,5000.0
14304,2026-07-24,2,300,7790.0
14305,2026-09-28,3,499,4800.0
14306,2026-08-21,1,42,4620.0
14307,2026-08-19,3,201,8960.0
14308,2026-08-02,1,501,1000.0
14309,2026-07-11,2,284,2350.0
14310,2026-04-13,2,92,8750.0
14311,2026-08-27,1,437,2630.0
14312,2026-04-05,2,463,4850.0
14313,2026-03-10,2,151,8890.0
14314,2026-03-31,3,121,6150.0
14315,2026-01-22,3,264,1900.0
14316,2026-08-20,1,474,1100.0
14317,2026-04-03,2,349,1192.5
14318,2026-06-17,2,452,900.0
14319,2026-05-25,1,288,7126.0
14320,2026-06-13,3,560,3200.0
14321,2026-05-19,1,490,9080.0
14322,2026-01-12,2,531,3800.0
14323,2026-06-22,2,535,2910.0
14324,2026-08-19,3,98,8210.0
14325,2026-01-09,1,238,1300.0
14326,2026-07-20,3,561,5397.5
14327,2026-02-02,3,18,1710.0
14328,2026-06-21,1,56,10080.0
14329,2026-02-04,2,310,1695.0
14330,2026-02-27,1,556,3400.0
14331,2026-03-21,1,34,3960.0
14332,2026-09-13,1,561,9352.0
14333,2026-03-27,3,406,2313.0
14334,2026-06-01,3,490,3240.0
14335,2026-05-03,3,175,2500.0
14336,2026-08-24,2,257,2100.0
14337,2026-05-04,2,276,12900.0
14338,2026-04-26,1,190,2425.0
14339,2026-07-19,2,226,6770.0
14340,2026-07-14,3,274,2200.0
14341,2026-06-23,1,436,1100.0
14342,2026-02-24,2,174,4380.0
14343,2026-05-12,3,155,7695.0
14344,2026-01-03,1,43,6720.0
14345,2026-02-26,3,188,1785.0
14346,2026-09-21,3,569,5150.0
14347,2026-09-06,3,550,2450.0
14348,2026-02-13,3,137,6045.0
14349,2026-08-06,1,216,3200.0
14350,2026-06-10,1,595,3037.5
14351,2026-06-18,1,346,14200.0
14352,2026-05-14,3,24,1675.0
14353,2026-04-06,3,476,2520.0
14354,2026-07-08,1,545,4360.0
14355,2026-08-21,2,530,9580.0
14356,2026-03-29,1,110,3350.0
14357,2026-01-04,1,123,3130.0
14358,2026-03-16,3,332,6650.0
14359,2026-09-13,2,414,12700.0
14360,2026-05-14,1,444,3000.0
14361,2026-03-08,1,246,15180.0
14362,2026-02-13,3,185,1700.0
14363,2026-05-23,2,268,3952.0
14364,2026-01-24,2,494,1100.0
14365,2026-03-21,2,85,10360.0
14366,2026-01-28,1,299,3300.0
14367,2026-03-12,3,384,380.0
14368,2026-06-18,2,361,300.0
14369,2026-06-04,1,373,5685.0
14370,2026-08-13,2,544,5200.0
14371,2026-01-13,2,81,10790.0
14372,2026-05-05,2,171,7660.0
14373,2026-04-16,3,393,4635.0
14374,2026-08-01,3,405,2040.0
14375,2026-02-08,1,250,2700.0
14376,2026-05-05,2,376,11040.0
14377,2026-08-21,2,294,3245.0
14378,2026-05-05,1,394,1300.0
14379,2026-07-23,3,135,3245.0
14380,2026-04-14,1,277,1475.0
14381,2026-08-27,1,332,11045.0
14382,2026-09-19,2,328,400.0
14383,2026-08-27,3,333,5770.0
14384,2026-04-26,1,57,6000.0
14385,2026-05-30,1,577,5100.0
14386,2026-02-21,3,358,2170.0
14387,2026-09-11,2,386,3700.0
14388,2026-04-24,3,259,2810.0
14389,2026-02-23,2,489,7230.0
14390,2026-06-09,1,159,1510.0
14391,2026-02-14,1,585,5565.0
14392,2026-03-19,1,307,8855.0
14393,2026-07-25,1,18,3750.0
14394,2026-07-25,1,187,9775.0
14395,2026-03-14,2,80,4000.0
14396,2026-09-04,2,4,1700.0
14397,2026-02-18,3,482,2410.0
14398,2026-08-26,2,532,5400.0
14399,2026-09-26,1,97,5345.0
14400,2026-04-24,1,347,6500.0
14401,2026-04-16,1,387,11200.0
14402,2026-06-07,1,74,1950.0
14403,2026-08-11,3,563,8140.0
14404,2026-05-16,3,239,6300.0
14405,2026-02-08,2,514,5700.0
14406,2026-08-22,1,597,6200.0
14407,2026-03-19,1,1,7200.0
14408,2026-08-06,3,385,4060.0
14409,2026-08-27,2,7,3320.0
14410,2026-01-12,1,547,1260.0
14411,2026-08-10,3,359,900.0
14412,2026-09-21,1,496,1130.0
14413,2026-05-25,2,124,5920.0
14414,2026-03-02,1,374,3900.0
14415,2026-07-08,1,229,900.0
14416,2026-07-25,1,83,8100.0
14417,2026-04-15,2,328,2600.0
14418,2026-04-20,2,556,10830.0
14419,2026-07-21,2,374,10880.0
14420,2026-09-29,2,544,7300.0
14421,2026-01-22,2,227,2660.0
14422,2026-03-05,3,588,1950.0
14423,2026-03-25,3,386,5500.0
14424,2026-09-13,1,148,800.0
14425,2026-05-07,3,110,1550.0
14426,2026-01-09,2,23,4200.0
14427,2026-02-14,1,163,8190.0
14428,2026-09-27,2,96,240.0
14429,2026-06-27,1,459,7450.0
14430,2026-02-10,1,559,2250.0
14431,2026-05-18,3,158,3600.0
14432,2026-07-14,3,338,400.0
14433,2026-08-19,1,475,8110.0
14434,2026-02-10,2,139,1900.0
14435,2026-08-20,1,77,11845.0
14436,2026-08-19,1,539,8300.0
14437,2026-07-23,1,298,5000.0
14438,2026-08-19,3,353,1140.0
14439,2026-09-07,2,465,13000.0
14440,2026-03-23,2,352,11475.0
14441,2026-08-04,3,456,1100.0
14442,2026-05-18,1,361,8950.0
14443,2026-02-11,3,289,740.0
14444,2026-01-23,3,170,4790.0
14445,2026-06-05,3,178,8200.0
14446,2026-05-11,1,82,7230.0
14447,2026-06-01,2,582,7800.0
14448,2026-02-20,3,356,9875.0
14449,2026-05-07,1,219,900.0
14450,2026-04-26,2,135,2535.0
14451,2026-04-28,1,85,3900.0
14452,2026-07-10,2,205,5825.0
14453,2026-09-13,1,556,400.0
14454,2026-02-24,1,151,4300.0
14455,2026-01-05,2,285,4285.0
14456,2026-07-22,2,409,6140.0
14457,2026-03-19,3,599,6150.0
14458,2026-07-19,2,176,6800.0
14459,2026-04-06,2,211,4300.0
14460,2026-01-21,1,406,9300.0
14461,2026-04-03,2,197,190.0
14462,2026-08-23,3,447,4200.0
14463,2026-07-19,1,442,8350.0
14464,2026-08-09,3,19,300.0
14465,2026-04-25,1,253,3040.0
14466,2026-03-08,2,442,1500.0
14467,2026-06-23,1,514,1600.0
14468,2026-07-25,3,548,1436.0
14469,2026-05-14,1,279,8330.0
14470,2026-04-27,3,318,1335.0
14471,2026-01-23,1,171,14000.0
14472,2026-04-27,1,95,80.0
14473,2026-06-26,3,305,8610.0
14474,2026-03-18,1,144,2500.0
14475,2026-04-16,1,208,4400.0
14476,2026-07-14,1,580,3435.0
14477,2026-05-08,1,214,5352.0
14478,2026-02-04,1,225,2680.0
14479,2026-03-07,3,384,7400.0
14480,2026-08-16,1,299,9900.0
14481,2026-06-18,3,320,4550.0
14482,2026-07-19,1,480,650.0
14483,2026-01-15,1,176,11190.0
14484,2026-07-18,3,417,1600.0
14485,2026-02-01,1,161,2500.0
14486,2026-05-14,1,84,3270.0
14487,2026-01-09,1,212,5400.0
14488,2026-04-28,3,14,6815.0
14489,2026-03-30,1,69,450.0
14490,2026-05-26,1,473,8900.0
14491,2026-07-24,3,22,11400.0
14492,2026-05-21,3,519,10080.0
14493,2026-08-18,1,13,5300.0
14494,2026-03-17,2,74,1450.0
14495,2026-09-15,3,273,3545.0
14496,2026-05-31,2,335,7980.0
14497,2026-09-03,1,57,6910.0
14498,2026-05-13,3,180,16600.0
14499,2026-02-22,1,33,3860.0
14500,2026-05-10,2,223,2300.0
14501,2026-08-12,1,272,100.0
14502,2026-01-31,3,437,7500.0
14503,2026-03-10,3,571,11250.0
14504,2026-03-29,2,104,4500.0
14505,2026-04-19,1,542,3900.0
14506,2026-02-12,1,178,1700.0
14507,2026-01-27,2,398,4000.0
14508,2026-02-13,1,315,7150.0
14509,2026-02-28,1,410,365.0
14510,2026-01-19,2,346,6750.0
14511,2026-07-09,3,565,3400.0
14512,2026-02-09,1,213,9700.0
14513,2026-01-30,2,120,5580.0
14514,2026-07-09,3,97,9400.0
14515,2026-05-19,1,424,8070.0
14516,2026-04-04,1,531,6456.0
14517,2026-09-28,3,540,1740.0
14518,2026-09-06,3,229,7500.0
14519,2026-01-17,1,523,3820.0
14520,2026-05-18,3,20,2025.0
14521,2026-07-01,1,377,8115.0
14522,2026-05-24,2,402,4835.0
14523,2026-05-29,3,517,2880.0
14524,2026-01-20,1,511,4260.0
14525,2026-04-26,2,575,7035.0
14526,2026-03-14,3,566,2500.0
14527,2026-03-01,2,193,280.0
14528,2026-06-20,2,257,1740.0
14529,2026-06-25,1,463,3540.0
14530,2026-02-09,1,210,4777.5
14531,2026-01-10,2,120,2632.0
14532,2026-01-12,2,203,923.0
14533,2026-09-23,1,214,3485.0
14534,2026-03-02,2,30,5400.0
14535,2026-01-20,3,468,6800.0
14536,2026-04-24,3,86,5445.0
14537,2026-01-08,2,35,1380.0
14538,2026-07-27,2,179,9580.0
14539,2026-09-15,1,413,5240.0
14540,2026-07-06,1,553,645.0
14541,2026-07-14,1,304,4156.0
14542,2026-09-23,2,203,5170.0
14543,2026-09-22,1,376,2550.0
14544,2026-01-31,3,166,1650.0
14545,2026-06-11,3,39,5400.0
14546,2026-06-23,3,394,4340.0
14547,2026-01-22,1,120,7655.0
14548,2026-01-29,3,60,9450.0
14549,2026-07-17,2,405,5180.0
14550,2026-06-07,3,147,3900.0
14551,2026-04-07,2,328,6600.0
14552,2026-01-10,3,12,1380.0
14553,2026-01-27,1,507,3730.0
14554,2026-04-12,2,224,6500.0
14555,2026-03-16,3,42,5400.0
14556,2026-03-03,2,255,4500.0
14557,2026-01-04,3,78,3350.0
14558,2026-06-29,3,267,9500.0
14559,2026-03-23,1,151,4620.0
14560,2026-04-17,1,127,5377.5
14561,2026-05-14,2,521,905.0
14562,2026-04-12,2,562,142.5
14563,2026-04-24,1,428,5130.0
14564,2026-05-12,1,139,1855.0
14565,2026-02-05,1,153,3100.0
14566,2026-06-28,3,81,960.0
14567,2026-07-25,1,161,3500.0
14568,2026-06-07,3,306,300.0
14569,2026-08-30,2,177,7205.0
14570,2026-03-14,2,332,2100.0
14571,2026-07-27,1,74,6600.0
14572,2026-06-11,2,530,2940.0
14573,2026-07-15,1,394,7500.0
14574,2026-01-09,3,316,3780.0
14575,2026-07-23,2,498,4800.0
14576,2026-08-27,2,400,4790.0
14577,2026-03-02,2,145,1200.0
14578,2026-02-01,1,56,5400.0
14579,2026-03-10,2,244,12354.0
14580,2026-05-20,3,418,3400.0
14581,2026-02-16,1,98,10400.0
14582,2026-09-25,1,357,5700.0
14583,2026-09-27,1,35,3300.0
14584,2026-05-25,2,439,2960.0
14585,2026-03-21,2,488,9340.0
14586,2026-02-08,1,491,6600.0
14587,2026-04-09,2,420,1740.0
14588,2026-02-23,2,481,1440.0
14589,2026-09-03,2,41,8976.0
14590,2026-04-08,3,450,1427.5
14591,2026-09-28,2,58,1200.0
14592,2026-09-21,2,121,4770.0
14593,2026-01-31,1,53,3700.0
14594,2026-07-07,1,276,8400.0
14595,2026-03-17,3,281,7680.0
14596,2026-05-03,1,235,180.0
14597,2026-07-25,2,13,2700.0
14598,2026-03-01,2,418,435.0
14599,2026-09-22,2,41,9810.0
14600,2026-02-27,2,400,7300.0
14601,2026-03-16,2,355,6400.0
14602,2026-04-23,2,87,2130.0
14603,2026-08-11,1,159,2310.0
14604,2026-04-22,3,156,10830.0
14605,2026-08-04,3,495,9500.0
14606,2026-05-18,1,194,2800.0
14607,2026-08-17,1,381,12400.0
14608,2026-06-02,3,389,2400.0
14609,2026-09-17,2,64,14605.0
14610,2026-07-29,1,516,600.0
14611,2026-04-05,3,71,8255.0
14612,2026-08-17,2,395,1700.0
14613,2026-07-25,1,201,3600.0
14614,2026-09-04,1,477,476.0
14615,2026-03-03,2,434,5650.0
14616,2026-09-04,1,188,580.0
14617,2026-07-25,2,479,3650.0
14618,2026-06-16,3,257,15000.0
14619,2026-06-29,1,230,4100.0
14620,2026-09-21,3,237,7200.0
14621,2026-06-25,2,585,9460.0
14622,2026-03-24,2,493,4770.0
14623,2026-07-10,1,271,2640.0
14624,2026-04-28,2,515,11200.0
14625,2026-09-24,3,138,9300.0
14626,2026-05-15,3,323,1335.0
14627,2026-05-02,1,449,3600.0
14628,2026-07-26,3,226,660.0
14629,2026-07-05,1,167,3150.0
14630,2026-04-29,1,220,8475.0
14631,2026-03-10,1,450,4905.0
14632,2026-04-10,1,341,4542.5
14633,2026-02-24,2,22,3800.0
14634,2026-06-13,3,377,6650.0
14635,2026-04-25,3,507,3560.0
14636,2026-02-02,1,273,680.0
14637,2026-09-30,2,47,1890.0
14638,2026-04-17,1,186,2600.0
14639,2026-03-07,3,513,6390.0
14640,2026-06-24,2,315,4500.0
14641,2026-03-11,2,105,1100.0
14642,2026-01-06,2,545,7855.0
14643,2026-07-09,1,452,7510.0
14644,2026-01-16,1,5,1600.0
14645,2026-09-09,1,177,2600.0
14646,2026-01-06,1,249,5800.0
14647,2026-04-08,3,413,4070.0
14648,2026-07-20,1,90,8685.0
14649,2026-08-01,2,45,1400.0
14650,2026-04-24,2,224,5425.0
14651,2026-09-26,1,115,11950.0
14652,2026-03-15,1,102,11120.0
14653,2026-02-02,3,148,4910.0
14654,2026-06-30,2,484,4165.0
14655,2026-09-26,2,144,2640.0
14656,2026-01-14,3,226,180.0
14657,2026-05-18,3,297,2900.0
14658,2026-07-04,3,79,15855.0
14659,2026-08-12,1,392,690.0
14660,2026-01-27,2,136,1200.0
14661,2026-01-07,1,166,3710.0
14662,2026-02-20,2,464,450.0
14663,2026-06-12,2,177,1400.0
14664,2026-07-22,2,341,7680.0
14665,2026-08-05,2,303,4200.0
14666,2026-06-27,2,254,13125.0
14667,2026-09-14,2,440,6300.0
14668,2026-04-10,2,173,5100.0
14669,2026-08-05,1,421,600.0
14670,2026-06-26,1,496,5500.0
14671,2026-01-22,1,18,4580.0
14672,2026-08-21,3,120,12000.0
14673,2026-09-12,2,71,1600.0
14674,2026-07-12,3,463,4352.0
14675,2026-01-31,3,515,160.0
14676,2026-05-04,1,156,10605.0
14677,2026-03-12,2,288,7425.0
14678,2026-08-20,3,11,6980.0
14679,2026-08-03,3,55,72.0
14680,2026-02-11,1,242,7294.0
14681,2026-06-17,1,122,6920.0
14682,2026-09-06,3,554,13800.0
14683,2026-08-04,3,507,2600.0
14684,2026-02-06,2,485,3296.0
14685,2026-04-24,1,478,3885.0
14686,2026-01-06,1,349,2800.0
14687,2026-03-19,3,277,2180.0
14688,2026-03-06,1,453,1040.0
14689,2026-08-09,2,291,2025.0
14690,2026-04-22,1,170,8450.0
14691,2026-03-30,1,113,2280.0
14692,2026-09-03,1,388,4860.0
14693,2026-07-27,2,294,7480.0
14694,2026-03-31,2,535,4800.0
14695,2026-05-29,1,201,3080.0
14696,2026-06-23,2,245,600.0
14697,2026-04-05,2,553,160.0
14698,2026-03-03,2,335,4100.0
14699,2026-09-21,2,19,200.0
14700,2026-08-07,2,105,2092.5
14701,2026-04-18,3,348,6110.0
14702,2026-06-30,1,254,8900.0
14703,2026-02-28,2,155,8780.0
14704,2026-04-23,1,560,2500.0
14705,2026-02-04,2,279,2340.0
14706,2026-01-22,1,315,8700.0
14707,2026-03-27,2,93,10150.0
14708,2026-04-17,1,215,5840.0
14709,2026-03-31,2,481,4620.0
14710,2026-06-18,1,434,6750.0
14711,2026-08-30,3,503,8310.0
14712,2026-01-28,3,76,4542.5
14713,2026-04-16,2,94,1740.0
14714,2026-02-10,2,130,2485.0
14715,2026-09-05,3,62,2092.5
14716,2026-07-23,2,26,4520.0
14717,2026-03-11,1,343,8700.0
14718,2026-03-22,1,541,4140.0
14719,2026-06-21,3,340,7240.0
14720,2026-08-14,3,143,3850.0
14721,2026-03-06,1,509,1600.0
14722,2026-06-20,1,463,2720.0
14723,2026-07-27,1,40,9195.0
14724,2026-05-04,2,276,3442.5
14725,2026-01-01,2,343,2700.0
14726,2026-06-24,1,150,7430.0
14727,2026-04-07,1,358,6690.0
14728,2026-06-15,2,276,9380.0
14729,2026-02-05,2,323,5870.0
14730,2026-08-14,1,368,5155.0
14731,2026-07-07,1,367,3600.0
14732,2026-04-10,1,25,13725.0
14733,2026-07-17,3,300,10360.0
14734,2026-07-31,2,299,3885.0
14735,2026-04-29,1,389,5440.0
14736,2026-07-22,2,469,6145.0
14737,2026-03-24,1,73,2650.0
14738,2026-04-10,2,256,7150.0
14739,2026-07-07,2,149,5092.0
14740,2026-09-04,3,310,6350.0
14741,2026-07-05,2,216,9100.0
14742,2026-01-17,1,87,5000.0
14743,2026-01-12,1,110,4500.0
14744,2026-02-10,2,158,2685.0
14745,2026-02-08,1,130,6790.0
14746,2026-04-09,1,344,7600.0
14747,2026-08-20,1,546,14310.0
14748,2026-09-07,3,216,7940.0
14749,2026-01-27,2,445,15285.0
14750,2026-05-04,3,412,4800.0
14751,2026-04-13,2,475,240.0
14752,2026-01-22,2,316,2790.0
14753,2026-05-02,1,104,5635.0
14754,2026-04-10,2,586,4600.0
14755,2026-03-12,3,548,6500.0
14756,2026-07-25,2,54,2400.0
14757,2026-05-03,1,156,2160.0
14758,2026-01-24,3,414,2700.0
14759,2026-02-25,3,85,2330.0
14760,2026-06-18,3,407,4995.0
14761,2026-08-21,3,395,5072.0
14762,2026-09-22,2,160,4470.0
14763,2026-07-07,1,422,950.0
14764,2026-03-26,3,235,9870.0
14765,2026-03-05,1,401,3430.0
14766,2026-02-14,2,571,8000.0
14767,2026-08-03,2,340,4050.0
14768,2026-04-30,3,260,2200.0
14769,2026-08-22,2,397,4540.0
14770,2026-04-12,1,212,4040.0
14771,2026-04-21,2,358,8300.0
14772,2026-05-26,3,5,4190.0
14773,2026-06-04,3,600,4010.0
14774,2026-08-14,3,41,11900.0
14775,2026-09-19,3,393,1200.0
14776,2026-08-16,3,68,3000.0
14777,2026-05-07,1,508,4185.0
14778,2026-06-29,3,177,600.0
14779,2026-01-08,2,14,280.0
14780,2026-04-01,2,417,775.0
14781,2026-09-20,2,227,8045.0
14782,2026-01-21,1,539,3800.0
14783,2026-07-23,2,39,4590.0
14784,2026-07-05,1,450,1478.0
14785,2026-06-10,2,24,10000.0
14786,2026-06-27,1,348,700.0
14787,2026-02-21,1,540,885.0
14788,2026-05-17,1,435,8215.0
14789,2026-09-29,3,475,2700.0
14790,2026-03-21,1,139,9300.0
14791,2026-08-22,1,440,400.0
14792,2026-08-08,2,199,2800.0
14793,2026-08-24,3,360,7000.0
14794,2026-01-01,3,288,5880.0
14795,2026-08-30,2,274,3540.0
14796,2026-03-19,3,418,8440.0
14797,2026-03-18,2,443,692.0
14798,2026-09-02,2,517,2752.0
14799,2026-09-27,1,497,1135.0
14800,2026-08-30,3,86,952.0
14801,2026-04-24,2,516,14040.0
14802,2026-03-04,3,295,9000.0
14803,2026-04-18,3,510,1500.0
14804,2026-08-08,3,298,14345.0
14805,2026-01-24,3,406,2095.0
14806,2026-06-18,1,2,2680.0
14807,2026-02-10,1,210,3200.0
14808,2026-02-22,2,125,5320.0
14809,2026-08-02,2,87,3250.0
14810,2026-07-08,3,563,2900.0
14811,2026-06-15,1,260,6675.0
14812,2026-06-24,1,453,5840.0
14813,2026-04-04,3,222,1200.0
14814,2026-03-26,2,416,3535.0
14815,2026-09-12,2,428,1890.0
14816,2026-04-24,3,450,13670.0
14817,2026-05-01,3,379,4700.0
14818,2026-01-22,2,524,3180.0
14819,2026-05-30,1,592,1200.0
14820,2026-06-28,1,200,4860.0
14821,2026-04-19,1,366,5585.0
14822,2026-09-03,3,159,2050.0
14823,2026-08-16,1,383,3366.0
14824,2026-06-14,1,353,4250.0
14825,2026-07-04,3,58,8360.0
14826,2026-05-07,2,275,8440.0
14827,2026-04-29,1,570,9100.0
14828,2026-08-25,1,190,3460.0
14829,2026-01-15,1,507,1700.0
14830,2026-03-25,1,70,1620.0
14831,2026-05-27,2,6,4750.0
14832,2026-07-10,3,4,1500.0
14833,2026-07-16,3,223,1200.0
14834,2026-01-21,1,275,7700.0
14835,2026-01-30,1,436,9400.0
14836,2026-02-14,1,202,1200.0
14837,2026-02-24,3,205,1810.0
14838,2026-05-19,1,2,2600.0
14839,2026-01-16,2,198,3020.0
14840,2026-06-14,2,379,830.0
14841,2026-05-03,2,72,1100.0
14842,2026-07-22,2,434,4180.0
14843,2026-08-13,3,323,8705.0
14844,2026-02-19,1,583,2960.0
14845,2026-03-11,2,75,1600.0
14846,2026-03-06,1,342,4650.0
14847,2026-07-24,1,546,6770.0
14848,2026-02-16,1,580,1500.0
14849,2026-04-13,2,277,5700.0
14850,2026-08-28,1,598,5135.0
14851,2026-08-07,2,563,6180.0
14852,2026-09-23,2,544,840.0
14853,2026-03-06,1,532,1327.5
14854,2026-05-17,3,304,4400.0
14855,2026-06-03,2,248,9705.0
14856,2026-08-20,1,21,7280.0
14857,2026-03-12,2,534,1352.0
14858,2026-02-17,1,447,6880.0
14859,2026-02-24,3,96,6480.0
14860,2026-01-28,1,178,3170.0
14861,2026-02-02,1,88,1300.0
14862,2026-02-23,1,571,8925.0
14863,2026-06-27,3,202,3400.0
14864,2026-07-04,1,598,7700.0
14865,2026-01-15,2,378,3100.0
14866,2026-09-20,3,105,6178.0
14867,2026-09-22,3,383,11200.0
14868,2026-01-29,3,296,4900.0
14869,2026-07-03,2,143,1585.0
14870,2026-04-07,1,237,500.0
14871,2026-05-15,2,389,4500.0
14872,2026-01-25,3,159,3200.0
14873,2026-08-18,1,496,3742.5
14874,2026-04-20,3,487,4950.0
14875,2026-01-21,1,564,3400.0
14876,2026-05-08,3,113,1000.0
14877,2026-03-26,1,372,1200.0
14878,2026-01-08,2,187,7200.0
14879,2026-01-20,2,300,5100.0
14880,2026-05-27,2,527,10975.0
14881,2026-08-30,2,564,2000.0
14882,2026-01-01,2,149,3475.0
14883,2026-05-12,2,554,6822.5
14884,2026-07-01,1,241,6875.0
14885,2026-08-31,2,520,7050.0
14886,2026-01-30,2,241,5917.5
14887,2026-05-10,3,115,6480.0
14888,2026-04-19,2,150,3900.0
14889,2026-07-28,2,578,8300.0
14890,2026-01-22,1,411,2215.0
14891,2026-08-07,2,436,3600.0
14892,2026-06-11,1,16,5800.0
14893,2026-09-28,1,583,7900.0
14894,2026-08-23,1,519,5080.0
14895,2026-03-06,2,81,1800.0
14896,2026-07-14,3,239,3300.0
14897,2026-06-10,3,186,3970.0
14898,2026-09-21,1,203,1650.0
14899,2026-06-06,2,156,850.0
14900,2026-03-25,2,110,3435.0
14901,2026-06-27,1,126,450.0
14902,2026-09-11,1,4,16475.0
14903,2026-08-09,2,433,5435.0
14904,2026-08-21,3,17,11770.0
14905,2026-03-14,2,205,4400.0
14906,2026-09-27,3,504,2188.0
14907,2026-06-15,1,134,3905.0
14908,2026-07-14,3,221,5550.0
14909,2026-01-19,3,370,12840.0
14910,2026-02-01,1,480,8400.0
14911,2026-04-22,3,22,1700.0
14912,2026-05-24,1,584,2000.0
14913,2026-01-25,1,237,3150.0
14914,2026-05-11,1,584,4000.0
14915,2026-06-20,3,256,5875.0
14916,2026-06-06,3,473,6770.0
14917,2026-01-26,2,370,3070.0
14918,2026-01-10,3,241,7225.0
14919,2026-09-06,1,434,4740.0
14920,2026-08-17,1,449,4476.0
14921,2026-09-13,1,436,12400.0
14922,2026-06-14,2,361,1800.0
14923,2026-01-29,1,528,8955.0
14924,2026-06-06,1,219,2790.0
14925,2026-08-12,3,372,9360.0
14926,2026-05-13,3,268,1672.0
14927,2026-09-16,1,316,3090.0
14928,2026-09-09,1,127,7590.0
14929,2026-07-10,2,444,2200.0
14930,2026-02-06,2,104,200.0
14931,2026-02-10,2,113,12385.0
14932,2026-02-18,1,553,4560.0
14933,2026-08-05,1,316,2600.0
14934,2026-06-26,2,564,6870.0
14935,2026-06-18,1,80,5685.0
14936,2026-04-19,2,492,5995.0
14937,2026-09-27,3,189,2840.0
14938,2026-06-05,1,265,7925.0
14939,2026-05-02,2,530,1200.0
14940,2026-05-13,2,567,6035.0
14941,2026-01-20,3,66,6660.0
14942,2026-05-02,1,573,5500.0
14943,2026-07-20,2,105,3900.0
14944,2026-02-06,3,499,7860.0
14945,2026-08-14,1,27,4377.5
14946,2026-06-02,3,560,4240.0
14947,2026-02-08,3,168,1425.0
14948,2026-01-13,1,430,240.0
14949,2026-01-04,1,188,1200.0
14950,2026-04-28,2,98,2500.0
14951,2026-07-10,2,233,2276.0
14952,2026-01-17,2,324,2835.0
14953,2026-08-03,2,244,4272.0
14954,2026-06-16,1,366,14575.0
14955,2026-05-27,2,360,8470.0
14956,2026-03-13,3,317,12985.0
14957,2026-09-15,2,410,8100.0
14958,2026-04-29,3,252,5710.0
14959,2026-01-04,2,383,5800.0
14960,2026-07-27,1,434,4000.0
14961,2026-06-15,3,387,8880.0
14962,2026-05-18,1,475,8780.0
14963,2026-06-14,2,252,3575.0
14964,2026-02-15,3,97,2600.0
14965,2026-02-10,1,237,3900.0
14966,2026-09-22,2,474,8790.0
14967,2026-01-23,2,275,5625.0
14968,2026-05-16,1,503,2350.0
14969,2026-03-14,1,134,4245.0
14970,2026-06-26,1,395,6800.0
14971,2026-09-10,2,361,2022.5
14972,2026-01-21,1,336,5440.0
14973,2026-02-15,3,550,5820.0
14974,2026-04-21,3,581,10455.0
14975,2026-05-19,1,415,5580.0
14976,2026-09-27,2,219,1296.0
14977,2026-07-02,1,220,4500.0
14978,2026-08-08,3,53,500.0
14979,2026-06-22,2,332,3600.0
14980,2026-05-02,2,526,5200.0
14981,2026-05-05,1,155,9400.0
14982,2026-08-06,2,369,4900.0
14983,2026-04-18,2,20,10400.0
14984,2026-06-19,1,181,4280.0
14985,2026-03-29,1,308,3700.0
14986,2026-04-10,3,79,2410.0
14987,2026-05-17,1,201,3150.0
14988,2026-01-16,1,473,11355.0
14989,2026-02-18,3,413,9750.0
14990,2026-09-24,2,160,7800.0
14991,2026-02-06,1,49,1400.0
14992,2026-08-17,1,100,4569.0
14993,2026-02-25,2,102,1910.0
14994,2026-04-03,2,348,4235.0
14995,2026-06-06,2,185,2980.0
14996,2026-04-13,1,169,1000.0
14997,2026-01-30,2,37,4600.0
14998,2026-07-29,1,293,2185.0
14999,2026-01-16,1,290,2945.0
15000,2026-08-17,3,237,6500.0
15001,2026-07-20,2,138,5335.0
15002,2026-07-11,1,128,1000.0
15003,2026-03-31,3,500,6000.0
15004,2026-06-06,1,256,782.5
15005,2026-09-27,1,452,4655.0
15006,2026-08-10,1,277,7990.0
15007,2026-05-18,3,407,7340.0
15008,2026-08-18,1,75,7130.0
15009,2026-06-22,1,235,3615.0
15010,2026-05-21,1,462,1300.0
15011,2026-08-02,3,107,9376.0
15012,2026-07-09,3,527,1650.0
15013,2026-06-12,2,218,7480.0
15014,2026-03-10,2,72,3900.0
15015,2026-04-02,3,336,6785.0
15016,2026-08-29,1,527,8700.0
15017,2026-02-05,3,147,650.0
15018,2026-01-05,3,18,8500.0
15019,2026-06-02,3,587,840.0
15020,2026-08-04,1,530,1052.0
15021,2026-05-22,1,204,7540.0
15022,2026-07-16,1,311,3300.0
15023,2026-09-30,2,465,2500.0
15024,2026-08-04,1,403,2250.0
15025,2026-05-05,3,468,13380.0
15026,2026-04-28,1,456,4820.0
15027,2026-08-13,3,65,4050.0
15028,2026-05-30,3,128,9210.0
15029,2026-09-24,1,523,2000.0
15030,2026-03-03,2,233,3400.0
15031,2026-04-19,1,222,8200.0
15032,2026-06-10,1,553,1300.0
15033,2026-02-15,3,365,8310.0
15034,2026-07-25,1,154,6420.0
15035,2026-05-06,1,434,8835.0
15036,2026-09-28,1,222,300.0
15037,2026-02-07,1,483,3600.0
15038,2026-09-05,2,394,1300.0
15039,2026-03-31,3,464,5970.0
15040,2026-07-18,3,55,1100.0
15041,2026-02-10,3,540,12060.0
15042,2026-09-09,3,359,4750.0
15043,2026-02-05,3,153,785.0
15044,2026-04-26,2,459,7600.0
15045,2026-04-22,1,95,11885.0
15046,2026-01-28,3,591,9405.0
15047,2026-04-08,3,262,3400.0
15048,2026-02-01,2,193,1384.0
15049,2026-01-15,2,532,2150.0
15050,2026-07-27,1,209,9940.0
15051,2026-01-26,1,287,4710.0
15052,2026-05-06,3,199,9900.0
15053,2026-01-05,2,38,2700.0
15054,2026-03-05,1,404,8850.0
15055,2026-06-25,1,433,450.0
15056,2026-08-11,3,161,570.0
15057,2026-07-16,3,455,4800.0
15058,2026-02-05,2,409,6265.0
15059,2026-09-25,3,277,6435.0
15060,2026-04-22,1,319,14110.0
15061,2026-01-28,2,297,4000.0
15062,2026-04-08,2,205,6900.0
15063,2026-03-14,1,493,3330.0
15064,2026-06-22,2,239,1100.0
15065,2026-07-02,1,451,895.0
15066,2026-08-06,3,15,2300.0
15067,2026-01-29,1,366,3540.0
15068,2026-05-25,1,129,4855.0
15069,2026-08-10,3,233,3980.0
15070,2026-06-16,3,424,5190.0
15071,2026-07-25,1,43,240.0
15072,2026-08-13,3,73,7530.0
15073,2026-04-03,2,316,2750.0
15074,2026-05-26,1,344,10400.0
15075,2026-01-07,2,563,285.0
15076,2026-09-01,1,417,10100.0
15077,2026-09-10,2,412,6157.5
15078,2026-06-20,3,427,9720.0
15079,2026-07-18,1,300,7750.0
15080,2026-03-19,2,519,7500.0
15081,2026-04-03,1,467,6100.0
15082,2026-04-26,2,466,6305.0
15083,2026-04-15,1,115,1200.0
15084,2026-06-30,3,551,3900.0
15085,2026-02-19,3,59,3300.0
15086,2026-02-26,3,391,3700.0
15087,2026-05-30,1,457,1640.0
15088,2026-06-19,1,324,627.5
15089,2026-02-16,1,407,3700.0
15090,2026-03-23,1,48,5400.0
15091,2026-06-28,2,36,5605.0
15092,2026-09-18,3,582,8865.0
15093,2026-01-30,1,41,3000.0
15094,2026-02-23,1,430,17050.0
15095,2026-07-18,2,43,2680.0
15096,2026-06-17,3,420,4525.0
15097,2026-06-14,1,408,13500.0
15098,2026-02-07,1,424,8355.0
15099,2026-08-19,2,176,700.0
15100,2026-01-16,1,6,8075.0
15101,2026-06-12,3,284,2700.0
15102,2026-04-30,1,64,1500.0
15103,2026-02-04,1,23,5703.0
15104,2026-07-07,3,415,8720.0
15105,2026-09-03,1,205,9220.0
15106,2026-04-29,2,413,3200.0
15107,2026-06-30,2,578,1400.0
15108,2026-09-11,2,517,800.0
15109,2026-01-05,1,475,6600.0
15110,2026-07-26,1,334,3760.0
15111,2026-06-15,2,545,8300.0
15112,2026-01-12,2,440,2880.0
15113,2026-04-04,1,54,2980.0
15114,2026-02-24,3,159,1900.0
15115,2026-01-09,3,437,3500.0
15116,2026-04-18,1,564,3680.0
15117,2026-08-26,2,15,5390.0
15118,2026-09-03,1,11,1910.0
15119,2026-08-06,2,86,3135.0
15120,2026-06-21,3,553,12840.0
15121,2026-04-28,1,212,4700.0
15122,2026-02-02,1,343,160.0
15123,2026-08-21,1,3,400.0
15124,2026-07-09,2,81,300.0
15125,2026-06-28,2,232,840.0
15126,2026-04-15,2,201,4050.0
15127,2026-06-04,1,27,1696.0
15128,2026-06-01,2,462,7700.0
15129,2026-05-18,3,165,400.0
15130,2026-09-11,3,551,2900.0
15131,2026-08-08,1,514,3400.0
15132,2026-06-03,3,119,4427.0
15133,2026-03-11,3,400,1400.0
15134,2026-03-03,2,433,1660.0
15135,2026-01-17,1,292,900.0
15136,2026-01-28,3,212,8235.0
15137,2026-03-16,1,582,9450.0
15138,2026-08-19,3,513,4070.0
15139,2026-08-22,2,404,10250.0
15140,2026-09-20,1,390,5040.0
15141,2026-08-12,2,582,5740.0
15142,2026-09-17,1,36,2590.0
15143,2026-04-22,1,257,3200.0
15144,2026-03-07,3,169,8855.0
15145,2026-04-01,2,128,7500.0
15146,2026-04-09,3,51,2010.0
15147,2026-08-03,2,155,5980.0
15148,2026-01-22,1,273,5440.0
15149,2026-03-23,1,593,1040.0
15150,2026-09-28,3,559,5000.0
15151,2026-09-16,1,468,2240.0
15152,2026-01-29,1,212,3600.0
15153,2026-07-10,3,583,13200.0
15154,2026-05-12,1,323,9856.0
15155,2026-09-23,2,95,2435.0
15156,2026-09-28,2,422,5800.0
15157,2026-07-27,2,590,10600.0
15158,2026-01-30,1,417,4425.0
15159,2026-05-10,3,261,80.0
15160,2026-06-19,2,7,7440.0
15161,2026-02-25,3,319,5300.0
15162,2026-02-21,1,275,1642.5
15163,2026-02-27,2,278,5200.0
15164,2026-05-30,1,121,700.0
15165,2026-08-24,1,196,5960.0
15166,2026-03-22,3,118,13700.0
15167,2026-02-17,1,498,7360.0
15168,2026-07-19,3,95,6450.0
15169,2026-03-19,2,419,7125.0
15170,2026-04-28,1,474,6140.0
15171,2026-08-08,2,350,300.0
15172,2026-07-28,2,493,11100.0
15173,2026-09-16,1,94,5500.0
15174,2026-06-09,2,539,1500.0
15175,2026-02-06,1,32,680.0
15176,2026-07-18,3,281,8730.0
15177,2026-02-19,1,465,4170.0
15178,2026-09-07,1,161,5700.0
15179,2026-05-16,3,268,2380.0
15180,2026-04-07,3,386,5035.0
15181,2026-01-13,1,432,1740.0
15182,2026-08-19,3,499,1050.0
15183,2026-03-11,1,454,676.0
15184,2026-03-09,3,175,5040.0
15185,2026-03-05,1,211,1200.0
15186,2026-05-25,3,547,9400.0
15187,2026-01-26,3,594,10620.0
15188,2026-07-06,1,560,4065.0
15189,2026-07-07,3,515,3100.0
15190,2026-03-25,2,40,2800.0
15191,2026-08-24,3,92,5850.0
15192,2026-05-31,2,98,4575.0
15193,2026-08-22,2,141,1845.0
15194,2026-04-20,1,404,4800.0
15195,2026-08-22,1,284,1645.0
15196,2026-02-17,2,474,2650.0
15197,2026-02-26,2,83,5095.0
15198,2026-02-17,1,52,300.0
15199,2026-01-28,1,416,3400.0
15200,2026-02-19,3,401,3900.0
15201,2026-09-28,3,574,9100.0
15202,2026-09-05,3,106,6300.0
15203,2026-05-08,3,44,600.0
15204,2026-02-10,2,427,4155.0
15205,2026-09-13,2,184,8985.0
15206,2026-09-29,1,551,3780.0
15207,2026-01-04,2,386,4300.0
15208,2026-03-19,2,84,5100.0
15209,2026-08-11,1,590,11600.0
15210,2026-03-23,3,316,4300.0
15211,2026-09-05,1,360,3700.0
15212,2026-01-12,1,387,200.0
15213,2026-06-13,1,371,4470.0
15214,2026-08-20,1,38,5300.0
15215,2026-08-09,2,558,8010.0
15216,2026-07-18,3,328,7300.0
15217,2026-05-01,3,155,2100.0
15218,2026-07-20,2,230,3630.0
15219,2026-07-20,1,564,2500.0
15220,2026-07-16,1,271,6240.0
15221,2026-04-02,2,64,6650.0
15222,2026-01-03,2,67,9600.0
15223,2026-01-20,1,344,9160.0
15224,2026-06-26,2,299,5945.0
15225,2026-08-14,3,16,380.0
15226,2026-09-05,1,421,8200.0
15227,2026-08-10,1,188,22305.0
15228,2026-02-13,2,495,1027.5
15229,2026-08-28,2,100,3800.0
15230,2026-01-13,3,527,7650.0
15231,2026-08-24,3,181,11100.0
15232,2026-01-24,2,7,3175.0
15233,2026-02-12,1,243,4800.0
15234,2026-09-07,3,53,4300.0
15235,2026-07-13,1,154,1625.0
15236,2026-02-23,3,146,10440.0
15237,2026-09-06,2,267,6525.0
15238,2026-05-01,2,302,360.0
15239,2026-07-20,3,129,11010.0
15240,2026-02-14,2,181,1425.0
15241,2026-06-25,3,116,1300.0
15242,2026-08-17,2,386,5040.0
15243,2026-02-22,3,43,4400.0
15244,2026-03-13,1,285,4960.0
15245,2026-08-15,1,119,4650.0
15246,2026-09-06,2,276,4500.0
15247,2026-05-22,2,20,9100.0
15248,2026-07-24,2,259,1405.0
15249,2026-06-02,1,130,3400.0
15250,2026-06-16,1,473,7600.0
15251,2026-08-26,2,496,5280.0
15252,2026-08-06,3,593,3985.0
15253,2026-09-09,1,389,1965.0
15254,2026-05-14,2,325,4400.0
15255,2026-05-08,1,484,10400.0
15256,2026-06-27,3,527,735.0
15257,2026-09-23,3,520,8130.0
15258,2026-09-06,1,263,2835.0
15259,2026-04-30,1,380,1800.0
15260,2026-08-12,2,88,6000.0
15261,2026-08-20,2,23,2100.0
15262,2026-01-13,3,223,3385.0
15263,2026-03-23,1,338,3540.0
15264,2026-05-06,1,228,4800.0
15265,2026-09-08,2,12,8150.0
15266,2026-01-16,3,522,10800.0
15267,2026-06-20,2,332,100.0
15268,2026-06-07,2,194,3500.0
15269,2026-09-18,3,403,11560.0
15270,2026-08-11,3,150,6200.0
15271,2026-06-19,3,60,11900.0
15272,2026-03-21,2,42,13760.0
15273,2026-08-09,3,226,4100.0
15274,2026-09-17,2,215,3085.0
15275,2026-02-27,1,65,1200.0
15276,2026-05-26,2,229,4940.0
15277,2026-03-08,3,509,800.0
15278,2026-02-17,1,257,5800.0
15279,2026-02-07,1,521,4000.0
15280,2026-07-14,2,503,8000.0
15281,2026-04-09,2,8,1000.0
15282,2026-01-10,2,285,11140.0
15283,2026-08-02,1,404,3550.0
15284,2026-03-27,1,386,900.0
15285,2026-02-21,2,372,4430.0
15286,2026-09-20,2,527,9150.0
15287,2026-06-21,2,504,2130.0
15288,2026-03-24,3,196,4980.0
15289,2026-08-09,1,531,1452.0
15290,2026-01-17,3,54,16600.0
15291,2026-04-07,2,59,4720.0
15292,2026-05-27,2,538,6500.0
15293,2026-02-25,1,259,5400.0
15294,2026-05-03,3,291,1996.0
15295,2026-03-19,3,395,1845.0
15296,2026-03-10,3,289,6500.0
15297,2026-01-19,1,347,4662.0
15298,2026-02-24,1,381,8340.0
15299,2026-02-13,1,593,10500.0
15300,2026-09-04,1,522,450.0
15301,2026-06-03,1,261,3868.0
15302,2026-09-13,1,78,5535.0
15303,2026-02-15,2,132,1800.0
15304,2026-06-27,3,113,4645.0
15305,2026-06-17,3,333,4560.0
15306,2026-03-03,1,243,3300.0
15307,2026-05-31,2,158,4910.0
15308,2026-04-19,3,383,7260.0
15309,2026-03-21,1,272,6400.0
15310,2026-06-06,3,252,6844.0
15311,2026-09-02,1,94,3480.0
15312,2026-01-31,3,198,8730.0
15313,2026-07-27,3,247,12880.0
15314,2026-03-03,1,481,2100.0
15315,2026-08-30,1,216,5927.5
15316,2026-09-13,2,76,4625.0
15317,2026-04-01,2,413,6660.0
15318,2026-02-24,2,187,7200.0
15319,2026-09-28,1,265,6590.0
15320,2026-07-15,2,166,8580.0
15321,2026-01-19,2,406,2200.0
15322,2026-05-18,3,464,6240.0
15323,2026-05-01,1,210,5015.0
15324,2026-02-11,3,348,4100.0
15325,2026-01-15,3,149,2800.0
15326,2026-08-21,2,228,4255.0
15327,2026-01-07,3,42,5840.0
15328,2026-01-03,1,336,6200.0
15329,2026-04-11,2,2,7300.0
15330,2026-06-08,1,354,380.0
15331,2026-07-26,1,467,3290.0
15332,2026-05-14,3,237,5950.0
15333,2026-06-23,3,56,5550.0
15334,2026-06-16,3,569,1276.0
15335,2026-03-14,1,387,3450.0
15336,2026-01-16,2,483,3900.0
15337,2026-04-02,1,214,1170.0
15338,2026-05-03,2,448,9850.0
15339,2026-05-23,3,373,4065.0
15340,2026-01-07,1,496,1800.0
15341,2026-06-09,1,42,1350.0
15342,2026-07-29,2,42,6940.0
15343,2026-03-21,3,505,300.0
15344,2026-07-10,2,62,4285.0
15345,2026-04-01,2,259,9300.0
15346,2026-04-21,2,391,6855.0
15347,2026-04-17,2,348,7950.0
15348,2026-06-10,2,528,11375.0
15349,2026-05-20,2,482,10100.0
15350,2026-02-10,2,523,10550.0
15351,2026-02-17,1,588,900.0
15352,2026-06-17,1,270,2060.0
15353,2026-07-14,2,557,4500.0
15354,2026-05-31,2,449,9180.0
15355,2026-09-07,2,86,3420.0
15356,2026-05-23,1,559,9120.0
15357,2026-09-28,2,59,950.0
15358,2026-09-23,1,131,12800.0
15359,2026-01-13,3,311,6528.0
15360,2026-02-21,1,391,7580.0
15361,2026-01-27,1,284,1800.0
15362,2026-03-25,3,93,4875.0
15363,2026-04-21,1,354,3580.0
15364,2026-03-18,1,357,5300.0
15365,2026-03-04,2,133,2985.0
15366,2026-03-21,2,284,2500.0
15367,2026-05-08,2,358,3010.0
15368,2026-08-07,1,99,1180.0
15369,2026-08-03,2,490,5400.0
15370,2026-06-17,3,520,400.0
15371,2026-04-28,1,537,3220.0
15372,2026-01-14,3,281,3820.0
15373,2026-07-13,2,32,2365.0
15374,2026-09-23,1,127,3020.0
15375,2026-05-28,1,506,1780.0
15376,2026-03-28,1,434,600.0
15377,2026-03-13,1,296,3900.0
15378,2026-07-27,3,312,6800.0
15379,2026-07-31,3,412,4100.0
15380,2026-06-08,1,129,6875.0
15381,2026-07-23,1,275,7980.0
15382,2026-05-03,2,87,3250.0
15383,2026-08-23,1,285,7352.0
15384,2026-08-27,2,562,7245.0
15385,2026-05-25,2,286,5230.0
15386,2026-04-19,3,473,7200.0
15387,2026-03-16,2,457,1800.0
15388,2026-02-10,2,73,2695.0
15389,2026-09-01,2,9,5700.0
15390,2026-01-19,2,98,1770.0
15391,2026-05-13,2,121,3572.0
15392,2026-09-07,1,346,2360.0
15393,2026-02-15,2,200,6700.0
15394,2026-03-10,1,41,4595.0
15395,2026-03-12,1,212,2975.0
15396,2026-08-22,2,110,11700.0
15397,2026-09-16,2,569,4580.0
15398,2026-07-27,1,515,4200.0
15399,2026-05-19,1,253,3860.0
15400,2026-07-14,3,421,1500.0
15401,2026-05-18,1,354,2362.0
15402,2026-05-17,3,340,12875.0
15403,2026-05-04,3,206,4070.0
15404,2026-03-29,1,241,4200.0
15405,2026-02-01,2,59,7600.0
15406,2026-07-01,2,11,3620.0
15407,2026-08-28,1,217,1500.0
15408,2026-08-11,1,316,5300.0
15409,2026-03-09,2,477,1200.0
15410,2026-08-16,2,277,6400.0
15411,2026-07-02,1,456,1860.0
15412,2026-05-23,1,422,880.0
15413,2026-04-06,3,212,800.0
15414,2026-02-26,3,97,6100.0
15415,2026-05-14,1,240,12145.0
15416,2026-02-28,1,260,1480.0
15417,2026-08-31,2,332,5730.0
15418,2026-08-29,2,415,4305.0
15419,2026-04-28,1,5,2100.0
15420,2026-09-30,3,455,7400.0
15421,2026-06-30,2,417,4900.0
15422,2026-09-20,2,361,7670.0
15423,2026-01-29,2,517,12667.5
15424,2026-01-02,2,431,7500.0
15425,2026-03-25,3,436,3600.0
15426,2026-06-24,2,487,5640.0
15427,2026-03-15,2,229,3400.0
15428,2026-09-30,3,167,5525.0
15429,2026-07-01,2,540,8795.0
15430,2026-06-20,3,569,8395.0
15431,2026-01-14,3,434,8400.0
15432,2026-01-29,3,278,2400.0
15433,2026-07-08,1,125,2100.0
15434,2026-01-15,1,518,10030.0
15435,2026-08-16,1,329,1305.0
15436,2026-07-08,3,343,11100.0
15437,2026-07-18,3,226,10100.0
15438,2026-02-17,2,405,1180.0
15439,2026-06-14,1,101,6540.0
15440,2026-05-13,1,111,2110.0
15441,2026-06-08,1,349,785.0
15442,2026-03-15,3,4,8690.0
15443,2026-04-05,1,144,8465.0
15444,2026-06-27,3,144,400.0
15445,2026-01-27,1,445,1200.0
15446,2026-05-21,3,115,4700.0
15447,2026-07-17,2,127,7500.0
15448,2026-06-04,2,55,3800.0
15449,2026-09-27,1,314,5350.0
15450,2026-05-04,1,183,720.0
15451,2026-07-01,3,383,13400.0
15452,2026-02-04,2,150,3000.0
15453,2026-08-26,2,92,400.0
15454,2026-06-17,3,448,14910.0
15455,2026-03-22,1,125,11970.0
15456,2026-09-07,1,394,5340.0
15457,2026-05-17,3,187,6500.0
15458,2026-07-24,3,441,5975.0
15459,2026-01-14,2,28,7200.0
15460,2026-06-23,2,599,5502.5
15461,2026-08-26,2,416,6300.0
15462,2026-05-14,1,233,9900.0
15463,2026-08-17,2,541,5750.0
15464,2026-09-10,1,273,5400.0
15465,2026-09-15,1,596,14750.0
15466,2026-07-02,1,248,5200.0
15467,2026-05-16,1,166,6000.0
15468,2026-01-10,1,214,6900.0
15469,2026-02-06,1,561,12100.0
15470,2026-08-08,1,497,9325.0
15471,2026-09-13,1,264,11280.0
15472,2026-08-17,3,246,7380.0
15473,2026-06-21,1,549,7267.5
15474,2026-07-28,1,595,6950.0
15475,2026-03-24,3,160,2700.0
15476,2026-04-01,1,226,7608.0
15477,2026-01-24,3,244,4575.0
15478,2026-05-28,1,545,2600.0
15479,2026-04-11,3,520,3750.0
15480,2026-07-24,2,128,3600.0
15481,2026-04-15,1,18,5760.0
15482,2026-02-14,1,394,3500.0
15483,2026-09-01,1,49,5975.0
15484,2026-05-30,2,332,4950.0
15485,2026-05-12,2,390,5740.0
15486,2026-02-24,1,590,7555.0
15487,2026-03-11,3,471,10500.0
15488,2026-02-09,3,178,4200.0
15489,2026-01-14,3,562,2400.0
15490,2026-02-04,3,103,3600.0
15491,2026-01-23,1,531,8950.0
15492,2026-02-15,1,593,7250.0
15493,2026-06-06,1,289,1180.0
15494,2026-02-05,2,200,9600.0
15495,2026-01-15,3,529,1200.0
15496,2026-05-29,2,390,7700.0
15497,2026-09-23,2,21,4705.0
15498,2026-09-16,2,117,5880.0
15499,2026-09-18,2,361,730.0
15500,2026-05-09,1,33,5575.0
15501,2026-01-23,1,414,2310.0
15502,2026-05-13,2,438,7075.0
15503,2026-05-16,3,437,3605.0
15504,2026-05-19,1,582,10800.0
15505,2026-09-17,1,549,10795.0
15506,2026-09-20,1,430,12360.0
15507,2026-03-21,1,110,4975.0
15508,2026-01-05,3,152,2240.0
15509,2026-06-08,1,381,2200.0
15510,2026-06-14,1,517,4495.0
15511,2026-07-17,3,231,8710.0
15512,2026-08-16,3,420,3000.0
15513,2026-02-23,3,549,4660.0
15514,2026-03-09,1,54,4500.0
15515,2026-09-08,1,245,8165.0
15516,2026-07-12,2,527,10992.5
15517,2026-09-21,2,595,8602.0
15518,2026-06-25,2,60,8515.0
15519,2026-06-04,1,541,9727.5
15520,2026-02-01,1,443,3040.0
15521,2026-07-01,3,400,9550.0
15522,2026-07-15,2,517,4590.0
15523,2026-05-22,1,473,3260.0
15524,2026-05-20,1,171,8500.0
15525,2026-04-02,1,529,15800.0
15526,2026-06-29,3,275,800.0
15527,2026-04-17,2,95,1100.0
15528,2026-04-13,3,139,5150.0
15529,2026-01-17,3,294,6190.0
15530,2026-06-17,2,534,1160.0
15531,2026-01-05,3,292,6270.0
15532,2026-09-17,2,278,6570.0
15533,2026-02-16,2,376,6600.0
15534,2026-02-21,3,441,7300.0
15535,2026-03-20,1,547,2640.0
15536,2026-09-01,2,287,9405.0
15537,2026-07-05,1,307,900.0
15538,2026-04-30,2,354,5105.0
15539,2026-04-30,3,128,2120.0
15540,2026-03-17,1,386,1380.0
15541,2026-09-25,3,327,1540.0
15542,2026-09-28,3,266,3870.0
15543,2026-07-24,2,146,3600.0
15544,2026-03-23,2,160,1200.0
15545,2026-04-24,2,294,12075.0
15546,2026-02-06,3,175,4600.0
15547,2026-04-27,3,171,5000.0
15548,2026-08-18,2,90,10012.5
15549,2026-09-19,3,208,8500.0
15550,2026-02-26,3,192,7500.0
15551,2026-06-19,1,382,5652.0
15552,2026-04-29,3,522,1642.5
15553,2026-03-17,3,42,3800.0
15554,2026-03-19,3,452,8100.0
15555,2026-02-15,1,193,10877.0
15556,2026-08-08,2,585,5000.0
15557,2026-07-19,3,595,9272.0
15558,2026-06-09,1,331,2916.0
15559,2026-05-03,1,289,9640.0
15560,2026-01-01,2,462,2670.0
15561,2026-03-26,2,175,2710.0
15562,2026-05-10,1,91,6680.0
15563,2026-08-06,1,123,1630.0
15564,2026-05-18,3,19,1500.0
15565,2026-06-03,1,90,3400.0
15566,2026-08-03,2,159,3476.0
15567,2026-07-09,2,205,2790.0
15568,2026-02-17,1,55,3625.0
15569,2026-06-15,3,51,5280.0
15570,2026-08-19,2,285,2340.0
15571,2026-07-19,1,452,5647.5
15572,2026-09-12,1,161,2055.0
15573,2026-05-21,2,271,2927.5
15574,2026-01-24,1,521,3335.0
15575,2026-03-18,2,321,7860.0
15576,2026-06-18,1,457,80.0
15577,2026-08-08,3,364,1570.0
15578,2026-02-18,1,273,4875.0
15579,2026-02-01,1,495,3000.0
15580,2026-02-10,2,396,7470.0
15581,2026-07-03,3,317,2540.0
15582,2026-08-17,2,391,350.0
15583,2026-09-29,2,368,5500.0
15584,2026-03-08,1,247,3370.0
15585,2026-01-28,2,14,1700.0
15586,2026-04-02,1,174,6590.0
15587,2026-07-01,3,253,1680.0
15588,2026-09-16,1,65,2280.0
15589,2026-07-15,1,360,5100.0
15590,2026-06-13,1,172,2900.0
15591,2026-04-10,1,460,6140.0
15592,2026-06-12,3,447,6800.0
15593,2026-01-18,1,494,7150.0
15594,2026-05-30,2,128,13100.0
15595,2026-02-25,2,232,7785.0
15596,2026-09-16,3,48,5700.0
15597,2026-08-29,2,177,1862.0
15598,2026-01-22,1,479,9300.0
15599,2026-07-14,3,296,285.0
15600,2026-04-14,1,165,600.0
15601,2026-08-10,2,573,5040.0
15602,2026-09-29,1,317,2650.0
15603,2026-05-28,2,280,2908.0
15604,2026-01-19,1,41,5004.0
15605,2026-02-15,3,138,2040.0
15606,2026-02-25,2,392,8400.0
15607,2026-02-28,1,330,5640.0
15608,2026-04-14,2,532,270.0
15609,2026-03-20,2,215,700.0
15610,2026-07-14,3,322,4185.0
15611,2026-03-04,2,215,4815.0
15612,2026-06-13,2,552,1600.0
15613,2026-01-26,3,48,2640.0
15614,2026-04-18,2,45,15235.0
15615,2026-03-13,3,509,5025.0
15616,2026-06-10,3,521,7020.0
15617,2026-08-10,2,209,6628.0
15618,2026-02-21,3,171,1000.0
15619,2026-08-04,1,270,4134.0
15620,2026-03-09,3,431,16600.0
15621,2026-07-02,3,540,5700.0
15622,2026-01-06,1,587,6210.0
15623,2026-08-20,3,532,1700.0
15624,2026-08-25,3,549,2050.0
15625,2026-08-06,3,548,2330.0
15626,2026-04-01,2,504,5837.5
15627,2026-01-11,3,594,1900.0
15628,2026-02-12,1,513,1770.0
15629,2026-08-22,3,130,4530.0
15630,2026-02-09,1,99,1500.0
15631,2026-05-02,3,123,7320.0
15632,2026-06-24,2,482,2200.0
15633,2026-07-23,1,271,1960.0
15634,2026-08-19,2,131,4000.0
15635,2026-07-18,1,416,10480.0
15636,2026-05-15,2,305,3272.5
15637,2026-05-30,3,51,5340.0
15638,2026-06-20,3,434,6370.0
15639,2026-09-30,1,241,4195.0
15640,2026-02-25,2,496,4470.0
15641,2026-03-16,2,25,7400.0
15642,2026-01-01,1,96,8580.0
15643,2026-07-27,1,209,1580.0
15644,2026-03-22,3,62,2810.0
15645,2026-07-06,1,417,4950.0
15646,2026-07-16,3,562,1125.0
15647,2026-08-29,1,65,1960.0
15648,2026-05-16,1,67,2220.0
15649,2026-03-22,2,91,5360.0
15650,2026-04-09,1,384,6250.0
15651,2026-08-11,3,569,14200.0
15652,2026-09-14,3,290,4000.0
15653,2026-09-08,2,542,2300.0
15654,2026-07-03,1,53,4170.0
15655,2026-01-22,1,6,7650.0
15656,2026-03-11,3,556,10338.0
15657,2026-08-26,1,143,2300.0
15658,2026-05-31,1,152,8725.0
15659,2026-09-06,3,585,5500.0
15660,2026-09-24,1,592,2500.0
15661,2026-03-29,2,198,4780.0
15662,2026-02-26,3,429,5500.0
15663,2026-04-13,1,213,3242.5
15664,2026-07-30,2,457,5200.0
15665,2026-03-20,2,62,10480.0
15666,2026-08-23,1,595,190.0
15667,2026-03-04,1,46,6600.0
15668,2026-06-24,3,426,400.0
15669,2026-04-03,1,419,6030.0
15670,2026-09-11,2,366,7500.0
15671,2026-05-30,2,191,1500.0
15672,2026-03-07,1,209,2750.0
15673,2026-04-12,1,98,1600.0
15674,2026-08-03,3,261,3376.0
15675,2026-05-07,1,416,5003.5
15676,2026-05-01,3,254,1500.0
15677,2026-05-08,2,421,1200.0
15678,2026-01-24,1,551,3960.0
15679,2026-04-28,1,45,3900.0
15680,2026-04-11,1,128,160.0
15681,2026-05-25,2,198,5200.0
15682,2026-04-22,3,331,11860.0
15683,2026-07-26,3,292,8600.0
15684,2026-08-19,2,562,12240.0
15685,2026-01-18,1,488,10500.0
15686,2026-05-30,1,494,6370.0
15687,2026-06-20,2,224,4860.0
15688,2026-02-04,2,510,2290.0
15689,2026-03-14,3,332,11700.0
15690,2026-04-23,3,238,5050.0
15691,2026-01-02,2,213,990.0
15692,2026-05-05,3,499,2025.0
15693,2026-06-19,3,331,20500.0
15694,2026-02-18,2,21,1580.0
15695,2026-01-14,3,585,3005.0
15696,2026-07-16,3,377,3700.0
15697,2026-03-24,1,414,5760.0
15698,2026-03-26,3,596,7100.0
15699,2026-05-27,1,224,2095.0
15700,2026-08-18,1,54,4852.0
15701,2026-01-29,2,187,8908.0
15702,2026-03-02,3,6,5425.0
15703,2026-08-18,3,594,10410.0
15704,2026-04-24,2,111,800.0
15705,2026-06-11,2,492,2390.0
15706,2026-09-16,2,274,5100.0
15707,2026-05-04,3,486,3140.0
15708,2026-06-30,3,529,9650.0
15709,2026-05-02,3,22,4400.0
15710,2026-01-31,2,178,1960.0
15711,2026-07-28,2,288,3300.0
15712,2026-08-18,1,25,1800.0
15713,2026-07-29,2,50,14500.0
15714,2026-05-18,1,311,1800.0
15715,2026-03-28,1,218,4795.0
15716,2026-07-21,2,595,4676.0
15717,2026-01-18,1,255,1000.0
15718,2026-01-16,3,423,7050.0
15719,2026-03-08,1,3,5550.0
15720,2026-01-29,2,314,6745.0
15721,2026-05-21,2,325,8170.0
15722,2026-06-27,3,219,5530.0
15723,2026-01-10,2,18,1300.0
15724,2026-04-23,1,256,3987.5
15725,2026-05-30,3,512,5920.0
15726,2026-01-15,3,24,6200.0
15727,2026-01-04,1,108,10000.0
15728,2026-07-05,1,268,3028.0
15729,2026-08-29,1,416,600.0
15730,2026-05-06,2,417,3080.0
15731,2026-03-25,2,177,11925.0
15732,2026-04-15,1,484,5890.0
15733,2026-07-17,2,458,7185.0
15734,2026-02-19,2,262,5175.0
15735,2026-01-03,2,120,2200.0
15736,2026-07-31,2,466,4935.0
15737,2026-05-15,1,527,5500.0
15738,2026-01-11,2,145,12400.0
15739,2026-05-02,2,125,9650.0
15740,2026-08-16,3,294,230.0
15741,2026-05-06,1,557,7060.0
15742,2026-02-27,3,327,1100.0
15743,2026-05-08,2,213,1400.0
15744,2026-06-11,1,259,3050.0
15745,2026-08-22,2,483,1640.0
15746,2026-08-15,2,87,8935.0
15747,2026-01-06,1,522,1500.0
15748,2026-02-04,1,181,3000.0
15749,2026-09-12,1,84,1780.0
15750,2026-09-05,2,100,5800.0
15751,2026-05-17,2,157,10575.0
15752,2026-01-02,1,8,4500.0
15753,2026-02-27,3,593,6955.0
15754,2026-07-02,2,2,7442.5
15755,2026-08-28,1,238,10400.0
15756,2026-08-31,2,579,19560.0
15757,2026-03-27,2,368,4500.0
15758,2026-03-03,3,76,800.0
15759,2026-09-10,3,532,300.0
15760,2026-09-20,2,32,3695.0
15761,2026-08-16,3,438,1480.0
15762,2026-02-24,1,426,1890.0
15763,2026-04-29,2,173,6910.0
15764,2026-01-20,2,297,2690.0
15765,2026-06-20,1,11,6455.0
15766,2026-04-04,3,599,1540.0
15767,2026-09-27,1,300,5660.0
15768,2026-09-11,1,176,5850.0
15769,2026-06-07,2,475,777.5
15770,2026-02-27,3,384,3100.0
15771,2026-04-26,1,224,10635.0
15772,2026-06-11,3,281,3000.0
15773,2026-01-21,2,19,4420.0
15774,2026-02-26,2,224,2220.0
15775,2026-07-14,1,144,1480.0
15776,2026-01-05,1,220,8578.0
15777,2026-03-28,1,59,4200.0
15778,2026-01-19,2,94,2735.0
15779,2026-06-13,1,222,9580.0
15780,2026-06-23,3,584,2200.0
15781,2026-07-03,1,304,13000.0
15782,2026-01-19,1,424,3400.0
15783,2026-01-01,3,203,10080.0
15784,2026-06-18,3,213,6076.0
15785,2026-08-22,3,17,3355.0
15786,2026-05-26,3,56,4480.0
15787,2026-06-28,1,211,6300.0
15788,2026-05-01,3,433,2950.0
15789,2026-05-17,1,421,7400.0
15790,2026-02-06,1,156,9310.0
15791,2026-09-22,1,481,2470.0
15792,2026-06-26,2,246,570.0
15793,2026-01-25,3,221,5260.0
15794,2026-05-06,1,308,2860.0
15795,2026-03-07,2,415,156.0
15796,2026-08-29,3,296,2590.0
15797,2026-03-29,1,244,16135.0
15798,2026-07-01,1,283,1600.0
15799,2026-08-13,3,15,11200.0
15800,2026-06-20,2,253,12000.0
15801,2026-05-05,1,459,8300.0
15802,2026-09-24,2,485,8152.0
15803,2026-06-13,2,418,10470.0
15804,2026-03-30,1,195,3610.0
15805,2026-03-09,1,528,6150.0
15806,2026-06-22,2,430,2160.0
15807,2026-05-16,3,102,6190.0
15808,2026-06-14,2,92,1900.0
15809,2026-08-18,2,539,4800.0
15810,2026-06-01,2,49,900.0
15811,2026-07-16,3,535,7100.0
15812,2026-05-07,3,245,8940.0
15813,2026-03-25,1,319,6490.0
15814,2026-06-26,2,29,3500.0
15815,2026-08-13,2,227,1045.0
15816,2026-07-08,2,527,5700.0
15817,2026-09-11,2,408,360.0
15818,2026-04-10,2,114,10545.0
15819,2026-05-22,2,189,3480.0
15820,2026-06-10,2,20,400.0
15821,2026-02-15,3,208,5010.0
15822,2026-01-08,3,471,3800.0
15823,2026-09-21,2,528,8360.0
15824,2026-09-06,1,394,8340.0
15825,2026-02-25,1,204,7960.0
15826,2026-09-05,1,219,2510.0
15827,2026-08-11,2,255,3540.0
15828,2026-01-07,1,538,4235.0
15829,2026-01-05,1,74,5135.0
15830,2026-08-31,2,415,4575.0
15831,2026-04-12,1,211,12675.0
15832,2026-09-05,1,358,4734.0
15833,2026-08-22,1,516,900.0
15834,2026-03-24,2,237,3705.0
15835,2026-05-13,1,248,8650.0
15836,2026-03-09,2,408,2260.0
15837,2026-06-29,1,13,3600.0
15838,2026-09-09,2,489,1865.0
15839,2026-01-07,3,45,3600.0
15840,2026-09-30,1,461,4465.0
15841,2026-03-04,1,382,5100.0
15842,2026-05-04,1,216,4352.0
15843,2026-03-27,2,100,4650.0
15844,2026-08-02,3,325,19250.0
15845,2026-04-01,2,501,1980.0
15846,2026-08-20,2,61,7750.0
15847,2026-03-06,1,455,6020.0
15848,2026-09-23,1,47,4200.0
15849,2026-02-27,2,111,7510.0
15850,2026-09-19,1,280,12660.0
15851,2026-09-08,1,547,2700.0
15852,2026-04-23,2,428,3180.0
15853,2026-08-21,2,400,5400.0
15854,2026-04-18,3,192,3300.0
15855,2026-06-13,3,511,6705.0
15856,2026-05-29,1,328,11400.0
15857,2026-05-24,1,349,7197.0
15858,2026-04-15,2,316,5300.0
15859,2026-08-29,1,308,1300.0
15860,2026-04-19,3,465,2260.0
15861,2026-01-27,2,176,5800.0
15862,2026-08-25,1,163,2320.0
15863,2026-05-25,2,144,816.0
15864,2026-08-31,2,579,2300.0
15865,2026-08-09,1,156,4710.0
15866,2026-09-22,3,50,2200.0
15867,2026-03-30,1,169,4280.0
15868,2026-08-30,3,543,635.0
15869,2026-03-24,3,228,9660.0
15870,2026-04-23,2,372,5200.0
15871,2026-02-05,2,316,2080.0
15872,2026-03-05,1,150,6145.0
15873,2026-06-13,2,573,7100.0
15874,2026-04-18,3,159,8600.0
15875,2026-04-12,1,144,5400.0
15876,2026-02-11,3,279,7185.0
15877,2026-01-18,2,16,2380.0
15878,2026-02-27,1,85,10144.0
15879,2026-01-14,2,238,5800.0
15880,2026-02-02,3,533,5000.0
15881,2026-08-05,1,283,4170.0
15882,2026-03-21,2,248,1445.0
15883,2026-04-27,2,77,9475.0
15884,2026-04-11,2,440,2000.0
15885,2026-06-10,3,515,180.0
15886,2026-02-22,1,417,7880.0
15887,2026-05-07,1,181,1200.0
15888,2026-01-11,3,503,5747.0
15889,2026-08-18,3,598,1700.0
15890,2026-01-05,3,590,4440.0
15891,2026-08-07,1,404,5670.0
15892,2026-07-25,1,64,3080.0
15893,2026-03-07,1,381,10755.0
15894,2026-06-01,1,484,3200.0
15895,2026-04-14,2,365,9045.0
15896,2026-09-26,1,214,6840.0
15897,2026-06-19,2,104,450.0
15898,2026-06-04,1,89,1835.0
15899,2026-04-30,2,91,585.0
15900,2026-04-19,2,402,3960.0
15901,2026-01-06,1,89,9100.0
15902,2026-04-05,3,565,6280.0
15903,2026-05-22,3,545,1770.0
15904,2026-02-02,3,531,8000.0
15905,2026-03-30,1,35,3125.0
15906,2026-06-02,3,217,1200.0
15907,2026-02-17,3,314,2390.0
15908,2026-09-20,2,57,8000.0
15909,2026-04-03,3,495,5490.0
15910,2026-05-23,2,208,800.0
15911,2026-09-19,3,430,1530.0
15912,2026-09-07,1,330,2160.0
15913,2026-07-26,3,357,6385.0
15914,2026-02-09,2,600,8900.0
15915,2026-03-01,1,524,1190.0
15916,2026-09-19,3,169,3270.0
15917,2026-09-21,3,490,4900.0
15918,2026-01-14,1,97,2250.0
15919,2026-03-31,1,159,3980.0
15920,2026-08-24,1,362,1580.0
15921,2026-04-19,2,533,10760.0
15922,2026-09-03,1,279,4200.0
15923,2026-03-10,1,588,760.0
15924,2026-06-04,3,207,4600.0
15925,2026-02-03,2,460,2760.0
15926,2026-07-07,3,449,4500.0
15927,2026-05-31,2,479,80.0
15928,2026-07-28,1,79,5300.0
15929,2026-05-27,2,169,1800.0
15930,2026-04-18,2,123,230.0
15931,2026-04-23,3,172,4625.0
15932,2026-07-26,3,163,6230.0
15933,2026-05-31,2,591,1545.0
15934,2026-01-22,3,259,8365.0
15935,2026-02-27,3,113,3780.0
15936,2026-01-25,1,182,5900.0
15937,2026-09-27,1,476,6470.0
15938,2026-04-30,1,49,8600.0
15939,2026-01-20,1,4,10600.0
15940,2026-08-04,3,305,450.0
15941,2026-07-05,1,154,600.0
15942,2026-09-13,1,307,3530.0
15943,2026-08-19,3,592,8700.0
15944,2026-01-29,1,458,4400.0
15945,2026-08-04,3,361,2575.0
15946,2026-01-11,3,219,1800.0
15947,2026-07-02,1,77,8540.0
15948,2026-03-26,1,168,5690.0
15949,2026-06-12,1,378,8752.5
15950,2026-07-11,3,448,2740.0
15951,2026-03-05,1,145,3140.0
15952,2026-09-21,1,303,7150.0
15953,2026-01-12,1,491,12675.0
15954,2026-01-28,1,583,8800.0
15955,2026-02-09,3,569,6400.0
15956,2026-06-10,2,254,9750.0
15957,2026-08-18,2,32,1300.0
15958,2026-06-15,1,115,1227.5
15959,2026-01-26,3,575,200.0
15960,2026-02-05,3,69,6900.0
15961,2026-03-15,2,267,6000.0
15962,2026-04-16,3,539,4500.0
15963,2026-05-30,3,599,6380.0
15964,2026-05-24,3,230,5625.0
15965,2026-06-30,2,184,5080.0
15966,2026-03-27,1,134,600.0
15967,2026-06-14,1,234,3675.0
15968,2026-06-11,3,62,4486.0
15969,2026-08-13,1,213,3600.0
15970,2026-05-07,2,116,14400.0
15971,2026-08-29,3,357,2300.0
15972,2026-08-03,1,435,8790.0
15973,2026-04-30,3,80,5255.0
15974,2026-06-14,3,579,3600.0
15975,2026-02-20,3,597,4155.0
15976,2026-09-20,3,135,2650.0
15977,2026-03-22,2,66,5000.0
15978,2026-02-06,3,39,7320.0
15979,2026-07-08,2,456,6905.0
15980,2026-03-25,2,55,3522.0
15981,2026-03-13,3,345,2700.0
15982,2026-02-03,1,481,7825.0
15983,2026-03-12,1,175,7510.0
15984,2026-02-21,3,260,3900.0
15985,2026-06-15,3,1,2575.0
15986,2026-09-23,1,503,380.0
15987,2026-06-17,3,99,5740.0
15988,2026-08-25,3,486,7420.0
15989,2026-07-02,1,180,2000.0
15990,2026-09-12,1,299,5500.0
15991,2026-06-21,2,595,300.0
15992,2026-02-15,3,92,10730.0
15993,2026-04-25,1,146,7155.0
15994,2026-04-10,3,230,2650.0
15995,2026-06-21,3,86,3410.0
15996,2026-01-28,1,187,3575.0
15997,2026-01-02,3,301,7330.0
15998,2026-02-22,1,503,3900.0
15999,2026-01-07,1,291,1500.0
16000,2026-05-01,3,532,4650.0
16001,2026-04-11,3,30,8285.0
16002,2026-03-07,2,317,7305.0
16003,2026-05-04,3,145,815.0
16004,2026-04-16,2,436,6590.0
16005,2026-01-29,2,250,8590.0
16006,2026-05-14,2,306,6345.0
16007,2026-06-01,1,576,5825.0
16008,2026-02-14,2,63,9950.0
16009,2026-09-01,3,599,5300.0
16010,2026-05-12,1,459,6690.0
16011,2026-08-21,2,348,1985.0
16012,2026-06-17,1,44,18065.0
16013,2026-05-02,3,38,3500.0
16014,2026-09-01,2,519,9050.0
16015,2026-08-04,3,169,1425.0
16016,2026-09-05,3,136,1200.0
16017,2026-04-21,1,371,4500.0
16018,2026-01-11,3,502,2650.0
16019,2026-04-22,1,340,1945.0
16020,2026-08-18,1,113,3490.0
16021,2026-03-05,2,525,1190.0
16022,2026-01-29,1,67,5760.0
16023,2026-05-19,1,91,4045.0
16024,2026-06-28,2,158,11950.0
16025,2026-06-06,2,93,10700.0
16026,2026-06-20,3,556,3175.0
16027,2026-03-05,1,91,5880.0
16028,2026-02-10,2,17,1250.0
16029,2026-05-22,3,584,2500.0
16030,2026-05-14,2,353,6460.0
16031,2026-01-23,2,164,400.0
16032,2026-07-09,1,301,2785.0
16033,2026-03-29,2,151,8490.0
16034,2026-07-28,1,142,3861.0
16035,2026-06-16,1,125,2500.0
16036,2026-03-11,3,266,6500.0
16037,2026-07-13,3,366,450.0
16038,2026-07-15,3,57,2280.0
16039,2026-04-26,1,7,10690.0
16040,2026-08-02,1,525,17330.0
16041,2026-09-22,1,317,450.0
16042,2026-07-17,1,477,2980.0
16043,2026-02-23,3,30,270.0
16044,2026-08-23,2,367,2310.0
16045,2026-02-20,1,306,6830.0
16046,2026-03-30,3,21,14275.0
16047,2026-06-12,1,141,11500.0
16048,2026-05-17,1,499,12000.0
16049,2026-09-26,2,19,4860.0
16050,2026-01-15,2,153,7200.0
16051,2026-05-24,3,478,1500.0
16052,2026-05-01,1,465,4000.0
16053,2026-02-22,1,381,9450.0
16054,2026-06-23,2,586,3600.0
16055,2026-08-28,3,400,816.0
16056,2026-08-17,1,44,7885.0
16057,2026-08-20,3,307,13576.0
16058,2026-08-24,1,533,570.0
16059,2026-08-30,2,382,4750.0
16060,2026-09-02,1,192,2300.0
16061,2026-02-01,1,520,4500.0
16062,2026-07-27,1,548,8800.0
16063,2026-07-18,1,420,9840.0
16064,2026-03-18,2,275,8260.0
16065,2026-06-18,3,530,900.0
16066,2026-06-26,1,135,12285.0
16067,2026-09-27,1,548,2100.0
16068,2026-06-29,3,368,5970.0
16069,2026-06-30,2,268,12000.0
16070,2026-05-20,2,9,4000.0
16071,2026-05-03,1,127,2800.0
16072,2026-08-31,2,40,4960.0
16073,2026-08-18,3,249,2440.0
16074,2026-07-21,1,156,3710.0
16075,2026-09-10,3,457,100.0
16076,2026-08-28,3,117,6285.0
16077,2026-03-01,2,117,10150.0
16078,2026-07-02,1,504,3200.0
16079,2026-09-29,1,331,8700.0
16080,2026-07-13,2,338,2366.0
16081,2026-08-31,3,202,8180.0
16082,2026-07-18,3,135,570.0
16083,2026-02-26,2,593,7760.0
16084,2026-07-10,1,128,12376.0
16085,2026-06-18,3,75,4200.0
16086,2026-03-31,2,77,7860.0
16087,2026-07-12,1,5,2400.0
16088,2026-03-23,2,592,400.0
16089,2026-01-10,1,524,4972.0
16090,2026-04-09,2,138,4845.0
16091,2026-02-08,1,328,100.0
16092,2026-03-02,3,199,8000.0
16093,2026-02-14,3,442,1500.0
16094,2026-05-20,3,365,300.0
16095,2026-08-31,1,313,8700.0
16096,2026-07-14,2,379,3365.0
16097,2026-01-04,1,44,8180.0
16098,2026-05-12,1,434,9075.0
16099,2026-06-05,1,448,8550.0
16100,2026-01-26,2,310,9490.0
16101,2026-04-02,1,28,895.0
16102,2026-07-30,2,28,7950.0
16103,2026-03-12,3,227,6200.0
16104,2026-07-20,1,237,4055.0
16105,2026-06-20,3,8,20385.0
16106,2026-07-17,2,498,10490.0
16107,2026-09-08,2,121,4625.0
16108,2026-04-23,1,207,6700.0
16109,2026-02-18,2,185,5800.0
16110,2026-05-07,1,497,9950.0
16111,2026-04-17,1,56,1800.0
16112,2026-05-16,1,92,6735.0
16113,2026-07-06,3,508,1470.0
16114,2026-05-09,3,455,5550.0
16115,2026-05-03,3,500,8882.0
16116,2026-03-31,1,477,6600.0
16117,2026-08-30,3,30,3100.0
16118,2026-03-17,1,381,7440.0
16119,2026-03-11,3,302,11700.0
16120,2026-07-17,1,357,6326.0
16121,2026-06-16,2,94,10550.0
16122,2026-05-21,2,597,8385.0
16123,2026-05-31,3,437,2100.0
16124,2026-07-19,2,514,5520.0
16125,2026-05-16,1,196,1500.0
16126,2026-03-26,1,417,7280.0
16127,2026-02-15,1,286,6480.0
16128,2026-07-24,3,510,4360.0
16129,2026-04-14,3,208,5400.0
16130,2026-04-27,3,295,10800.0
16131,2026-01-10,2,26,3750.0
16132,2026-07-09,3,338,800.0
16133,2026-05-24,3,506,100.0
16134,2026-01-06,2,440,5700.0
16135,2026-04-16,3,475,5380.0
16136,2026-07-16,3,568,500.0
16137,2026-07-24,2,300,1080.0
16138,2026-03-07,1,391,10700.0
16139,2026-06-28,1,404,8020.0
16140,2026-04-04,3,144,6580.0
16141,2026-05-30,1,296,2280.0
16142,2026-05-29,1,349,3600.0
16143,2026-02-13,1,87,760.0
16144,2026-04-08,2,380,2072.0
16145,2026-07-14,2,423,4100.0
16146,2026-05-22,1,539,2910.0
16147,2026-02-26,1,565,4110.0
16148,2026-08-23,1,364,270.0
16149,2026-05-20,1,108,600.0
16150,2026-05-16,1,291,300.0
16151,2026-08-02,1,284,9000.0
16152,2026-09-29,3,338,6000.0
16153,2026-06-10,3,40,3900.0
16154,2026-05-16,1,248,7315.0
16155,2026-09-27,2,341,5400.0
16156,2026-05-19,1,403,2435.0
16157,2026-03-01,3,587,12900.0
16158,2026-09-04,1,299,9210.0
16159,2026-05-17,1,451,1960.0
16160,2026-06-23,2,161,4690.0
16161,2026-07-17,1,353,500.0
16162,2026-09-23,3,83,3145.0
16163,2026-08-27,3,305,1700.0
16164,2026-07-04,1,397,5080.0
16165,2026-03-07,1,395,1860.0
16166,2026-06-22,1,355,6890.0
16167,2026-08-28,2,484,2550.0
16168,2026-03-04,3,361,3190.0
16169,2026-04-09,2,309,8376.0
16170,2026-01-06,1,483,4500.0
16171,2026-06-23,2,412,6360.0
16172,2026-04-17,2,523,3270.0
16173,2026-01-03,2,178,9200.0
16174,2026-02-07,1,86,7152.0
16175,2026-02-17,1,415,4300.0
16176,2026-02-21,1,137,9800.0
16177,2026-03-29,2,596,600.0
16178,2026-03-06,3,80,522.5
16179,2026-01-17,3,477,300.0
16180,2026-05-29,2,424,2600.0
16181,2026-04-17,3,117,8730.0
16182,2026-06-23,1,135,6660.0
16183,2026-03-25,1,265,1425.0
16184,2026-07-20,1,138,8400.0
16185,2026-01-17,1,462,2800.0
16186,2026-07-20,2,252,13265.0
16187,2026-06-16,3,125,2600.0
16188,2026-08-02,2,357,10705.0
16189,2026-04-03,2,518,2350.0
16190,2026-07-02,1,303,11180.0
16191,2026-01-28,2,55,10400.0
16192,2026-02-05,2,72,3870.0
16193,2026-03-03,1,197,1140.0
16194,2026-03-21,2,119,5730.0
16195,2026-03-03,3,369,3490.0
16196,2026-07-14,1,172,1800.0
16197,2026-09-24,2,421,3340.0
16198,2026-05-27,2,112,1700.0
16199,2026-04-17,1,257,4850.0
16200,2026-03-10,3,293,4500.0
16201,2026-03-21,3,137,5000.0
16202,2026-09-30,3,352,3580.0
16203,2026-09-09,3,119,3900.0
16204,2026-03-15,2,261,7800.0
16205,2026-02-07,2,59,10100.0
16206,2026-05-13,3,478,4980.0
16207,2026-02-03,2,269,3250.0
16208,2026-02-21,1,379,9165.0
16209,2026-08-16,1,563,4950.0
16210,2026-04-12,3,200,300.0
16211,2026-01-26,3,181,4840.0
16212,2026-08-23,2,446,400.0
16213,2026-01-13,3,72,3875.0
16214,2026-04-29,1,141,11150.0
16215,2026-07-19,1,245,10800.0
16216,2026-06-22,3,274,1710.0
16217,2026-07-15,2,54,2690.0
16218,2026-03-03,2,284,3885.0
16219,2026-04-28,2,248,4252.0
16220,2026-04-06,3,475,800.0
16221,2026-03-06,3,466,7652.0
16222,2026-02-16,3,455,12100.0
16223,2026-01-13,1,346,1800.0
16224,2026-03-25,1,527,5600.0
16225,2026-06-01,2,172,600.0
16226,2026-01-01,2,76,5500.0
16227,2026-03-31,1,505,2100.0
16228,2026-03-21,2,297,14900.0
16229,2026-03-06,3,484,20040.0
16230,2026-03-22,2,49,3460.0
16231,2026-06-15,1,37,150.0
16232,2026-04-26,2,25,4000.0
16233,2026-07-23,2,274,7625.0
16234,2026-08-12,1,137,3585.0
16235,2026-06-15,2,196,900.0
16236,2026-07-12,1,236,10953.0
16237,2026-03-26,1,568,6885.0
16238,2026-09-04,1,343,9300.0
16239,2026-03-12,3,96,6040.0
16240,2026-09-29,1,293,6900.0
16241,2026-04-24,3,161,3950.0
16242,2026-05-31,2,470,3340.0
16243,2026-02-12,3,133,7140.0
16244,2026-05-04,1,168,17575.0
16245,2026-03-20,3,445,1310.0
16246,2026-06-11,2,309,3462.5
16247,2026-08-31,1,506,2390.0
16248,2026-08-25,1,236,4400.0
16249,2026-05-22,2,477,11300.0
16250,2026-02-27,2,521,2140.0
16251,2026-09-05,1,218,700.0
16252,2026-09-12,1,426,2750.0
16253,2026-06-18,2,210,5720.0
16254,2026-08-14,2,75,7290.0
16255,2026-08-22,1,338,6380.0
16256,2026-04-13,3,580,15225.0
16257,2026-09-15,2,249,500.0
16258,2026-03-03,1,535,11800.0
16259,2026-05-10,1,355,3780.0
16260,2026-08-26,1,349,3285.0
16261,2026-06-29,3,112,1380.0
16262,2026-01-06,2,74,9120.0
16263,2026-02-21,1,382,5475.0
16264,2026-03-29,2,150,7000.0
16265,2026-05-01,1,128,3800.0
16266,2026-09-07,3,450,8502.5
16267,2026-08-14,3,598,435.0
16268,2026-02-12,3,353,1080.0
16269,2026-05-18,1,48,180.0
16270,2026-03-01,1,109,5290.0
16271,2026-01-09,3,131,3880.0
16272,2026-05-10,1,596,6600.0
16273,2026-02-03,1,152,11175.0
16274,2026-09-19,3,10,2940.0
16275,2026-07-28,2,503,4980.0
16276,2026-03-05,3,571,800.0
16277,2026-06-06,2,349,7600.0
16278,2026-03-28,2,336,2400.0
16279,2026-06-27,3,320,8190.0
16280,2026-05-04,1,289,8310.0
16281,2026-06-05,3,375,3616.0
16282,2026-03-10,3,232,11270.0
16283,2026-08-18,1,136,12000.0
16284,2026-06-06,3,4,5640.0
16285,2026-06-16,1,559,2250.0
16286,2026-05-12,1,574,3400.0
16287,2026-09-13,2,509,10250.0
16288,2026-07-26,1,591,9777.5
16289,2026-09-14,2,504,12400.0
16290,2026-09-09,1,405,2600.0
16291,2026-01-06,1,431,3500.0
16292,2026-04-25,1,94,2590.0
16293,2026-07-29,1,272,5700.0
16294,2026-02-21,3,430,280.0
16295,2026-03-22,1,563,2950.0
16296,2026-02-09,2,563,5950.0
16297,2026-08-15,1,242,5475.0
16298,2026-03-08,3,578,5000.0
16299,2026-01-23,1,115,400.0
16300,2026-03-08,1,217,4000.0
16301,2026-04-25,1,483,5000.0
16302,2026-01-24,1,399,9600.0
16303,2026-03-15,2,497,9000.0
16304,2026-03-08,1,570,5320.0
16305,2026-08-28,1,266,5375.0
16306,2026-09-28,1,242,4505.0
16307,2026-09-06,1,174,2775.0
16308,2026-02-19,2,128,8800.0
16309,2026-03-08,2,1,4360.0
16310,2026-02-24,1,465,8600.0
16311,2026-08-19,3,350,3325.0
16312,2026-04-12,3,289,1500.0
16313,2026-08-30,3,219,8170.0
16314,2026-06-09,3,371,1808.0
16315,2026-04-11,1,495,4700.0
16316,2026-09-09,2,201,2930.0
16317,2026-09-19,1,462,3400.0
16318,2026-09-08,1,490,1975.0
16319,2026-08-31,3,542,10675.0
16320,2026-03-26,1,164,1200.0
16321,2026-08-04,1,423,6435.0
16322,2026-08-10,1,31,13840.0
16323,2026-07-02,2,16,8200.0
16324,2026-07-04,3,377,7440.0
16325,2026-05-02,2,583,1892.0
16326,2026-06-18,2,319,4000.0
16327,2026-09-07,1,504,1600.0
16328,2026-03-08,2,198,3400.0
16329,2026-09-19,1,224,1200.0
16330,2026-06-13,2,250,12700.0
16331,2026-02-07,3,194,4500.0
16332,2026-02-21,2,497,1570.0
16333,2026-06-10,3,340,10425.0
16334,2026-09-04,1,324,5615.0
16335,2026-04-16,2,92,4036.0
16336,2026-01-30,1,414,6950.0
16337,2026-01-25,3,502,5520.0
16338,2026-07-03,1,354,12475.0
16339,2026-02-04,1,470,4080.0
16340,2026-06-30,3,43,4305.0
16341,2026-05-23,2,328,5775.0
16342,2026-02-19,2,216,3960.0
16343,2026-08-24,1,165,992.0
16344,2026-05-26,1,312,2100.0
16345,2026-03-11,1,104,3401.0
16346,2026-02-17,3,169,7800.0
16347,2026-03-02,1,38,6540.0
16348,2026-03-03,1,566,2420.0
16349,2026-03-25,1,198,13930.0
16350,2026-07-31,3,288,9500.0
16351,2026-07-10,1,490,5800.0
16352,2026-08-01,3,501,8845.0
16353,2026-05-03,1,79,620.0
16354,2026-06-24,2,556,4300.0
16355,2026-04-16,3,258,6645.0
16356,2026-02-18,3,463,3980.0
16357,2026-04-08,2,429,6800.0
16358,2026-04-27,1,389,1900.0
16359,2026-01-07,3,279,6600.0
16360,2026-04-11,2,261,5920.0
16361,2026-07-05,1,85,5740.0
16362,2026-04-25,2,496,200.0
16363,2026-08-25,2,118,6700.0
16364,2026-05-26,2,594,7500.0
16365,2026-06-20,2,293,1800.0
16366,2026-06-08,1,152,1505.0
16367,2026-01-02,1,391,4000.0
16368,2026-08-10,3,186,8220.0
16369,2026-06-18,3,225,1116.0
16370,2026-06-18,3,42,5090.0
16371,2026-04-07,3,302,6676.0
16372,2026-07-19,1,26,1545.0
16373,2026-02-21,1,435,5185.0
16374,2026-04-12,2,439,12353.0
16375,2026-01-15,1,122,4100.0
16376,2026-01-27,2,223,6780.0
16377,2026-04-27,3,381,3800.0
16378,2026-09-30,1,402,3050.0
16379,2026-05-29,2,59,10580.0
16380,2026-05-22,2,487,1100.0
16381,2026-04-21,2,433,8580.0
16382,2026-09-07,3,419,6000.0
16383,2026-06-27,1,409,4050.0
16384,2026-01-16,2,347,4290.0
16385,2026-02-10,3,214,4650.0
16386,2026-02-27,3,434,8400.0
16387,2026-01-17,1,304,7300.0
16388,2026-04-23,2,373,500.0
16389,2026-07-20,3,529,3628.0
16390,2026-01-15,2,430,530.0
16391,2026-01-22,3,344,10300.0
16392,2026-06-14,1,146,2865.0
16393,2026-02-06,1,148,3000.0
16394,2026-01-31,3,187,670.0
16395,2026-05-10,1,478,4740.0
16396,2026-04-23,1,375,8600.0
16397,2026-01-26,2,135,9660.0
16398,2026-09-08,3,393,2400.0
16399,2026-07-26,3,492,7800.0
16400,2026-04-12,3,321,7400.0
16401,2026-08-16,2,161,13100.0
16402,2026-06-21,2,488,2400.0
16403,2026-06-12,2,235,5317.5
16404,2026-04-11,1,6,8510.0
16405,2026-09-26,3,59,3808.0
16406,2026-02-22,1,600,9830.0
16407,2026-08-25,2,239,3000.0
16408,2026-03-27,3,96,2542.5
16409,2026-02-04,3,108,3300.0
16410,2026-07-22,2,324,5580.0
16411,2026-03-17,2,56,2460.0
16412,2026-01-15,2,440,10480.0
16413,2026-04-27,3,318,9200.0
16414,2026-06-01,1,409,2600.0
16415,2026-09-06,3,187,7542.5
16416,2026-02-16,1,418,7800.0
16417,2026-02-09,1,101,6112.5
16418,2026-03-28,1,66,10210.0
16419,2026-01-12,1,500,2700.0
16420,2026-02-08,3,150,8800.0
16421,2026-08-19,3,291,11550.0
16422,2026-03-22,1,500,1030.0
16423,2026-08-13,1,538,9300.0
16424,2026-02-18,2,600,5370.0
16425,2026-05-30,1,449,4740.0
16426,2026-08-29,3,378,3300.0
16427,2026-04-01,1,376,4400.0
16428,2026-03-06,3,61,330.0
16429,2026-03-19,1,447,5500.0
16430,2026-09-08,1,308,770.0
16431,2026-08-10,2,472,13727.5
16432,2026-08-08,1,465,1185.0
16433,2026-03-13,1,534,1995.0
16434,2026-08-13,2,406,6220.0
16435,2026-01-30,2,444,5344.0
16436,2026-03-21,2,292,5505.0
16437,2026-06-10,2,111,4425.0
16438,2026-09-11,3,553,3000.0
16439,2026-05-21,2,532,2165.0
16440,2026-09-24,2,359,600.0
16441,2026-04-15,3,231,3400.0
16442,2026-08-19,1,257,3400.0
16443,2026-05-12,1,412,1600.0
16444,2026-04-20,1,463,12700.0
16445,2026-05-08,3,115,2155.0
16446,2026-02-07,3,392,4260.0
16447,2026-07-08,1,1,15000.0
16448,2026-09-26,1,172,2450.0
16449,2026-04-14,3,122,4240.0
16450,2026-05-04,1,247,2300.0
16451,2026-04-08,1,146,3190.0
16452,2026-01-01,2,310,10300.0
16453,2026-01-30,2,4,4100.0
16454,2026-03-15,2,397,560.0
16455,2026-07-17,1,571,1485.0
16456,2026-04-22,2,516,6160.0
16457,2026-07-12,1,172,9650.0
16458,2026-02-05,1,456,8235.0
16459,2026-07-09,2,542,9700.0
16460,2026-08-06,1,398,4220.0
16461,2026-02-24,1,157,7600.0
16462,2026-02-04,3,227,4910.0
16463,2026-06-25,2,360,3600.0
16464,2026-06-15,1,470,1375.0
16465,2026-07-10,1,207,1800.0
16466,2026-01-16,3,316,3465.0
16467,2026-06-17,2,497,1700.0
16468,2026-05-27,3,243,1800.0
16469,2026-09-10,3,303,6210.0
16470,2026-03-31,1,275,3128.0
16471,2026-05-17,3,438,5495.0
16472,2026-07-31,1,565,2627.5
16473,2026-06-30,1,597,800.0
16474,2026-08-20,3,296,3400.0
16475,2026-02-19,2,251,500.0
16476,2026-05-24,3,302,5200.0
16477,2026-03-17,1,550,4810.0
16478,2026-01-09,2,407,4820.0
16479,2026-04-11,1,514,1525.0
16480,2026-01-27,1,337,10530.0
16481,2026-09-20,1,274,5050.0
16482,2026-08-14,1,327,12700.0
16483,2026-05-09,3,216,4000.0
16484,2026-04-08,3,560,5110.0
16485,2026-01-17,2,480,4735.0
16486,2026-03-26,1,259,14010.0
16487,2026-06-13,2,47,1540.0
16488,2026-08-01,2,538,900.0
16489,2026-08-19,3,455,6000.0
16490,2026-05-25,2,475,10900.0
16491,2026-09-07,1,96,3100.0
16492,2026-01-13,3,284,10550.0
16493,2026-05-28,2,28,1155.0
16494,2026-06-12,3,11,7725.0
16495,2026-06-20,1,459,6030.0
16496,2026-04-09,3,329,5344.0
16497,2026-09-27,2,327,8785.0
16498,2026-09-03,2,446,7600.0
16499,2026-07-22,2,511,5880.0
16500,2026-09-24,1,392,8900.0
16501,2026-01-01,2,366,11000.0
16502,2026-07-09,1,399,3750.0
16503,2026-07-06,3,148,7128.0
16504,2026-08-29,2,146,4130.0
16505,2026-04-23,1,306,11250.0
16506,2026-01-08,3,281,5626.0
16507,2026-08-01,2,105,9210.0
16508,2026-07-14,3,364,3175.0
16509,2026-06-01,1,380,8950.0
16510,2026-05-12,3,382,8830.0
16511,2026-08-06,3,354,3795.0
16512,2026-07-08,1,355,5095.0
16513,2026-09-22,2,277,6090.0
16514,2026-04-06,2,533,5900.0
16515,2026-08-02,3,70,4770.0
16516,2026-08-11,2,63,3126.0
16517,2026-04-30,3,509,10100.0
16518,2026-08-16,1,446,10800.0
16519,2026-01-26,1,541,8100.0
16520,2026-05-17,3,238,1370.0
16521,2026-03-31,1,21,2400.0
16522,2026-02-16,3,350,3770.0
16523,2026-04-04,1,293,5590.0
16524,2026-04-13,2,344,8070.0
16525,2026-06-20,1,14,10575.0
16526,2026-06-15,1,112,1990.0
16527,2026-04-29,2,54,4080.0
16528,2026-04-18,3,85,10150.0
16529,2026-02-02,1,204,6800.0
16530,2026-02-23,3,565,3127.5
16531,2026-02-22,2,24,5850.0
16532,2026-08-26,1,415,2844.0
16533,2026-08-16,1,466,1160.0
16534,2026-03-31,3,309,8400.0
16535,2026-02-06,1,288,4327.5
16536,2026-05-18,1,118,3020.0
16537,2026-02-09,1,8,5500.0
16538,2026-09-19,2,242,5450.0
16539,2026-06-17,3,278,3242.5
16540,2026-02-27,1,132,5800.0
16541,2026-03-27,2,405,1645.0
16542,2026-09-20,1,423,5000.0
16543,2026-06-24,1,354,9740.0
16544,2026-04-23,2,25,7045.0
16545,2026-06-03,2,82,10800.0
16546,2026-04-21,2,394,11700.0
16547,2026-09-12,1,164,7900.0
16548,2026-07-13,3,271,2700.0
16549,2026-06-30,1,371,1100.0
16550,2026-01-22,1,88,1800.0
16551,2026-01-18,1,286,4440.0
16552,2026-07-19,1,192,5000.0
16553,2026-06-13,3,412,1050.0
16554,2026-08-16,3,147,7308.0
16555,2026-07-25,3,328,200.0
16556,2026-08-04,1,261,10300.0
16557,2026-03-14,2,178,10380.0
16558,2026-01-18,3,453,9800.0
16559,2026-04-05,1,132,3940.0
16560,2026-04-16,2,537,2500.0
16561,2026-04-21,2,100,3040.0
16562,2026-01-20,2,189,6700.0
16563,2026-06-08,3,554,6710.0
16564,2026-07-13,2,272,3600.0
16565,2026-09-08,1,105,8990.0
16566,2026-08-20,1,287,4010.0
16567,2026-06-28,1,427,6445.0
16568,2026-06-18,2,86,5440.0
16569,2026-02-13,2,364,4400.0
16570,2026-08-20,2,553,1590.0
16571,2026-08-14,1,218,5500.0
16572,2026-04-10,1,245,450.0
16573,2026-06-10,1,4,9210.0
16574,2026-08-13,1,169,2100.0
16575,2026-03-18,3,432,3950.0
16576,2026-08-15,1,55,7250.0
16577,2026-02-02,2,329,6925.0
16578,2026-06-11,3,563,7152.0
16579,2026-07-14,1,46,11000.0
16580,2026-03-29,1,290,3330.0
16581,2026-05-17,1,571,3870.0
16582,2026-01-17,1,475,350.0
16583,2026-03-24,2,74,4850.0
16584,2026-04-20,2,465,5800.0
16585,2026-09-11,3,348,2680.0
16586,2026-06-29,3,182,80.0
16587,2026-05-29,1,516,4795.0
16588,2026-04-23,1,565,2700.0
16589,2026-01-03,2,198,8705.0
16590,2026-02-02,1,401,1500.0
16591,2026-06-16,2,148,2840.0
16592,2026-06-24,2,168,7075.0
16593,2026-08-14,1,77,7200.0
16594,2026-08-08,2,322,1928.0
16595,2026-05-29,2,292,3752.0
16596,2026-05-31,1,77,8150.0
16597,2026-06-15,2,294,9320.0
16598,2026-03-11,1,566,8870.0
16599,2026-08-11,1,235,3900.0
16600,2026-04-19,2,547,21400.0
16601,2026-09-24,1,71,2700.0
16602,2026-02-06,3,223,460.0
16603,2026-09-13,3,280,2490.0
16604,2026-06-14,3,594,2170.0
16605,2026-09-18,3,118,14380.0
16606,2026-08-21,1,589,4820.0
16607,2026-09-19,3,13,9900.0
16608,2026-09-24,1,30,5655.0
16609,2026-01-31,1,506,8440.0
16610,2026-04-05,1,536,13820.0
16611,2026-05-09,2,384,5875.0
16612,2026-08-07,2,329,2200.0
16613,2026-08-24,1,47,6780.0
16614,2026-04-03,2,474,2660.0
16615,2026-02-16,2,86,5400.0
16616,2026-01-21,2,284,5050.0
16617,2026-07-14,1,276,480.0
16618,2026-08-22,1,38,5700.0
16619,2026-08-06,3,111,8050.0
16620,2026-05-21,3,273,2640.0
16621,2026-09-26,3,411,11170.0
16622,2026-02-11,3,71,3570.0
16623,2026-06-19,3,19,5735.0
16624,2026-06-06,1,221,7800.0
16625,2026-06-25,2,356,7950.0
16626,2026-03-12,2,55,1885.0
16627,2026-07-02,3,51,2260.0
16628,2026-04-02,3,495,9560.0
16629,2026-07-19,1,569,1735.0
16630,2026-05-23,2,560,1480.0
16631,2026-05-15,2,484,9150.0
16632,2026-06-29,3,562,4520.0
16633,2026-05-30,3,327,5550.0
16634,2026-06-26,2,123,7800.0
16635,2026-01-30,1,78,1440.0
16636,2026-07-29,3,77,7600.0
16637,2026-04-21,2,6,4290.0
16638,2026-04-09,1,500,4602.0
16639,2026-01-21,2,379,180.0
16640,2026-07-29,1,198,980.0
16641,2026-02-28,1,356,12680.0
16642,2026-04-03,2,34,10830.0
16643,2026-05-24,1,476,1300.0
16644,2026-01-22,2,331,2800.0
16645,2026-02-27,1,446,240.0
16646,2026-02-22,3,99,3000.0
16647,2026-09-12,3,472,6020.0
16648,2026-09-16,2,281,1345.0
16649,2026-05-29,2,454,7050.0
16650,2026-04-09,1,227,4820.0
16651,2026-09-21,3,18,3800.0
16652,2026-04-28,2,308,4220.0
16653,2026-03-16,3,454,8400.0
16654,2026-06-15,2,112,5985.0
16655,2026-05-23,1,243,3240.0
16656,2026-02-23,1,263,7140.0
16657,2026-02-11,2,450,3540.0
16658,2026-03-19,3,211,7140.0
16659,2026-04-25,2,410,1800.0
16660,2026-04-06,2,157,3100.0
16661,2026-05-14,2,341,2090.0
16662,2026-04-26,1,378,780.0
16663,2026-06-07,1,229,200.0
16664,2026-05-04,3,451,14600.0
16665,2026-07-15,2,529,3900.0
16666,2026-07-04,2,73,5600.0
16667,2026-07-20,1,351,2700.0
16668,2026-01-18,1,243,7350.0
16669,2026-02-24,2,398,2670.0
16670,2026-02-02,2,389,2580.0
16671,2026-02-21,3,296,2275.0
16672,2026-05-26,1,266,16860.0
16673,2026-03-11,3,128,2800.0
16674,2026-09-26,3,60,6755.0
16675,2026-09-18,2,178,11075.0
16676,2026-05-13,3,12,8300.0
16677,2026-06-18,3,414,9950.0
16678,2026-05-12,3,411,10600.0
16679,2026-05-21,1,77,6900.0
16680,2026-02-25,1,367,9885.0
16681,2026-06-06,2,144,7500.0
16682,2026-07-19,1,595,8635.0
16683,2026-08-07,2,431,3355.0
16684,2026-01-10,2,365,14400.0
16685,2026-01-10,3,13,10120.0
16686,2026-02-10,3,61,2800.0
16687,2026-06-08,3,498,4200.0
16688,2026-07-15,2,394,570.0
16689,2026-03-13,2,408,2800.0
16690,2026-05-04,2,323,1290.0
16691,2026-04-19,2,171,3600.0
16692,2026-07-29,3,239,8375.0
16693,2026-09-01,2,19,700.0
16694,2026-01-05,2,34,300.0
16695,2026-02-02,1,375,6900.0
16696,2026-09-05,2,498,1200.0
16697,2026-06-17,1,498,570.0
16698,2026-08-22,3,469,4140.0
16699,2026-08-30,2,380,4200.0
16700,2026-04-14,3,223,3000.0
16701,2026-01-27,2,106,7285.0
16702,2026-04-18,3,495,7460.0
16703,2026-08-09,2,536,2465.0
16704,2026-09-23,1,255,6920.0
16705,2026-08-08,1,100,6942.5
16706,2026-05-30,3,61,9900.0
16707,2026-06-18,3,540,8585.0
16708,2026-09-25,3,116,10800.0
16709,2026-06-23,2,30,2277.5
16710,2026-09-18,1,412,11520.0
16711,2026-08-24,1,173,7800.0
16712,2026-02-04,1,10,2500.0
16713,2026-08-15,1,425,1000.0
16714,2026-08-21,3,594,4361.0
16715,2026-08-01,3,195,3160.0
16716,2026-05-29,1,327,6700.0
16717,2026-04-11,1,282,2650.0
16718,2026-05-24,1,565,7800.0
16719,2026-03-09,3,410,7590.0
16720,2026-01-28,3,144,10800.0
16721,2026-09-04,3,242,2480.0
16722,2026-03-23,1,5,3000.0
16723,2026-04-25,2,332,3500.0
16724,2026-08-01,3,118,1940.0
16725,2026-01-06,1,398,4216.0
16726,2026-09-02,3,131,1200.0
16727,2026-03-23,2,208,7200.0
16728,2026-04-17,3,121,11090.0
16729,2026-06-02,2,203,5500.0
16730,2026-02-12,1,447,660.0
16731,2026-05-03,1,196,800.0
16732,2026-06-08,1,411,7425.0
16733,2026-07-14,1,266,300.0
16734,2026-07-26,2,586,1450.0
16735,2026-06-10,3,334,7804.0
16736,2026-04-20,2,78,8480.0
16737,2026-09-04,2,398,1000.0
16738,2026-08-06,2,424,5470.0
16739,2026-08-16,1,87,400.0
16740,2026-03-26,3,200,5860.0
16741,2026-05-28,1,383,5760.0
16742,2026-01-28,1,576,1620.0
16743,2026-03-01,3,58,3812.5
16744,2026-08-12,3,420,6795.0
16745,2026-04-02,2,286,11780.0
16746,2026-07-04,2,248,840.0
16747,2026-08-03,1,109,1100.0
16748,2026-03-18,1,263,2400.0
16749,2026-06-09,1,310,6400.0
16750,2026-01-06,2,324,4220.0
16751,2026-02-09,1,582,10200.0
16752,2026-03-05,1,205,840.0
16753,2026-09-08,2,496,1470.0
16754,2026-08-13,3,290,8434.0
16755,2026-04-02,1,354,3290.0
16756,2026-07-06,1,387,6750.0
16757,2026-05-13,1,107,4200.0
16758,2026-06-14,1,185,750.0
16759,2026-09-18,3,401,8440.0
16760,2026-03-27,2,114,200.0
16761,2026-01-30,3,245,2700.0
16762,2026-02-13,1,363,6200.0
16763,2026-07-11,1,326,3760.0
16764,2026-08-31,3,489,1600.0
16765,2026-08-31,2,589,7020.0
16766,2026-09-18,3,13,11200.0
16767,2026-09-30,1,597,4880.0
16768,2026-03-02,1,478,3900.0
16769,2026-01-25,2,39,7470.0
16770,2026-06-19,2,4,2340.0
16771,2026-09-09,3,135,12650.0
16772,2026-07-07,1,559,11380.0
16773,2026-04-02,3,242,5000.0
16774,2026-09-15,1,368,10000.0
16775,2026-01-24,3,355,450.0
16776,2026-02-24,2,267,5700.0
16777,2026-04-20,2,156,4400.0
16778,2026-01-25,3,426,4500.0
16779,2026-09-08,2,205,8440.0
16780,2026-05-28,3,437,4700.0
16781,2026-02-11,2,374,4715.0
16782,2026-06-11,2,451,2200.0
16783,2026-04-01,1,542,1200.0
16784,2026-03-02,2,229,4100.0
16785,2026-07-10,3,516,3200.0
16786,2026-09-30,1,487,6360.0
16787,2026-08-28,3,106,5910.0
16788,2026-06-12,3,353,3500.0
16789,2026-01-03,1,589,1500.0
16790,2026-01-10,3,319,6000.0
16791,2026-01-09,2,474,4885.0
16792,2026-08-06,1,394,2500.0
16793,2026-08-28,2,185,3142.0
16794,2026-09-20,2,79,3700.0
16795,2026-09-12,1,196,2900.0
16796,2026-04-20,2,335,5400.0
16797,2026-04-19,2,233,1200.0
16798,2026-08-24,3,85,10700.0
16799,2026-03-27,1,92,5400.0
16800,2026-01-02,3,81,9875.0
16801,2026-05-13,2,264,3000.0
16802,2026-07-28,1,59,3010.0
16803,2026-06-20,3,586,3632.0
16804,2026-01-12,1,306,7190.0
16805,2026-05-04,1,304,8100.0
16806,2026-06-16,3,269,2260.0
16807,2026-02-02,1,395,13400.0
16808,2026-03-14,3,37,9025.0
16809,2026-04-06,3,419,2375.0
16810,2026-07-10,2,363,2500.0
16811,2026-08-16,2,417,3840.0
16812,2026-06-12,2,68,1400.0
16813,2026-02-20,1,142,7380.0
16814,2026-04-30,2,272,2800.0
16815,2026-07-05,3,535,8510.0
16816,2026-06-06,1,183,9676.0
16817,2026-03-16,3,549,7480.0
16818,2026-07-09,3,531,5275.0
16819,2026-04-29,2,489,5400.0
16820,2026-06-14,3,446,8900.0
16821,2026-03-11,3,540,7025.0
16822,2026-01-24,2,237,8600.0
16823,2026-08-15,1,585,3000.0
16824,2026-08-17,2,209,2270.0
16825,2026-01-22,1,231,4040.0
16826,2026-08-31,3,14,5100.0
16827,2026-04-01,1,405,1270.0
16828,2026-03-26,3,521,3575.0
16829,2026-09-15,1,244,6095.0
16830,2026-07-04,3,197,3100.0
16831,2026-04-26,1,550,2845.0
16832,2026-07-19,2,271,7500.0
16833,2026-09-19,1,384,5605.0
16834,2026-01-25,3,18,3600.0
16835,2026-05-02,2,144,5955.0
16836,2026-02-21,1,156,11000.0
16837,2026-02-26,2,259,2785.0
16838,2026-02-28,2,139,8400.0
16839,2026-08-08,1,311,2800.0
16840,2026-06-08,2,327,16600.0
16841,2026-09-05,1,486,4900.0
16842,2026-05-20,2,7,16187.0
16843,2026-03-10,2,517,2076.0
16844,2026-04-28,1,308,7150.0
16845,2026-03-15,2,115,5785.0
16846,2026-01-29,1,388,8840.0
16847,2026-04-30,3,498,7800.0
16848,2026-04-28,2,359,4500.0
16849,2026-04-15,3,359,14500.0
16850,2026-04-19,1,251,4890.0
16851,2026-05-12,1,507,16850.0
16852,2026-02-07,2,456,8900.0
16853,2026-04-14,3,244,5950.0
16854,2026-05-19,2,19,3000.0
16855,2026-05-06,3,124,4800.0
16856,2026-06-21,2,73,5025.0
16857,2026-08-17,1,284,3200.0
16858,2026-03-17,2,311,20080.0
16859,2026-06-07,3,164,16300.0
16860,2026-03-08,2,206,4710.0
16861,2026-06-30,2,244,300.0
16862,2026-08-09,1,270,10310.0
16863,2026-01-11,1,454,3000.0
16864,2026-07-09,1,442,2476.0
16865,2026-06-29,2,475,9590.0
16866,2026-04-21,3,5,3930.0
16867,2026-07-23,2,246,2585.0
16868,2026-07-19,3,151,6200.0
16869,2026-06-24,1,513,9925.0
16870,2026-03-09,3,372,7125.0
16871,2026-05-17,2,482,2960.0
16872,2026-06-03,1,474,3800.0
16873,2026-01-17,3,62,3300.0
16874,2026-07-23,1,492,8505.0
16875,2026-07-12,2,88,8050.0
16876,2026-05-19,3,116,6000.0
16877,2026-06-10,2,80,10450.0
16878,2026-04-03,3,583,300.0
16879,2026-03-21,1,541,750.0
16880,2026-01-21,2,247,7060.0
16881,2026-01-27,2,248,6244.0
16882,2026-01-30,2,382,2135.0
16883,2026-08-11,2,45,1300.0
16884,2026-03-14,3,546,1360.0
16885,2026-07-13,1,460,2700.0
16886,2026-01-03,1,208,570.0
16887,2026-04-02,2,95,675.0
16888,2026-09-16,3,254,9880.0
16889,2026-07-13,1,454,730.0
16890,2026-03-05,1,183,2670.0
16891,2026-04-26,1,101,7800.0
16892,2026-04-30,1,457,3800.0
16893,2026-03-28,2,497,8200.0
16894,2026-09-14,2,575,8325.0
16895,2026-09-22,2,37,240.0
16896,2026-01-04,2,431,3100.0
16897,2026-05-22,3,224,5535.0
16898,2026-05-29,3,477,5661.0
16899,2026-07-23,1,37,8535.0
16900,2026-04-09,2,204,1790.0
16901,2026-08-04,1,171,9500.0
16902,2026-01-06,1,427,1440.0
16903,2026-01-24,2,309,1440.0
16904,2026-05-25,1,348,2800.0
16905,2026-06-11,3,578,16200.0
16906,2026-06-08,3,22,2280.0
16907,2026-07-24,1,313,8480.0
16908,2026-09-05,1,97,3080.0
16909,2026-03-13,1,244,5800.0
16910,2026-01-22,1,108,8900.0
16911,2026-01-24,1,532,6610.0
16912,2026-03-13,1,58,2350.0
16913,2026-04-01,1,304,3540.0
16914,2026-05-10,1,416,6750.0
16915,2026-09-13,2,39,4650.0
16916,2026-09-29,1,388,4180.0
16917,2026-04-05,1,570,3970.0
16918,2026-01-27,2,577,300.0
16919,2026-04-04,2,16,3800.0
16920,2026-07-27,2,75,5810.0
16921,2026-09-26,1,498,9800.0
16922,2026-01-13,1,588,3240.0
16923,2026-06-24,2,593,6950.0
16924,2026-05-29,1,79,4700.0
16925,2026-01-03,1,491,9680.0
16926,2026-02-21,1,293,12830.0
16927,2026-01-18,1,443,5400.0
16928,2026-06-11,3,263,9820.0
16929,2026-01-13,2,286,440.0
16930,2026-05-14,1,351,2350.0
16931,2026-09-27,3,37,3700.0
16932,2026-04-14,2,138,6000.0
16933,2026-09-11,3,556,4500.0
16934,2026-04-01,3,150,1800.0
16935,2026-07-31,1,428,4500.0
16936,2026-01-12,3,591,300.0
16937,2026-04-01,3,245,2200.0
16938,2026-07-15,1,136,4600.0
16939,2026-09-07,2,468,6400.0
16940,2026-07-22,3,157,8300.0
16941,2026-04-15,1,171,2475.0
16942,2026-08-26,3,72,380.0
16943,2026-05-07,2,557,3485.0
16944,2026-05-29,1,33,200.0
16945,2026-03-06,2,180,7310.0
16946,2026-07-09,1,253,1500.0
16947,2026-05-04,2,465,3025.0
16948,2026-07-31,3,291,3580.0
16949,2026-01-16,2,227,5792.5
16950,2026-01-20,1,357,5500.0
16951,2026-06-24,2,325,5550.0
16952,2026-07-29,2,389,2300.0
16953,2026-08-03,3,399,2800.0
16954,2026-03-04,3,172,4650.0
16955,2026-05-01,1,516,5367.5
16956,2026-02-14,3,384,150.0
16957,2026-04-06,3,206,5250.0
16958,2026-03-15,1,383,8600.0
16959,2026-01-15,1,51,12140.0
16960,2026-03-19,2,536,1800.0
16961,2026-08-24,1,428,4340.0
16962,2026-05-21,2,450,9350.0
16963,2026-08-15,1,155,5300.0
16964,2026-08-12,1,339,6300.0
16965,2026-02-24,1,178,7950.0
16966,2026-03-23,2,275,5570.0
16967,2026-06-05,1,341,14700.0
16968,2026-09-12,3,480,9642.5
16969,2026-09-18,1,503,800.0
16970,2026-02-01,3,253,4350.0
16971,2026-02-04,3,434,18075.0
16972,2026-03-22,1,408,7045.0
16973,2026-03-07,3,425,7420.0
16974,2026-06-21,3,237,3870.0
16975,2026-02-22,3,440,9295.0
16976,2026-01-20,1,109,5750.0
16977,2026-03-13,1,465,427.5
16978,2026-05-22,1,81,400.0
16979,2026-07-27,1,187,15950.0
16980,2026-08-14,3,552,4280.0
16981,2026-05-12,2,270,5905.0
16982,2026-05-25,1,75,2100.0
16983,2026-07-16,2,261,3400.0
16984,2026-01-19,3,194,2302.0
16985,2026-09-28,1,212,800.0
16986,2026-07-28,2,600,3640.0
16987,2026-05-26,1,6,10300.0
16988,2026-09-06,1,97,5000.0
16989,2026-08-05,2,33,9180.0
16990,2026-02-04,2,133,1650.0
16991,2026-08-20,3,440,2220.0
16992,2026-04-25,1,420,900.0
16993,2026-07-17,1,43,3025.0
16994,2026-09-21,2,204,5385.0
16995,2026-08-31,3,350,7000.0
16996,2026-05-21,2,23,7550.0
16997,2026-05-02,2,383,1200.0
16998,2026-07-20,1,598,7676.0
16999,2026-04-09,2,116,1740.0
17000,2026-02-24,2,542,800.0
17001,2026-08-20,2,597,8945.0
17002,2026-08-23,3,35,5525.0
17003,2026-05-07,3,91,6860.0
17004,2026-07-07,1,148,9600.0
17005,2026-08-14,2,322,1900.0
17006,2026-03-04,2,418,2700.0
17007,2026-01-13,1,114,2400.0
17008,2026-06-05,2,488,4340.0
17009,2026-09-01,3,228,3300.0
17010,2026-09-01,1,229,11600.0
17011,2026-05-14,2,413,1410.0
17012,2026-07-09,3,258,6400.0
17013,2026-04-23,3,396,4040.0
17014,2026-03-11,3,213,2620.0
17015,2026-02-28,2,245,5615.0
17016,2026-08-12,1,399,2052.5
17017,2026-07-30,1,344,6260.0
17018,2026-06-25,3,461,7500.0
17019,2026-08-10,1,169,4470.0
17020,2026-04-24,3,242,3980.0
17021,2026-03-12,2,393,4840.0
17022,2026-01-31,1,342,10500.0
17023,2026-02-03,1,60,1300.0
17024,2026-03-18,2,290,7190.0
17025,2026-03-18,3,138,1250.0
17026,2026-06-14,1,119,13130.0
17027,2026-07-18,1,576,11405.0
17028,2026-05-27,2,243,6980.0
17029,2026-03-16,3,203,2760.0
17030,2026-03-09,2,228,8710.0
17031,2026-03-04,1,437,3800.0
17032,2026-04-30,1,136,5535.0
17033,2026-07-08,2,554,8027.5
17034,2026-05-11,1,211,2800.0
17035,2026-04-03,3,123,9270.0
17036,2026-09-21,1,111,9200.0
17037,2026-03-13,2,309,10665.0
17038,2026-01-16,3,391,2135.0
17039,2026-02-10,1,79,5400.0
17040,2026-08-08,3,335,10810.0
17041,2026-04-14,3,337,4770.0
17042,2026-01-02,1,500,2950.0
17043,2026-05-01,3,199,3000.0
17044,2026-08-03,1,412,5860.0
17045,2026-06-03,1,474,3610.0
17046,2026-02-22,1,135,11770.0
17047,2026-03-14,1,424,3300.0
17048,2026-03-24,3,62,1050.0
17049,2026-05-14,1,120,200.0
17050,2026-05-29,2,281,3170.0
17051,2026-06-09,1,232,3300.0
17052,2026-03-29,3,583,4860.0
17053,2026-04-20,2,572,5867.5
17054,2026-03-04,2,263,7750.0
17055,2026-02-10,1,40,9065.0
17056,2026-08-28,1,543,3470.0
17057,2026-01-15,3,581,4600.0
17058,2026-03-30,1,174,5020.0
17059,2026-08-04,1,477,10400.0
17060,2026-09-13,3,373,5550.0
17061,2026-06-08,2,327,4600.0
17062,2026-05-01,1,430,5575.0
17063,2026-06-19,2,480,1400.0
17064,2026-06-28,1,283,4744.0
17065,2026-04-10,1,486,3100.0
17066,2026-03-26,3,569,5460.0
17067,2026-02-17,3,572,1700.0
17068,2026-08-12,1,18,4500.0
17069,2026-02-07,2,45,4000.0
17070,2026-05-12,2,461,15900.0
17071,2026-04-22,2,47,4100.0
17072,2026-06-25,1,284,1950.0
17073,2026-02-24,2,316,5470.0
17074,2026-07-18,3,268,2100.0
17075,2026-07-27,1,96,4860.0
17076,2026-03-08,1,243,14125.0
17077,2026-04-20,1,365,5510.0
17078,2026-01-20,2,445,7880.0
17079,2026-08-14,3,156,5100.0
17080,2026-02-04,3,136,1800.0
17081,2026-01-05,2,499,5880.0
17082,2026-05-25,2,287,4300.0
17083,2026-08-14,3,484,6455.0
17084,2026-07-03,1,210,500.0
17085,2026-07-25,1,563,5927.5
17086,2026-02-27,1,163,300.0
17087,2026-02-13,1,326,3925.0
17088,2026-02-19,1,66,4050.0
17089,2026-05-25,2,358,1650.0
17090,2026-05-18,3,111,6270.0
17091,2026-04-24,2,182,6380.0
17092,2026-07-10,1,174,8870.0
17093,2026-08-29,3,518,7825.0
17094,2026-03-09,2,499,3300.0
17095,2026-04-09,1,118,2740.0
17096,2026-03-27,1,157,6200.0
17097,2026-05-09,1,520,2270.0
17098,2026-04-28,1,267,3792.0
17099,2026-06-29,1,102,6215.0
17100,2026-06-09,2,414,3350.0
17101,2026-04-19,2,364,11310.0
17102,2026-09-22,3,389,4860.0
17103,2026-08-28,3,424,7320.0
17104,2026-01-27,3,580,16100.0
17105,2026-02-02,3,87,4170.0
17106,2026-09-14,1,428,7416.0
17107,2026-05-18,2,106,8850.0
17108,2026-02-23,3,330,7950.0
17109,2026-08-13,3,538,1800.0
17110,2026-08-13,2,24,7960.0
17111,2026-02-26,1,264,1400.0
17112,2026-08-15,2,135,4800.0
17113,2026-07-23,2,309,7650.0
17114,2026-09-16,1,231,2400.0
17115,2026-04-22,3,13,8800.0
17116,2026-01-24,1,335,7250.0
17117,2026-08-18,3,218,6900.0
17118,2026-05-09,2,108,4100.0
17119,2026-02-11,1,549,2840.0
17120,2026-09-15,3,119,2630.0
17121,2026-06-15,3,446,4900.0
17122,2026-02-08,3,189,2480.0
17123,2026-07-11,3,224,5725.0
17124,2026-03-03,1,542,750.0
17125,2026-02-17,3,1,2370.0
17126,2026-05-28,2,61,10000.0
17127,2026-03-28,2,182,5727.5
17128,2026-07-23,1,72,1500.0
17129,2026-02-07,1,209,285.0
17130,2026-06-01,2,45,2600.0
17131,2026-07-24,2,130,9850.0
17132,2026-09-10,2,21,10990.0
17133,2026-06-30,1,52,180.0
17134,2026-05-06,1,500,4500.0
17135,2026-03-20,1,339,3600.0
17136,2026-06-11,3,372,1192.5
17137,2026-03-06,3,314,4800.0
17138,2026-03-18,1,408,9400.0
17139,2026-09-28,1,233,6630.0
17140,2026-04-29,3,469,7880.0
17141,2026-04-20,2,396,5250.0
17142,2026-07-26,2,522,5400.0
17143,2026-08-22,2,114,3720.0
17144,2026-01-06,3,145,3090.0
17145,2026-01-13,2,326,1966.5
17146,2026-09-28,3,379,5750.0
17147,2026-08-30,1,174,160.0
17148,2026-07-16,3,135,2900.0
17149,2026-05-02,1,561,8510.0
17150,2026-08-24,2,490,5900.0
17151,2026-01-14,3,50,6500.0
17152,2026-04-23,2,230,3540.0
17153,2026-05-17,1,355,3670.0
17154,2026-08-27,1,180,80.0
17155,2026-06-12,1,299,2200.0
17156,2026-01-23,2,362,4800.0
17157,2026-08-18,2,587,5800.0
17158,2026-04-10,1,476,3300.0
17159,2026-01-07,2,505,5030.0
17160,2026-09-10,2,474,5685.0
17161,2026-06-19,3,560,14400.0
17162,2026-05-07,1,470,2500.0
17163,2026-01-14,1,544,8700.0
17164,2026-03-17,3,459,3700.0
17165,2026-03-24,3,138,6430.0
17166,2026-02-17,1,69,2913.0
17167,2026-08-23,3,262,442.5
17168,2026-01-12,2,1,1600.0
17169,2026-07-17,1,379,3600.0
17170,2026-03-12,1,441,1100.0
17171,2026-09-30,1,201,2460.0
17172,2026-09-15,2,98,10400.0
17173,2026-02-27,1,326,2420.0
17174,2026-06-12,1,360,4660.0
17175,2026-07-31,3,486,450.0
17176,2026-09-28,2,504,2300.0
17177,2026-09-10,3,544,4400.0
17178,2026-04-11,3,544,6950.0
17179,2026-01-27,3,385,11560.0
17180,2026-09-23,2,400,1300.0
17181,2026-04-22,1,269,1700.0
17182,2026-04-17,1,286,2100.0
17183,2026-08-24,1,287,12195.0
17184,2026-06-26,2,265,8600.0
17185,2026-06-27,2,207,4040.0
17186,2026-08-19,2,297,7920.0
17187,2026-04-13,1,400,3820.0
17188,2026-05-05,3,263,4335.0
17189,2026-04-30,3,304,1980.0
17190,2026-03-29,2,34,605.0
17191,2026-02-20,1,126,9600.0
17192,2026-05-05,1,415,4130.0
17193,2026-09-03,3,555,380.0
17194,2026-09-11,1,461,2535.0
17195,2026-08-03,1,160,500.0
17196,2026-07-22,3,196,3000.0
17197,2026-01-13,1,182,400.0
17198,2026-08-07,2,149,2090.0
17199,2026-01-15,1,214,2860.0
17200,2026-05-15,3,198,1700.0
17201,2026-09-16,2,277,6372.0
17202,2026-02-02,2,183,2960.0
17203,2026-02-22,1,478,8300.0
17204,2026-03-21,2,47,5737.5
17205,2026-03-12,2,533,2340.0
17206,2026-03-06,1,300,7980.0
17207,2026-08-30,3,515,2550.0
17208,2026-01-16,1,292,3780.0
17209,2026-08-26,2,220,200.0
17210,2026-06-14,1,417,7320.0
17211,2026-03-27,2,331,4870.0
17212,2026-09-08,3,596,560.0
17213,2026-08-09,1,70,6300.0
17214,2026-03-12,1,530,1500.0
17215,2026-09-15,2,116,7900.0
17216,2026-07-22,1,425,1800.0
17217,2026-05-19,1,136,1370.0
17218,2026-02-23,2,428,3200.0
17219,2026-04-29,1,54,580.0
17220,2026-08-16,1,236,970.0
17221,2026-08-16,3,28,10560.0
17222,2026-03-11,2,587,11550.0
17223,2026-07-28,1,586,3700.0
17224,2026-05-31,2,407,1680.0
17225,2026-04-27,1,495,1710.0
17226,2026-04-25,2,177,5970.0
17227,2026-08-24,2,127,2860.0
17228,2026-02-11,2,468,4180.0
17229,2026-02-12,1,176,5550.0
17230,2026-02-06,1,38,3330.0
17231,2026-07-04,1,63,7312.5
17232,2026-08-27,3,429,7325.0
17233,2026-06-23,1,359,4300.0
17234,2026-02-08,1,458,4372.5
17235,2026-06-01,3,553,2740.0
17236,2026-01-26,3,309,300.0
17237,2026-01-02,3,539,6600.0
17238,2026-08-29,3,545,5890.0
17239,2026-06-04,2,180,2960.0
17240,2026-04-26,1,43,3495.0
17241,2026-06-11,1,335,3000.0
17242,2026-09-06,1,261,2625.0
17243,2026-01-12,1,336,4620.0
17244,2026-07-06,3,270,7900.0
17245,2026-09-15,2,355,6100.0
17246,2026-04-01,2,287,9300.0
17247,2026-09-07,3,582,6300.0
17248,2026-09-09,1,315,3670.0
17249,2026-08-01,1,594,9500.0
17250,2026-04-12,2,577,1235.0
17251,2026-03-25,2,252,3490.0
17252,2026-08-20,3,24,4300.0
17253,2026-09-10,2,549,1176.0
17254,2026-08-29,2,37,1200.0
17255,2026-07-29,2,120,8130.0
17256,2026-06-26,3,585,100.0
17257,2026-09-05,1,242,12100.0
17258,2026-04-02,2,268,5000.0
17259,2026-08-07,1,29,7776.0
17260,2026-04-09,1,386,3500.0
17261,2026-09-28,3,411,7650.0
17262,2026-05-04,3,186,2470.0
17263,2026-06-17,1,139,680.0
17264,2026-08-29,2,585,3000.0
17265,2026-05-19,1,233,6300.0
17266,2026-05-09,1,543,995.0
17267,2026-06-21,2,593,500.0
17268,2026-03-26,2,118,2035.0
17269,2026-01-22,1,413,15155.0
17270,2026-03-22,3,531,4400.0
17271,2026-04-26,2,440,5580.0
17272,2026-05-29,1,301,800.0
17273,2026-03-12,2,99,8167.5
17274,2026-05-06,1,307,840.0
17275,2026-07-17,3,578,2560.0
17276,2026-05-07,2,180,6600.0
17277,2026-05-30,2,324,5716.0
17278,2026-02-07,3,485,3450.0
17279,2026-06-17,3,387,4106.0
17280,2026-09-27,3,172,7300.0
17281,2026-05-25,2,544,1800.0
17282,2026-08-03,3,577,6000.0
17283,2026-06-15,1,357,6440.0
17284,2026-09-11,1,184,3440.0
17285,2026-05-22,1,478,5800.0
17286,2026-05-07,3,342,1200.0
17287,2026-08-15,3,474,4500.0
17288,2026-02-06,1,507,2600.0
17289,2026-05-24,1,278,10400.0
17290,2026-09-02,3,150,2350.0
17291,2026-01-18,2,208,9500.0
17292,2026-02-25,1,272,7080.0
17293,2026-03-27,1,496,5552.0
17294,2026-09-07,1,78,6195.0
17295,2026-06-29,2,303,2580.0
17296,2026-07-22,1,506,3720.0
17297,2026-04-23,3,453,7700.0
17298,2026-01-10,3,60,4920.0
17299,2026-01-04,1,89,1000.0
17300,2026-01-18,2,571,2640.0
17301,2026-09-13,3,196,3376.0
17302,2026-09-22,3,166,9080.0
17303,2026-05-17,2,206,6000.0
17304,2026-08-20,1,261,2560.0
17305,2026-03-09,1,60,3060.0
17306,2026-07-08,3,418,2835.0
17307,2026-04-13,2,422,2790.0
17308,2026-09-12,1,16,5040.0
17309,2026-05-04,3,526,14405.0
17310,2026-07-18,3,251,1500.0
17311,2026-04-29,3,575,9440.0
17312,2026-06-11,2,282,5140.0
17313,2026-02-15,1,410,5000.0
17314,2026-01-01,2,274,560.0
17315,2026-04-12,3,72,7800.0
17316,2026-09-03,3,516,3100.0
17317,2026-03-26,2,122,4300.0
17318,2026-06-30,3,117,3440.0
17319,2026-02-27,1,389,10425.0
17320,2026-05-24,2,387,4240.0
17321,2026-08-07,2,351,4700.0
17322,2026-05-01,3,74,4890.0
17323,2026-04-05,1,137,1710.0
17324,2026-01-01,1,208,8210.0
17325,2026-08-12,3,169,5960.0
17326,2026-07-06,2,297,2600.0
17327,2026-05-05,2,394,540.0
17328,2026-06-19,2,57,4970.0
17329,2026-04-12,1,64,3270.0
17330,2026-07-29,2,340,9500.0
17331,2026-02-12,3,268,1280.0
17332,2026-08-01,2,399,8430.0
17333,2026-09-21,1,182,5080.0
17334,2026-03-11,2,201,8595.0
17335,2026-07-10,2,35,3276.0
17336,2026-04-18,1,114,3050.0
17337,2026-06-28,2,582,1800.0
17338,2026-02-23,1,589,11195.0
17339,2026-08-29,3,21,1900.0
17340,2026-06-07,1,421,6770.0
17341,2026-07-29,1,394,5000.0
17342,2026-04-02,1,239,9680.0
17343,2026-06-14,2,513,11900.0
17344,2026-06-26,1,443,905.0
17345,2026-01-28,1,510,2010.0
17346,2026-05-16,2,248,2800.0
17347,2026-01-29,2,232,3230.0
17348,2026-05-23,1,191,3360.0
17349,2026-08-14,3,133,4275.0
17350,2026-05-06,1,45,1960.0
17351,2026-07-04,2,253,676.0
17352,2026-07-09,1,133,6000.0
17353,2026-06-22,1,451,2520.0
17354,2026-08-28,2,134,5700.0
17355,2026-02-24,1,437,5520.0
17356,2026-07-30,3,490,3150.0
17357,2026-05-10,1,469,1600.0
17358,2026-01-21,1,138,9420.0
17359,2026-05-07,1,411,3300.0
17360,2026-01-24,2,388,5700.0
17361,2026-02-22,1,25,5975.0
17362,2026-01-04,1,133,1027.5
17363,2026-03-07,1,99,5250.0
17364,2026-02-13,3,55,12350.0
17365,2026-06-14,3,25,1330.0
17366,2026-06-10,2,416,300.0
17367,2026-05-15,2,82,3970.0
17368,2026-04-04,3,557,2100.0
17369,2026-03-26,1,48,380.0
17370,2026-04-30,1,514,800.0
17371,2026-09-21,3,72,5010.0
17372,2026-07-13,1,93,2590.0
17373,2026-06-04,2,199,7430.0
17374,2026-08-31,3,404,400.0
17375,2026-04-26,2,10,300.0
17376,2026-01-01,3,296,8985.0
17377,2026-04-27,3,233,5900.0
17378,2026-05-24,1,597,300.0
17379,2026-01-27,2,389,9000.0
17380,2026-08-07,3,337,3900.0
17381,2026-07-24,2,218,10950.0
17382,2026-07-31,1,178,4100.0
17383,2026-09-16,2,572,1585.0
17384,2026-07-29,1,507,1740.0
17385,2026-07-01,1,99,3500.0
17386,2026-05-05,3,530,1800.0
17387,2026-04-21,1,226,5690.0
17388,2026-06-28,1,59,2300.0
17389,2026-04-15,1,299,1390.0
17390,2026-02-25,2,381,5285.0
17391,2026-04-09,3,517,1340.0
17392,2026-07-27,1,564,9300.0
17393,2026-05-20,2,211,900.0
17394,2026-07-14,1,280,11200.0
17395,2026-07-25,1,345,3000.0
17396,2026-07-07,2,180,3890.0
17397,2026-07-01,2,319,372.0
17398,2026-01-31,1,226,6600.0
17399,2026-08-09,2,280,10000.0
17400,2026-02-18,2,426,2820.0
17401,2026-08-10,2,425,7840.0
17402,2026-06-04,3,340,1950.0
17403,2026-03-31,2,387,300.0
17404,2026-06-19,3,417,1900.0
17405,2026-03-10,1,429,2500.0
17406,2026-02-25,1,16,3625.0
17407,2026-06-21,3,344,2490.0
17408,2026-07-01,1,579,7975.0
17409,2026-06-14,1,190,7690.0
17410,2026-04-19,1,214,10700.0
17411,2026-08-09,3,122,5580.0
17412,2026-05-02,2,378,12666.0
17413,2026-06-16,3,255,1900.0
17414,2026-07-19,2,448,300.0
17415,2026-05-26,2,579,4950.0
17416,2026-08-17,1,66,5700.0
17417,2026-02-07,2,182,3640.0
17418,2026-04-29,3,225,6900.0
17419,2026-06-11,2,49,5305.0
17420,2026-04-25,1,88,5590.0
17421,2026-03-24,3,451,855.0
17422,2026-04-03,2,191,142.5
17423,2026-09-20,1,411,2500.0
17424,2026-01-19,3,522,6240.0
17425,2026-06-10,1,484,6450.0
17426,2026-05-29,3,535,8800.0
17427,2026-06-20,1,120,1378.0
17428,2026-09-30,3,100,10940.0
17429,2026-08-09,3,143,2422.5
17430,2026-05-30,3,227,7757.5
17431,2026-09-16,3,378,4047.0
17432,2026-07-19,2,417,5270.0
17433,2026-05-24,2,461,7400.0
17434,2026-01-19,1,541,2310.0
17435,2026-07-06,2,1,2240.0
17436,2026-03-18,3,582,3990.0
17437,2026-07-08,2,522,6850.0
17438,2026-03-03,3,468,6530.0
17439,2026-09-06,1,156,4320.0
17440,2026-08-07,3,469,2990.0
17441,2026-07-26,1,370,5740.0
17442,2026-06-22,1,196,2400.0
17443,2026-06-18,1,562,10960.0
17444,2026-05-03,2,586,4020.0
17445,2026-09-12,3,80,600.0
17446,2026-05-18,2,347,6605.0
17447,2026-01-02,3,317,7190.0
17448,2026-02-01,1,175,3880.0
17449,2026-06-22,3,361,3900.0
17450,2026-08-28,2,397,8100.0
17451,2026-07-07,1,199,3000.0
17452,2026-09-25,3,241,6080.0
17453,2026-04-14,1,386,6300.0
17454,2026-08-03,2,133,500.0
17455,2026-03-15,3,58,14347.5
17456,2026-04-28,2,324,7335.0
17457,2026-02-13,1,108,6020.0
17458,2026-06-05,3,550,8490.0
17459,2026-08-05,1,312,150.0
17460,2026-06-02,2,4,800.0
17461,2026-09-25,3,174,8895.0
17462,2026-06-08,2,203,12100.0
17463,2026-04-24,3,510,6520.0
17464,2026-07-21,1,496,3800.0
17465,2026-08-21,2,373,5880.0
17466,2026-07-31,3,358,800.0
17467,2026-04-15,3,19,4380.0
17468,2026-08-02,1,244,14450.0
17469,2026-01-09,3,340,10644.0
17470,2026-05-12,2,295,8977.5
17471,2026-01-17,2,592,8300.0
17472,2026-05-31,1,364,3510.0
17473,2026-01-03,2,328,4750.0
17474,2026-06-05,2,158,8100.0
17475,2026-06-06,1,234,4650.0
17476,2026-04-16,1,138,4370.0
17477,2026-06-15,2,127,5280.0
17478,2026-06-22,2,510,7200.0
17479,2026-04-19,3,139,3960.0
17480,2026-01-03,1,511,1440.0
17481,2026-04-25,1,268,6010.0
17482,2026-05-30,1,55,7080.0
17483,2026-08-28,3,55,2478.0
17484,2026-02-05,1,445,4000.0
17485,2026-04-26,3,259,3940.0
17486,2026-03-08,1,47,6600.0
17487,2026-05-10,1,100,2360.0
17488,2026-04-07,2,88,500.0
17489,2026-06-21,3,152,7200.0
17490,2026-05-04,1,185,300.0
17491,2026-02-17,2,332,6100.0
17492,2026-09-29,1,275,3745.0
17493,2026-08-13,1,540,4050.0
17494,2026-02-28,1,300,1005.0
17495,2026-05-25,1,443,7200.0
17496,2026-05-06,2,23,300.0
17497,2026-05-02,3,377,6650.0
17498,2026-03-12,2,239,7000.0
17499,2026-05-11,2,353,4700.0
17500,2026-06-09,3,197,1870.0
17501,2026-05-11,2,482,3800.0
17502,2026-02-17,1,596,5400.0
17503,2026-01-22,1,541,1950.0
17504,2026-02-12,1,273,4800.0
17505,2026-09-17,2,143,9500.0
17506,2026-04-21,2,589,12785.0
17507,2026-08-25,1,33,1825.0
17508,2026-09-26,2,171,8080.0
17509,2026-06-11,3,521,5805.0
17510,2026-09-17,3,186,8780.0
17511,2026-03-23,1,175,450.0
17512,2026-09-17,2,574,6287.5
17513,2026-03-06,2,484,600.0
17514,2026-03-08,2,568,5923.0
17515,2026-09-21,1,394,3960.0
17516,2026-09-28,1,521,4300.0
17517,2026-05-29,2,344,1350.0
17518,2026-02-03,1,449,742.0
17519,2026-01-23,2,166,100.0
17520,2026-01-21,2,284,2100.0
17521,2026-05-15,3,191,5800.0
17522,2026-05-12,2,552,6360.0
17523,2026-04-28,3,472,2544.0
17524,2026-09-30,2,60,4100.0
17525,2026-05-13,1,476,5100.0
17526,2026-06-18,2,424,3200.0
17527,2026-07-25,3,223,285.0
17528,2026-05-21,2,238,3550.0
17529,2026-08-27,1,62,14820.0
17530,2026-09-03,1,371,7280.0
17531,2026-09-02,1,183,4000.0
17532,2026-07-29,2,216,12435.0
17533,2026-08-21,3,358,8800.0
17534,2026-04-17,1,412,14340.0
17535,2026-02-17,3,95,12770.0
17536,2026-09-19,3,253,3660.0
17537,2026-07-11,3,72,4000.0
17538,2026-06-17,2,530,7200.0
17539,2026-07-27,3,20,3700.0
17540,2026-03-15,2,279,4655.0
17541,2026-08-23,2,199,7110.0
17542,2026-09-04,1,237,980.0
17543,2026-01-30,1,404,500.0
17544,2026-04-22,3,187,2500.0
17545,2026-03-19,1,14,10630.0
17546,2026-03-31,1,493,900.0
17547,2026-03-31,2,258,3400.0
17548,2026-02-16,2,558,6200.0
17549,2026-02-12,3,372,7760.0
17550,2026-06-23,1,41,4500.0
17551,2026-03-05,1,137,11700.0
17552,2026-09-13,2,30,1320.0
17553,2026-02-27,2,268,9390.0
17554,2026-01-25,3,311,2900.0
17555,2026-07-11,3,288,4695.0
17556,2026-06-13,1,368,3350.0
17557,2026-04-17,3,13,7750.0
17558,2026-05-29,1,7,4525.0
17559,2026-05-24,1,487,3600.0
17560,2026-03-07,2,411,1200.0
17561,2026-04-16,2,556,8330.0
17562,2026-07-20,2,119,4800.0
17563,2026-02-26,1,475,5800.0
17564,2026-01-12,1,13,100.0
17565,2026-01-04,3,174,1250.0
17566,2026-06-16,1,263,8280.0
17567,2026-04-07,3,474,160.0
17568,2026-04-02,1,249,5600.0
17569,2026-05-08,1,179,610.0
17570,2026-07-03,1,233,3500.0
17571,2026-03-16,2,546,4855.0
17572,2026-01-27,3,411,840.0
17573,2026-04-25,3,435,10660.0
17574,2026-07-09,3,542,11300.0
17575,2026-02-16,1,395,7990.0
17576,2026-06-29,1,482,600.0
17577,2026-04-06,3,127,4350.0
17578,2026-01-04,2,534,8735.0
17579,2026-09-28,1,51,2560.0
17580,2026-04-22,1,400,4185.0
17581,2026-04-20,2,9,12580.0
17582,2026-08-19,2,28,10950.0
17583,2026-07-07,2,488,4400.0
17584,2026-02-16,1,97,1727.5
17585,2026-03-25,3,419,10545.0
17586,2026-01-23,1,184,5575.0
17587,2026-01-06,1,308,300.0
17588,2026-05-08,3,150,8500.0
17589,2026-09-24,1,334,5200.0
17590,2026-09-16,1,290,2230.0
17591,2026-08-07,1,52,4130.0
17592,2026-06-02,1,217,15000.0
17593,2026-01-10,1,293,12200.0
17594,2026-04-08,2,206,1400.0
17595,2026-08-18,1,263,1350.0
17596,2026-06-21,1,142,4870.0
17597,2026-01-09,2,128,2455.0
17598,2026-04-20,1,374,996.0
17599,2026-02-22,1,230,4800.0
17600,2026-07-26,1,232,2800.0
17601,2026-02-07,3,293,4885.0
17602,2026-01-07,1,42,2750.0
17603,2026-01-14,1,4,8540.0
17604,2026-04-13,2,97,1055.0
17605,2026-06-15,1,49,2880.0
17606,2026-06-19,2,143,9220.0
17607,2026-03-30,3,121,5780.0
17608,2026-06-05,1,132,4400.0
17609,2026-06-04,2,322,8740.0
17610,2026-09-02,1,390,8600.0
17611,2026-07-13,2,538,9665.0
17612,2026-06-09,3,124,6870.0
17613,2026-04-14,1,395,7580.0
17614,2026-03-15,2,135,3890.0
17615,2026-04-26,3,48,2435.0
17616,2026-09-21,2,83,2780.0
17617,2026-05-09,2,105,3746.0
17618,2026-03-26,1,194,6635.0
17619,2026-08-13,3,55,11160.0
17620,2026-03-06,2,175,3765.0
17621,2026-03-04,3,502,4800.0
17622,2026-08-08,1,469,2210.0
17623,2026-01-09,1,76,4505.0
17624,2026-04-16,1,448,6100.0
17625,2026-01-18,1,107,4140.0
17626,2026-02-24,1,348,6800.0
17627,2026-05-30,2,224,6380.0
17628,2026-01-07,3,296,4575.0
17629,2026-03-17,1,254,10690.0
17630,2026-04-15,2,399,340.0
17631,2026-04-24,1,321,3853.0
17632,2026-01-15,3,587,10200.0
17633,2026-08-18,3,188,4500.0
17634,2026-01-07,2,558,4495.0
17635,2026-03-22,3,353,13600.0
17636,2026-04-03,1,566,5500.0
17637,2026-02-21,1,147,2790.0
17638,2026-03-10,1,341,1880.0
17639,2026-01-28,3,221,7990.0
17640,2026-03-14,3,448,785.0
17641,2026-03-21,3,484,932.0
17642,2026-03-27,3,265,6742.5
17643,2026-06-18,2,152,260.0
17644,2026-02-17,2,372,5275.0
17645,2026-02-14,2,211,3300.0
17646,2026-02-28,2,410,2080.0
17647,2026-02-12,2,85,8580.0
17648,2026-06-06,3,98,4060.0
17649,2026-07-18,3,79,3500.0
17650,2026-04-18,1,230,12900.0
17651,2026-06-19,1,488,2370.0
17652,2026-07-21,3,465,1600.0
17653,2026-06-30,1,559,5085.0
17654,2026-04-08,1,434,1430.0
17655,2026-08-27,1,260,11530.0
17656,2026-09-20,3,378,7585.0
17657,2026-03-10,3,368,3600.0
17658,2026-07-29,2,440,9895.0
17659,2026-03-16,1,182,9025.0
17660,2026-09-23,1,409,5200.0
17661,2026-09-27,3,492,3300.0
17662,2026-07-04,1,135,5125.0
17663,2026-09-16,3,64,1476.0
17664,2026-05-23,1,271,4965.0
17665,2026-03-03,3,422,6052.0
17666,2026-03-06,3,472,2140.0
17667,2026-05-03,1,411,6400.0
17668,2026-09-23,1,81,4900.0
17669,2026-02-08,2,598,6980.0
17670,2026-04-01,3,178,2840.0
17671,2026-06-06,1,359,3050.0
17672,2026-08-08,1,189,6360.0
17673,2026-01-12,3,131,3900.0
17674,2026-09-16,2,415,14142.5
17675,2026-03-18,2,22,2260.0
17676,2026-03-09,1,517,4575.0
17677,2026-07-16,3,367,1520.0
17678,2026-01-08,2,361,9500.0
17679,2026-04-04,1,421,950.0
17680,2026-07-18,1,328,7360.0
17681,2026-02-25,1,204,7630.0
17682,2026-03-03,3,369,76.0
17683,2026-02-12,2,570,9076.0
17684,2026-08-13,3,313,1500.0
17685,2026-02-13,2,426,3800.0
17686,2026-05-13,1,507,1760.0
17687,2026-08-04,3,446,6145.0
17688,2026-06-03,3,476,13700.0
17689,2026-09-05,2,274,9600.0
17690,2026-06-18,3,255,5617.5
17691,2026-04-22,2,192,4700.0
17692,2026-01-20,1,187,10340.0
17693,2026-01-16,3,438,13000.0
17694,2026-02-16,3,300,2000.0
17695,2026-07-26,3,339,7600.0
17696,2026-09-30,2,91,542.5
17697,2026-08-24,2,495,4842.0
17698,2026-09-21,3,280,10310.0
17699,2026-08-20,2,58,15700.0
17700,2026-08-22,2,85,8300.0
17701,2026-08-09,1,380,2131.0
17702,2026-05-16,1,411,2600.0
17703,2026-07-17,1,550,7400.0
17704,2026-03-18,1,468,3080.0
17705,2026-06-03,2,293,2150.0
17706,2026-07-31,2,366,2390.0
17707,2026-09-06,3,458,10850.0
17708,2026-09-21,1,365,6890.0
17709,2026-08-17,2,150,1380.0
17710,2026-08-04,2,333,4005.0
17711,2026-09-19,3,330,385.0
17712,2026-05-03,2,531,1440.0
17713,2026-01-18,1,518,2400.0
17714,2026-06-07,2,199,7052.0
17715,2026-06-23,1,501,5180.0
17716,2026-07-21,1,220,8750.0
17717,2026-01-01,2,43,1740.0
17718,2026-04-09,1,242,4280.0
17719,2026-01-13,2,8,3910.0
17720,2026-07-18,2,366,4100.0
17721,2026-01-29,2,140,6900.0
17722,2026-01-26,1,438,7827.5
17723,2026-06-28,3,29,6500.0
17724,2026-03-28,1,495,3160.0
17725,2026-08-17,3,435,3640.0
17726,2026-06-02,3,17,3335.0
17727,2026-01-15,1,264,2500.0
17728,2026-01-09,1,597,5700.0
17729,2026-04-10,1,250,5380.0
17730,2026-06-01,2,434,4400.0
17731,2026-01-17,3,186,1200.0
17732,2026-05-25,3,407,13800.0
17733,2026-06-18,3,130,10166.0
17734,2026-06-29,1,567,8855.0
17735,2026-05-21,1,376,2360.0
17736,2026-03-31,1,113,8400.0
17737,2026-01-12,2,427,300.0
17738,2026-04-03,3,458,5840.0
17739,2026-08-16,3,390,990.0
17740,2026-09-05,1,199,3720.0
17741,2026-03-08,3,311,6600.0
17742,2026-07-03,1,75,7200.0
17743,2026-01-13,1,368,4660.0
17744,2026-05-08,1,56,6525.0
17745,2026-09-19,3,587,4580.0
17746,2026-06-19,1,159,6800.0
17747,2026-03-05,3,218,4140.0
17748,2026-03-05,2,424,3520.0
17749,2026-09-18,2,230,5185.0
17750,2026-05-02,2,458,5670.0
17751,2026-05-18,2,186,1585.0
17752,2026-05-10,1,223,8900.0
17753,2026-01-31,2,275,4935.0
17754,2026-01-30,1,214,200.0
17755,2026-05-18,2,52,2210.0
17756,2026-02-07,1,560,400.0
17757,2026-05-15,1,542,6460.0
17758,2026-07-20,2,302,1500.0
17759,2026-02-16,3,279,3700.0
17760,2026-09-06,3,88,1000.0
17761,2026-03-14,3,23,10215.0
17762,2026-04-11,2,139,6900.0
17763,2026-07-10,1,98,8760.0
17764,2026-06-28,2,103,7550.0
17765,2026-04-30,1,491,7360.0
17766,2026-06-20,2,327,800.0
17767,2026-06-15,2,28,5370.0
17768,2026-06-06,1,107,11025.0
17769,2026-07-21,3,303,3410.0
17770,2026-02-19,3,564,875.0
17771,2026-03-22,1,219,6360.0
17772,2026-03-19,1,59,6470.0
17773,2026-09-05,2,382,4100.0
17774,2026-07-16,1,85,7900.0
17775,2026-03-09,1,170,13400.0
17776,2026-08-31,1,69,6170.0
17777,2026-08-23,1,262,5000.0
17778,2026-04-08,2,396,5750.0
17779,2026-04-02,3,146,2970.0
17780,2026-05-27,3,357,9300.0
17781,2026-07-09,1,409,8120.0
17782,2026-07-28,2,389,4380.0
17783,2026-05-10,1,169,2800.0
17784,2026-01-04,2,376,2000.0
17785,2026-09-17,1,41,4500.0
17786,2026-04-16,1,593,242.5
17787,2026-04-04,3,8,8800.0
17788,2026-07-15,2,232,1800.0
17789,2026-09-17,3,93,7870.0
17790,2026-06-29,3,344,5840.0
17791,2026-06-27,1,543,5524.0
17792,2026-09-21,3,479,2900.0
17793,2026-04-30,1,283,3600.0
17794,2026-05-23,1,262,3950.0
17795,2026-02-05,2,160,9455.0
17796,2026-08-18,3,106,1650.0
17797,2026-02-24,2,409,2680.0
17798,2026-08-27,2,423,9050.0
17799,2026-01-13,2,168,4975.0
17800,2026-05-31,1,510,12700.0
17801,2026-09-30,1,189,5425.0
17802,2026-05-05,1,234,3080.0
17803,2026-04-10,1,543,9000.0
17804,2026-01-16,3,361,3966.0
17805,2026-03-24,1,185,7780.0
17806,2026-01-19,1,112,990.0
17807,2026-09-01,3,568,7500.0
17808,2026-06-08,2,177,1100.0
17809,2026-07-09,1,80,1892.5
17810,2026-07-08,2,367,10600.0
17811,2026-09-23,3,180,1305.0
17812,2026-04-05,1,382,1285.0
17813,2026-08-11,1,520,1750.0
17814,2026-02-19,3,600,9000.0
17815,2026-07-15,2,541,5800.0
17816,2026-06-02,2,188,7970.0
17817,2026-03-30,2,224,300.0
17818,2026-01-31,2,587,2300.0
17819,2026-03-12,2,525,12921.0
17820,2026-03-19,1,212,7190.0
17821,2026-06-10,3,317,11600.0
17822,2026-03-07,2,298,14390.0
17823,2026-09-13,2,433,300.0
17824,2026-08-12,2,158,9990.0
17825,2026-08-23,3,558,1452.0
17826,2026-04-02,2,12,1500.0
17827,2026-05-10,2,318,6100.0
17828,2026-08-07,1,35,6200.0
17829,2026-07-20,2,283,6390.0
17830,2026-09-17,2,398,570.0
17831,2026-07-13,1,465,2200.0
17832,2026-07-31,1,533,2000.0
17833,2026-09-26,2,99,4000.0
17834,2026-09-25,2,520,3160.0
17835,2026-04-13,1,327,10370.0
17836,2026-04-12,3,506,8400.0
17837,2026-01-18,1,161,9400.0
17838,2026-01-04,2,23,9970.0
17839,2026-09-11,1,563,8130.0
17840,2026-09-09,2,241,3145.0
17841,2026-05-07,3,347,8100.0
17842,2026-01-22,2,32,2700.0
17843,2026-08-17,2,229,5700.0
17844,2026-02-16,2,324,1880.0
17845,2026-06-10,2,9,5600.0
17846,2026-05-20,1,411,4100.0
17847,2026-09-19,3,537,5710.0
17848,2026-07-02,1,600,5735.0
17849,2026-08-19,3,563,15045.0
17850,2026-08-24,1,404,2500.0
17851,2026-08-31,2,79,7300.0
17852,2026-02-04,1,287,12140.0
17853,2026-03-20,3,280,3040.0
17854,2026-04-03,3,34,2903.0
17855,2026-03-05,3,538,6510.0
17856,2026-05-23,3,495,2840.0
17857,2026-04-13,1,532,3110.0
17858,2026-08-31,1,62,4855.0
17859,2026-08-03,3,4,1485.0
17860,2026-07-03,1,154,12550.0
17861,2026-03-10,3,370,1255.0
17862,2026-01-15,3,496,8655.0
17863,2026-05-03,2,523,7270.0
17864,2026-04-14,3,465,395.0
17865,2026-02-18,2,289,1200.0
17866,2026-02-18,1,101,600.0
17867,2026-05-15,3,115,3340.0
17868,2026-07-19,2,213,7300.0
17869,2026-07-16,3,532,600.0
17870,2026-07-05,1,365,240.0
17871,2026-01-23,2,269,7700.0
17872,2026-01-31,1,466,5025.0
17873,2026-01-28,1,73,10980.0
17874,2026-05-07,3,108,2840.0
17875,2026-05-19,2,472,8980.0
17876,2026-09-09,3,212,10030.0
17877,2026-08-10,1,135,1200.0
17878,2026-02-11,1,212,2180.0
17879,2026-02-05,2,153,3150.0
17880,2026-07-17,2,102,1400.0
17881,2026-06-30,1,154,300.0
17882,2026-07-23,3,383,7080.0
17883,2026-01-03,1,370,3700.0
17884,2026-05-30,1,383,4800.0
17885,2026-08-26,2,258,1950.0
17886,2026-03-23,2,234,887.5
17887,2026-04-26,3,453,2100.0
17888,2026-02-01,2,553,6931.0
17889,2026-06-19,2,460,100.0
17890,2026-07-01,2,426,5990.0
17891,2026-06-07,1,286,13755.0
17892,2026-07-31,1,306,10100.0
17893,2026-02-12,1,251,5345.0
17894,2026-01-26,2,534,760.0
17895,2026-09-04,1,241,1050.0
17896,2026-05-08,3,384,5353.0
17897,2026-09-24,3,476,5935.0
17898,2026-08-01,1,259,3040.0
17899,2026-05-07,3,225,6350.0
17900,2026-05-01,1,374,3800.0
17901,2026-04-16,2,178,6300.0
17902,2026-08-22,2,242,4660.0
17903,2026-03-28,2,168,2227.5
17904,2026-04-28,1,216,6550.0
17905,2026-04-06,1,335,1435.0
17906,2026-05-15,2,80,8150.0
17907,2026-07-17,2,311,13880.0
17908,2026-02-17,1,215,6350.0
17909,2026-07-10,1,375,2150.0
17910,2026-03-09,3,253,2150.0
17911,2026-09-08,1,154,7125.0
17912,2026-07-20,3,278,2180.0
17913,2026-08-24,2,131,7050.0
17914,2026-04-04,2,273,3900.0
17915,2026-06-18,2,139,2490.0
17916,2026-08-24,1,166,3000.0
17917,2026-09-07,2,420,600.0
17918,2026-06-18,2,166,3380.0
17919,2026-01-20,1,238,5340.0
17920,2026-06-18,2,312,380.0
17921,2026-09-22,2,11,3000.0
17922,2026-06-29,1,369,3150.0
17923,2026-07-30,1,435,1380.0
17924,2026-04-09,2,515,12760.0
17925,2026-06-08,2,174,1220.0
17926,2026-09-21,1,568,10500.0
17927,2026-09-07,1,284,3115.0
17928,2026-07-07,1,231,150.0
17929,2026-05-01,3,206,4800.0
17930,2026-03-01,1,221,4500.0
17931,2026-06-22,2,252,2775.0
17932,2026-01-25,3,192,10550.0
17933,2026-01-04,2,328,6823.0
17934,2026-05-05,1,495,1400.0
17935,2026-04-01,1,493,1900.0
17936,2026-06-20,3,309,7140.0
17937,2026-05-08,3,83,4000.0
17938,2026-07-19,2,413,495.0
17939,2026-09-24,3,43,7100.0
17940,2026-07-25,1,21,3800.0
17941,2026-05-26,1,513,4077.5
17942,2026-07-01,1,431,6400.0
17943,2026-05-08,3,286,7725.0
17944,2026-03-20,2,517,9645.0
17945,2026-01-08,1,326,3375.0
17946,2026-05-12,2,499,3600.0
17947,2026-03-13,1,551,4320.0
17948,2026-06-27,1,73,4835.0
17949,2026-05-25,1,178,14650.0
17950,2026-01-15,2,162,5920.0
17951,2026-07-08,2,245,10160.0
17952,2026-08-08,2,386,5275.0
17953,2026-08-26,3,304,3300.0
17954,2026-02-03,2,322,1000.0
17955,2026-02-16,2,219,7785.0
17956,2026-07-10,3,212,9700.0
17957,2026-01-14,2,32,1400.0
17958,2026-01-04,2,362,8290.0
17959,2026-01-31,2,555,1652.0
17960,2026-03-13,3,273,5690.0
17961,2026-08-04,2,341,6260.0
17962,2026-06-20,1,358,2595.0
17963,2026-09-30,1,442,2420.0
17964,2026-05-02,1,86,17700.0
17965,2026-09-27,2,159,13600.0
17966,2026-01-12,3,8,5700.0
17967,2026-06-02,1,107,5510.0
17968,2026-07-05,3,267,4710.0
17969,2026-09-12,1,324,2940.0
17970,2026-06-05,1,61,7077.5
17971,2026-04-16,3,264,4800.0
17972,2026-02-05,2,210,150.0
17973,2026-06-22,1,405,5980.0
17974,2026-01-08,3,456,6140.0
17975,2026-09-23,1,46,3310.0
17976,2026-09-16,1,380,3000.0
17977,2026-05-24,3,488,3400.0
17978,2026-07-11,1,580,11377.5
17979,2026-08-16,2,180,1240.0
17980,2026-09-06,1,13,4865.0
17981,2026-08-23,2,27,3120.0
17982,2026-07-06,2,476,3700.0
17983,2026-05-17,3,496,9900.0
17984,2026-02-05,1,480,3970.0
17985,2026-04-24,1,117,1300.0
17986,2026-08-13,1,34,10582.5
17987,2026-02-09,2,145,1505.0
17988,2026-03-15,2,304,216.0
17989,2026-07-22,1,570,3352.5
17990,2026-06-24,1,58,1200.0
17991,2026-04-30,3,459,1675.0
17992,2026-01-17,1,486,13300.0
17993,2026-08-07,1,358,9095.0
17994,2026-01-02,3,473,1500.0
17995,2026-01-05,3,37,5495.0
17996,2026-05-18,1,259,10500.0
17997,2026-02-20,2,599,6510.0
17998,2026-05-18,1,505,240.0
17999,2026-02-04,2,496,9180.0
18000,2026-09-09,3,36,3000.0
18001,2026-05-28,1,557,8115.0
18002,2026-01-12,1,179,19900.0
18003,2026-05-05,3,202,10100.0
18004,2026-09-03,2,571,300.0
18005,2026-08-22,3,449,5935.0
18006,2026-04-29,2,174,3705.0
18007,2026-03-11,3,411,3700.0
18008,2026-05-26,3,364,2100.0
18009,2026-09-26,2,149,1728.0
18010,2026-01-11,3,343,3700.0
18011,2026-05-28,2,270,8200.0
18012,2026-06-23,1,331,1600.0
18013,2026-01-14,2,358,270.0
18014,2026-03-09,3,94,10300.0
18015,2026-09-23,3,382,180.0
18016,2026-02-06,2,313,360.0
18017,2026-01-10,3,301,900.0
18018,2026-06-26,1,105,1080.0
18019,2026-06-01,1,5,2450.0
18020,2026-07-03,3,195,6135.0
18021,2026-02-13,2,462,1090.0
18022,2026-05-21,1,390,500.0
18023,2026-05-09,3,529,3760.0
18024,2026-02-27,3,532,540.0
18025,2026-08-25,3,1,6365.0
18026,2026-04-17,2,568,6040.0
18027,2026-05-07,3,445,2600.0
18028,2026-04-21,1,276,1967.5
18029,2026-09-10,1,277,1800.0
18030,2026-04-02,2,152,8252.0
18031,2026-09-10,3,513,9575.0
18032,2026-03-30,3,139,1890.0
18033,2026-05-30,2,569,7100.0
18034,2026-07-15,1,70,1570.0
18035,2026-04-13,2,165,3175.0
18036,2026-08-19,3,72,2300.0
18037,2026-08-22,2,404,2500.0
18038,2026-05-14,1,510,1660.0
18039,2026-07-07,1,535,11110.0
18040,2026-03-02,3,124,11205.0
18041,2026-07-11,1,534,4400.0
18042,2026-08-02,3,338,2000.0
18043,2026-06-06,3,471,4575.0
18044,2026-01-18,1,411,8750.0
18045,2026-01-11,1,52,6800.0
18046,2026-06-29,2,254,3576.0
18047,2026-06-20,2,63,7860.0
18048,2026-02-08,1,253,4925.0
18049,2026-05-03,3,105,800.0
18050,2026-03-29,3,414,11330.0
18051,2026-08-25,2,432,200.0
18052,2026-06-02,1,544,10700.0
18053,2026-09-14,1,552,3680.0
18054,2026-03-31,2,5,880.0
18055,2026-09-27,2,240,2800.0
18056,2026-01-07,2,121,8700.0
18057,2026-08-30,2,337,1280.0
18058,2026-01-12,1,76,570.0
18059,2026-06-02,1,341,400.0
18060,2026-03-14,2,143,8640.0
18061,2026-08-18,1,270,8290.0
18062,2026-09-20,3,370,4640.0
18063,2026-02-17,3,468,8800.0
18064,2026-08-24,3,254,10080.0
18065,2026-09-07,2,271,8190.0
18066,2026-05-01,3,508,5350.0
18067,2026-09-04,3,542,526.0
18068,2026-06-07,3,55,4927.5
18069,2026-01-28,2,453,6725.0
18070,2026-01-15,1,339,9400.0
18071,2026-06-27,1,410,5940.0
18072,2026-08-06,3,302,5800.0
18073,2026-01-06,1,525,4800.0
18074,2026-01-15,3,40,14600.0
18075,2026-09-23,2,84,2200.0
18076,2026-09-07,3,502,9380.0
18077,2026-08-11,1,208,1380.0
18078,2026-07-18,3,218,4970.0
18079,2026-07-02,2,117,8925.0
18080,2026-02-26,3,176,8990.0
18081,2026-05-12,1,245,11600.0
18082,2026-02-07,3,253,3200.0
18083,2026-07-06,2,449,1600.0
18084,2026-08-25,1,241,2250.0
18085,2026-02-15,3,244,1800.0
18086,2026-03-18,2,280,5120.0
18087,2026-02-21,1,11,7500.0
18088,2026-03-12,2,481,1600.0
18089,2026-05-21,2,354,10000.0
18090,2026-01-30,2,281,5295.0
18091,2026-03-07,2,323,6650.0
18092,2026-09-04,3,544,7740.0
18093,2026-01-11,1,371,100.0
18094,2026-04-17,1,65,9175.0
18095,2026-03-31,2,501,1900.0
18096,2026-02-18,1,270,4528.0
18097,2026-09-09,2,94,3675.0
18098,2026-08-24,3,527,8085.0
18099,2026-01-22,2,262,1100.0
18100,2026-08-16,3,345,6000.0
18101,2026-08-12,2,596,2352.0
18102,2026-01-03,1,13,4900.0
18103,2026-09-08,1,135,3540.0
18104,2026-01-08,1,414,15430.0
18105,2026-09-25,1,335,4200.0
18106,2026-08-07,1,130,8600.0
18107,2026-04-11,3,496,2450.0
18108,2026-06-05,3,240,10800.0
18109,2026-02-07,3,366,3800.0
18110,2026-05-08,2,311,8800.0
18111,2026-05-18,1,482,10725.0
18112,2026-08-11,1,112,7000.0
18113,2026-07-18,1,389,7780.0
18114,2026-02-09,1,244,5200.0
18115,2026-02-01,3,453,10300.0
18116,2026-05-19,3,55,8600.0
18117,2026-03-30,3,403,1100.0
18118,2026-05-09,1,42,1000.0
18119,2026-06-20,1,590,9230.0
18120,2026-02-15,2,301,6100.0
18121,2026-09-25,3,57,2130.0
18122,2026-07-31,3,311,4627.5
18123,2026-04-25,3,350,4740.0
18124,2026-05-09,1,139,4520.0
18125,2026-02-15,2,221,1760.0
18126,2026-01-06,3,331,3600.0
18127,2026-05-17,1,88,628.0
18128,2026-02-06,1,153,5400.0
18129,2026-05-31,3,72,4340.0
18130,2026-06-23,1,187,8060.0
18131,2026-07-13,2,141,2700.0
18132,2026-07-18,3,60,700.0
18133,2026-02-13,2,425,5400.0
18134,2026-02-02,2,438,4027.5
18135,2026-06-19,1,12,6940.0
18136,2026-04-10,2,354,5000.0
18137,2026-03-12,1,48,1244.0
18138,2026-03-12,1,236,5100.0
18139,2026-03-05,1,509,1130.0
18140,2026-03-13,2,42,3870.0
18141,2026-03-17,1,213,9545.0
18142,2026-05-20,2,343,9000.0
18143,2026-03-13,1,566,5560.0
18144,2026-09-24,3,59,7365.0
18145,2026-08-15,1,469,2400.0
18146,2026-06-26,2,15,1500.0
18147,2026-07-22,1,130,3900.0
18148,2026-04-07,1,266,5300.0
18149,2026-09-08,1,245,10240.0
18150,2026-03-04,2,184,10500.0
18151,2026-09-22,3,330,2875.0
18152,2026-04-18,1,164,3735.0
18153,2026-02-16,1,400,7100.0
18154,2026-07-12,3,429,5350.0
18155,2026-02-18,3,92,4435.0
18156,2026-04-30,2,599,7900.0
18157,2026-01-12,1,431,5855.0
18158,2026-04-15,3,442,5900.0
18159,2026-09-24,1,105,4350.0
18160,2026-08-01,2,75,16850.0
18161,2026-04-09,3,315,1500.0
18162,2026-06-07,3,395,5605.0
18163,2026-08-06,1,169,5260.0
18164,2026-07-14,1,592,3370.0
18165,2026-01-01,3,563,3680.0
18166,2026-01-28,1,573,9900.0
18167,2026-09-29,1,137,2140.0
18168,2026-01-02,2,4,1200.0
18169,2026-03-31,3,433,3900.0
18170,2026-08-12,1,140,12500.0
18171,2026-08-22,2,339,5900.0
18172,2026-04-24,2,510,6770.0
18173,2026-09-05,3,502,7600.0
18174,2026-08-04,3,314,760.0
18175,2026-08-06,2,16,1710.0
18176,2026-05-28,3,162,5660.0
18177,2026-03-11,3,321,23000.0
18178,2026-02-11,1,390,2140.0
18179,2026-09-21,3,493,9491.0
18180,2026-02-18,1,153,9870.0
18181,2026-02-07,1,85,11280.0
18182,2026-07-16,3,590,300.0
18183,2026-01-08,2,507,2535.0
18184,2026-02-22,2,430,12060.0
18185,2026-01-26,3,168,560.0
18186,2026-05-08,3,518,4270.0
18187,2026-07-06,3,524,5255.0
18188,2026-06-11,3,328,7700.0
18189,2026-04-22,1,457,500.0
18190,2026-01-06,3,546,800.0
18191,2026-08-08,1,479,6210.0
18192,2026-09-19,3,437,3740.0
18193,2026-01-13,3,46,4725.0
18194,2026-06-04,1,596,3400.0
18195,2026-01-08,2,193,5220.0
18196,2026-01-15,3,329,5200.0
18197,2026-06-02,3,426,2140.0
18198,2026-05-23,1,197,7242.5
18199,2026-04-22,2,423,12780.0
18200,2026-05-23,1,191,9728.0
18201,2026-02-09,3,425,7900.0
18202,2026-01-30,2,244,2740.0
18203,2026-01-02,2,263,8480.0
18204,2026-03-04,3,329,1700.0
18205,2026-09-10,1,59,1660.0
18206,2026-06-04,3,112,1425.0
18207,2026-09-06,3,476,1970.0
18208,2026-03-08,2,336,10550.0
18209,2026-07-16,1,11,4000.0
18210,2026-06-10,3,251,600.0
18211,2026-03-26,3,110,9500.0
18212,2026-02-28,2,133,12120.0
18213,2026-03-06,1,584,3890.0
18214,2026-09-16,1,342,4450.0
18215,2026-01-18,3,594,4785.0
18216,2026-08-31,1,59,1300.0
18217,2026-08-13,1,26,9050.0
18218,2026-06-23,2,308,5385.0
18219,2026-09-29,2,426,1660.0
18220,2026-04-30,1,146,14700.0
18221,2026-06-21,3,511,1000.0
18222,2026-04-23,3,345,7120.0
18223,2026-05-30,3,411,570.0
18224,2026-02-27,2,439,11050.0
18225,2026-09-19,2,36,8950.0
18226,2026-04-18,2,6,900.0
18227,2026-06-21,3,283,2800.0
18228,2026-06-28,1,263,3550.0
18229,2026-05-24,3,139,11050.0
18230,2026-06-12,3,133,6000.0
18231,2026-01-17,3,68,6710.0
18232,2026-04-20,2,236,800.0
18233,2026-09-20,1,234,2000.0
18234,2026-07-09,3,279,5850.0
18235,2026-02-11,3,515,7540.0
18236,2026-06-02,2,302,10300.0
18237,2026-04-03,1,73,3705.0
18238,2026-05-09,3,60,6160.0
18239,2026-07-24,1,230,600.0
18240,2026-04-05,3,291,5660.0
18241,2026-09-26,2,506,600.0
18242,2026-04-03,2,120,6800.0
18243,2026-07-01,1,391,1300.0
18244,2026-09-11,1,1,5200.0
18245,2026-07-22,3,128,600.0
18246,2026-08-06,2,68,5685.0
18247,2026-05-04,1,340,2370.0
18248,2026-07-25,2,109,3450.0
18249,2026-05-18,2,125,1700.0
18250,2026-07-11,2,12,11700.0
18251,2026-09-19,3,320,5800.0
18252,2026-02-28,1,396,3780.0
18253,2026-07-31,1,269,3160.0
18254,2026-01-21,3,166,5600.0
18255,2026-01-14,2,313,5200.0
18256,2026-04-17,1,122,1650.0
18257,2026-09-19,3,376,11900.0
18258,2026-04-15,1,337,10860.0
18259,2026-07-16,3,335,4800.0
18260,2026-06-30,3,286,3970.0
18261,2026-01-15,1,364,4385.0
18262,2026-03-02,2,300,5850.0
18263,2026-02-01,2,167,4230.0
18264,2026-01-24,1,330,1500.0
18265,2026-08-11,1,323,3010.0
18266,2026-06-05,1,428,4225.0
18267,2026-09-22,2,481,7025.0
18268,2026-02-15,1,183,5345.5
18269,2026-07-30,3,309,6580.0
18270,2026-03-02,3,539,5400.0
18271,2026-07-10,3,329,695.0
18272,2026-04-17,1,436,4050.0
18273,2026-06-18,1,236,5510.0
18274,2026-03-08,3,501,14070.0
18275,2026-05-16,1,48,7350.0
18276,2026-04-07,3,482,1650.0
18277,2026-07-16,2,118,5635.0
18278,2026-06-08,3,408,900.0
18279,2026-05-26,1,236,1300.0
18280,2026-04-21,3,531,1390.0
18281,2026-09-25,1,275,6080.0
18282,2026-02-26,2,238,11715.0
18283,2026-07-11,2,531,1600.0
18284,2026-04-02,1,545,3000.0
18285,2026-04-27,2,372,500.0
18286,2026-07-05,3,324,6590.0
18287,2026-03-26,3,51,4027.5
18288,2026-09-21,3,41,4245.0
18289,2026-08-06,3,389,5000.0
18290,2026-09-08,3,404,900.0
18291,2026-02-09,2,120,5000.0
18292,2026-03-17,1,8,3700.0
18293,2026-06-18,3,570,5380.0
18294,2026-04-20,1,102,1800.0
18295,2026-04-27,1,328,6000.0
18296,2026-08-08,3,114,5135.0
18297,2026-09-10,1,414,5460.0
18298,2026-03-30,3,155,4900.0
18299,2026-06-28,3,97,1090.0
18300,2026-01-30,2,221,3152.0
18301,2026-09-24,3,315,6500.0
18302,2026-04-22,1,120,4890.0
18303,2026-04-27,3,356,8725.0
18304,2026-08-27,3,313,3560.0
18305,2026-07-31,2,384,7800.0
18306,2026-03-30,1,377,1375.0
18307,2026-01-10,2,437,6480.0
18308,2026-02-22,1,180,680.0
18309,2026-08-07,3,251,2450.0
18310,2026-08-06,3,512,2240.0
18311,2026-03-30,2,194,5770.0
18312,2026-06-25,1,117,4710.0
18313,2026-07-03,3,582,13020.0
18314,2026-08-21,2,262,1440.0
18315,2026-07-15,3,35,6210.0
18316,2026-02-03,1,22,2490.0
18317,2026-07-05,1,262,2950.0
18318,2026-05-09,3,115,12085.0
18319,2026-04-12,2,586,6500.0
18320,2026-08-21,1,164,1635.0
18321,2026-01-15,1,25,11735.0
18322,2026-06-28,1,83,2000.0
18323,2026-02-02,3,566,5228.0
18324,2026-07-26,3,169,10200.0
18325,2026-01-29,1,195,3920.0
18326,2026-03-31,1,551,15600.0
18327,2026-05-31,2,272,5630.0
18328,2026-04-12,1,591,1980.0
18329,2026-09-13,3,194,7100.0
18330,2026-07-16,1,454,10875.0
18331,2026-09-02,1,401,1450.0
18332,2026-06-23,3,438,600.0
18333,2026-03-18,2,364,2570.0
18334,2026-02-28,1,529,6370.0
18335,2026-02-01,3,51,2920.0
18336,2026-06-05,1,597,1740.0
18337,2026-03-15,1,98,3700.0
18338,2026-09-04,2,225,3580.0
18339,2026-03-23,1,255,2260.0
18340,2026-07-31,2,402,1895.0
18341,2026-03-01,2,71,9810.0
18342,2026-04-21,3,396,1090.0
18343,2026-05-03,3,140,2370.0
18344,2026-02-17,2,155,1425.0
18345,2026-04-19,3,507,4350.0
18346,2026-04-16,1,551,6600.0
18347,2026-04-10,1,175,9505.0
18348,2026-02-17,3,434,1500.0
18349,2026-08-28,1,229,6450.0
18350,2026-03-06,2,393,6600.0
18351,2026-02-05,1,257,14980.0
18352,2026-09-13,2,594,2910.0
18353,2026-09-07,1,214,1328.0
18354,2026-05-24,2,307,7200.0
18355,2026-03-05,1,198,3670.0
18356,2026-01-05,1,575,4800.0
18357,2026-07-16,3,301,7080.0
18358,2026-07-15,3,383,900.0
18359,2026-09-29,3,562,3380.0
18360,2026-09-15,1,400,2096.0
18361,2026-07-22,2,393,15010.0
18362,2026-02-27,2,503,3100.0
18363,2026-05-17,2,340,76.0
18364,2026-08-19,2,308,10200.0
18365,2026-09-03,1,180,475.0
18366,2026-05-10,1,381,285.0
18367,2026-06-22,1,596,2100.0
18368,2026-05-07,3,159,2350.0
18369,2026-02-12,1,303,3212.5
18370,2026-06-11,1,550,8480.0
18371,2026-04-19,2,269,300.0
18372,2026-04-07,1,548,5000.0
18373,2026-04-13,1,564,8325.0
18374,2026-08-13,2,182,4267.5
18375,2026-02-27,1,9,4880.0
18376,2026-05-19,2,85,2660.0
18377,2026-07-04,2,295,11300.0
18378,2026-09-21,3,494,3540.0
18379,2026-04-13,2,289,3900.0
18380,2026-09-02,1,110,3455.0
18381,2026-02-16,1,525,4410.0
18382,2026-05-28,2,98,6554.0
18383,2026-05-20,2,339,8200.0
18384,2026-08-08,1,572,4352.0
18385,2026-09-08,2,85,10040.0
18386,2026-06-14,2,328,5250.0
18387,2026-01-25,3,325,2800.0
18388,2026-08-10,1,480,5100.0
18389,2026-03-09,2,152,2400.0
18390,2026-05-27,2,5,7700.0
18391,2026-09-27,1,568,10000.0
18392,2026-03-06,1,311,4430.0
18393,2026-04-23,2,180,4200.0
18394,2026-07-15,2,347,1450.0
18395,2026-08-28,3,35,12525.0
18396,2026-02-02,2,481,5130.0
18397,2026-06-17,1,57,1050.0
18398,2026-02-22,1,453,2780.0
18399,2026-03-15,2,521,8400.0
18400,2026-04-19,1,211,5970.5
18401,2026-07-13,3,304,10055.0
18402,2026-05-15,2,159,2552.0
18403,2026-07-04,2,87,3520.0
18404,2026-02-21,2,524,5700.0
18405,2026-02-22,3,101,160.0
18406,2026-07-09,1,240,1516.0
18407,2026-04-26,3,276,1235.0
18408,2026-06-29,1,525,300.0
18409,2026-07-15,2,79,8020.0
18410,2026-05-06,1,399,8690.0
18411,2026-09-14,1,354,8490.0
18412,2026-07-25,1,279,3990.0
18413,2026-08-25,2,149,3500.0
18414,2026-07-19,2,322,7700.0
18415,2026-04-22,2,545,12540.0
18416,2026-01-25,1,455,7725.0
18417,2026-01-01,1,455,3800.0
18418,2026-02-25,3,195,7660.0
18419,2026-07-16,3,472,6580.0
18420,2026-09-21,1,325,4200.0
18421,2026-08-31,1,417,6700.0
18422,2026-02-21,3,163,8760.0
18423,2026-04-05,2,56,900.0
18424,2026-06-13,2,450,5580.0
18425,2026-07-24,2,134,5900.0
18426,2026-01-31,3,406,6500.0
18427,2026-01-19,2,235,3800.0
18428,2026-05-29,2,26,2950.0
18429,2026-03-17,3,99,4280.0
18430,2026-03-20,3,563,800.0
18431,2026-01-11,1,577,4027.5
18432,2026-09-20,2,292,9500.0
18433,2026-06-03,3,162,4110.0
18434,2026-01-31,2,47,10600.0
18435,2026-04-18,2,332,2960.0
18436,2026-03-04,1,304,5700.0
18437,2026-03-31,3,547,5380.0
18438,2026-03-22,3,490,14830.0
18439,2026-05-22,2,108,5830.0
18440,2026-03-19,1,157,1560.0
18441,2026-03-24,2,375,756.0
18442,2026-09-11,3,355,3530.0
18443,2026-04-07,3,451,1618.0
18444,2026-02-17,1,49,1165.0
18445,2026-01-02,1,389,7500.0
18446,2026-04-05,2,574,2200.0
18447,2026-08-10,3,147,9620.0
18448,2026-04-18,1,560,1740.0
18449,2026-02-06,3,499,5320.0
18450,2026-09-26,3,481,1060.0
18451,2026-02-07,1,341,600.0
18452,2026-05-26,1,291,2850.0
18453,2026-08-15,1,127,8550.0
18454,2026-06-20,2,150,11700.0
18455,2026-08-04,1,562,2250.0
18456,2026-03-23,3,241,4600.0
18457,2026-06-19,3,408,10800.0
18458,2026-04-12,1,466,6735.0
18459,2026-04-06,2,305,1340.0
18460,2026-02-18,3,339,1540.0
18461,2026-01-30,3,246,1000.0
18462,2026-06-22,1,156,3800.0
18463,2026-08-01,1,170,17728.0
18464,2026-02-27,2,458,3590.0
18465,2026-05-13,3,315,3600.0
18466,2026-03-16,1,327,2330.0
18467,2026-02-10,3,187,1770.0
18468,2026-02-01,1,426,4075.0
18469,2026-08-27,2,507,9510.0
18470,2026-04-05,2,162,4600.0
18471,2026-06-11,2,441,3600.0
18472,2026-08-12,3,202,12050.0
18473,2026-01-30,2,384,5500.0
18474,2026-03-25,3,565,600.0
18475,2026-03-27,1,337,2550.0
18476,2026-03-24,2,568,2500.0
18477,2026-07-07,2,93,100.0
18478,2026-06-04,3,367,200.0
18479,2026-02-01,2,84,7800.0
18480,2026-02-03,3,15,1850.0
18481,2026-06-28,2,419,6780.0
18482,2026-04-20,1,194,13310.0
18483,2026-04-29,3,142,2000.0
18484,2026-05-07,1,322,8335.0
18485,2026-07-21,2,79,855.0
18486,2026-04-02,1,475,6285.0
18487,2026-08-03,1,6,3785.0
18488,2026-09-19,1,216,7870.0
18489,2026-04-28,1,336,2500.0
18490,2026-05-05,1,412,9720.0
18491,2026-04-06,3,310,2350.0
18492,2026-05-02,3,444,3700.0
18493,2026-04-07,2,580,290.0
18494,2026-07-18,2,248,7300.0
18495,2026-06-13,3,139,3600.0
18496,2026-04-05,2,175,6000.0
18497,2026-09-14,2,179,1710.0
18498,2026-04-22,2,65,4785.0
18499,2026-08-13,1,544,6600.0
18500,2026-02-01,3,526,6245.0
18501,2026-05-25,2,38,11850.0
18502,2026-04-11,1,129,3732.0
18503,2026-03-16,2,182,4670.0
18504,2026-04-11,1,309,9200.0
18505,2026-08-13,1,202,6570.0
18506,2026-01-05,3,564,1550.0
18507,2026-09-17,3,462,6655.0
18508,2026-08-06,1,528,5300.0
18509,2026-03-03,1,49,6300.0
18510,2026-07-17,1,226,3400.0
18511,2026-05-28,2,250,2860.0
18512,2026-07-01,1,67,6280.0
18513,2026-01-12,2,224,6000.0
18514,2026-02-10,3,540,3750.0
18515,2026-08-29,1,430,1510.0
18516,2026-04-03,3,122,6260.0
18517,2026-08-03,3,576,3420.0
18518,2026-09-10,2,560,7500.0
18519,2026-05-08,2,400,9900.0
18520,2026-04-15,2,80,5495.0
18521,2026-05-07,2,221,1950.0
18522,2026-09-09,1,326,3800.0
18523,2026-02-22,2,579,790.0
18524,2026-08-04,2,491,2819.0
18525,2026-08-25,1,441,4495.0
18526,2026-05-18,1,94,2600.0
18527,2026-06-25,1,263,5560.0
18528,2026-07-30,1,271,3070.0
18529,2026-02-08,2,70,7400.0
18530,2026-09-03,2,146,3320.0
18531,2026-08-20,1,422,5130.0
18532,2026-01-21,3,360,1490.0
18533,2026-09-03,3,573,680.0
18534,2026-05-22,3,398,10020.0
18535,2026-09-05,1,450,8340.0
18536,2026-09-10,1,512,4900.0
18537,2026-08-24,1,533,1800.0
18538,2026-06-27,3,311,1500.0
18539,2026-03-26,1,80,5340.0
18540,2026-06-01,1,552,1500.0
18541,2026-03-13,1,489,5700.0
18542,2026-07-24,2,308,1440.0
18543,2026-09-08,1,15,8350.0
18544,2026-06-03,3,237,11860.0
18545,2026-01-10,3,171,5000.0
18546,2026-03-04,3,196,13195.0
18547,2026-09-14,2,159,10990.0
18548,2026-07-28,3,307,8550.0
18549,2026-04-27,3,357,1252.0
18550,2026-08-27,2,206,80.0
18551,2026-02-16,2,487,9900.0
18552,2026-01-31,2,167,300.0
18553,2026-01-18,3,110,13295.0
18554,2026-04-21,1,84,4785.0
18555,2026-06-16,3,61,7800.0
18556,2026-04-01,2,348,3810.0
18557,2026-02-19,1,304,2500.0
18558,2026-09-29,3,494,5402.5
18559,2026-06-09,2,381,2900.0
18560,2026-07-12,1,542,1940.0
18561,2026-08-20,3,290,200.0
18562,2026-06-14,1,239,6795.0
18563,2026-08-31,3,504,6715.0
18564,2026-04-05,2,202,95.0
18565,2026-02-04,3,335,6235.0
18566,2026-09-27,2,94,6390.0
18567,2026-05-12,1,397,7200.0
18568,2026-08-30,1,165,992.5
18569,2026-07-24,1,32,4440.0
18570,2026-09-05,2,332,800.0
18571,2026-06-23,2,519,2860.0
18572,2026-06-23,1,113,4400.0
18573,2026-07-04,2,79,1500.0
18574,2026-07-02,3,253,6400.0
18575,2026-03-10,1,373,570.0
18576,2026-03-18,1,530,3525.0
18577,2026-08-12,3,589,840.0
18578,2026-05-08,1,480,6735.0
18579,2026-02-13,2,568,8990.0
18580,2026-04-25,1,103,3280.0
18581,2026-05-01,1,9,3052.0
18582,2026-09-11,2,230,1012.0
18583,2026-03-10,1,446,8090.0
18584,2026-03-20,1,404,10440.0
18585,2026-08-10,2,261,6295.0
18586,2026-04-15,1,112,2880.0
18587,2026-07-15,1,592,9900.0
18588,2026-03-08,1,549,7110.0
18589,2026-05-18,1,37,450.0
18590,2026-03-23,1,34,8540.0
18591,2026-08-13,3,582,6900.0
18592,2026-08-17,2,528,7350.0
18593,2026-07-22,2,410,4800.0
18594,2026-07-31,2,200,1280.0
18595,2026-04-18,3,393,9285.0
18596,2026-06-11,1,180,3576.0
18597,2026-05-21,3,261,7800.0
18598,2026-07-03,1,545,8800.0
18599,2026-08-28,3,359,600.0
18600,2026-07-14,1,369,6925.0
18601,2026-04-29,3,456,7227.5
18602,2026-08-15,3,289,9780.0
18603,2026-06-26,1,462,5000.0
18604,2026-09-15,1,282,1100.0
18605,2026-08-13,2,8,3575.0
18606,2026-06-18,3,280,4900.0
18607,2026-03-28,2,170,2650.0
18608,2026-06-16,3,453,7500.0
18609,2026-04-18,3,581,7900.0
18610,2026-07-05,2,356,4285.0
18611,2026-05-14,1,209,2035.0
18612,2026-01-20,3,43,7700.0
18613,2026-08-27,1,382,1100.0
18614,2026-06-05,2,255,8845.0
18615,2026-01-06,2,120,400.0
18616,2026-07-02,2,174,2807.0
18617,2026-01-08,2,452,2060.0
18618,2026-04-25,2,199,4500.0
18619,2026-06-24,2,240,1530.0
18620,2026-06-25,1,589,1200.0
18621,2026-02-19,2,211,5600.0
18622,2026-08-26,1,474,4060.0
18623,2026-03-01,2,295,1700.0
18624,2026-01-22,1,374,3440.0
18625,2026-04-12,3,467,6880.0
18626,2026-07-08,2,101,1425.0
18627,2026-01-21,3,487,555.0
18628,2026-07-01,3,231,1128.0
18629,2026-05-08,1,62,10700.0
18630,2026-06-02,2,165,5900.0
18631,2026-04-27,1,21,2042.5
18632,2026-09-19,1,474,2600.0
18633,2026-03-22,3,200,542.5
18634,2026-09-30,1,386,5810.0
18635,2026-03-18,1,389,890.0
18636,2026-08-16,2,424,780.0
18637,2026-08-18,1,528,7850.0
18638,2026-02-10,2,39,4900.0
18639,2026-09-10,1,126,7900.0
18640,2026-08-18,2,266,2435.0
18641,2026-07-14,3,456,800.0
18642,2026-05-23,1,488,800.0
18643,2026-06-08,1,418,3640.0
18644,2026-09-10,1,583,2600.0
18645,2026-08-02,3,134,8352.0
18646,2026-05-18,3,270,3040.0
18647,2026-06-19,1,420,3760.0
18648,2026-03-07,1,449,10560.0
18649,2026-04-23,1,352,1500.0
18650,2026-05-02,1,551,6700.0
18651,2026-08-18,1,230,4205.0
18652,2026-09-05,1,132,4212.0
18653,2026-09-27,1,573,11500.0
18654,2026-09-11,1,184,5200.0
18655,2026-09-17,1,173,400.0
18656,2026-07-22,3,443,3885.0
18657,2026-02-08,3,192,7950.0
18658,2026-02-21,3,587,7935.0
18659,2026-01-22,2,304,750.0
18660,2026-04-08,1,201,6000.0
18661,2026-06-06,1,389,1800.0
18662,2026-02-07,2,536,3740.0
18663,2026-02-20,2,203,9000.0
18664,2026-08-11,2,97,1480.0
18665,2026-02-21,3,241,4970.0
18666,2026-03-01,3,574,1600.0
18667,2026-01-15,1,166,4650.0
18668,2026-06-15,2,181,2752.0
18669,2026-06-12,3,428,3500.0
18670,2026-03-08,1,283,12000.0
18671,2026-09-09,1,361,5340.0
18672,2026-04-05,3,468,1650.0
18673,2026-04-08,1,493,12650.0
18674,2026-03-15,3,535,5100.0
18675,2026-03-10,3,440,6100.0
18676,2026-09-24,1,332,9175.0
18677,2026-06-16,1,524,7486.0
18678,2026-09-19,2,595,1138.0
18679,2026-04-17,2,457,6416.0
18680,2026-08-28,3,154,5650.0
18681,2026-08-27,1,22,2991.0
18682,2026-08-17,3,468,2300.0
18683,2026-09-12,3,139,7330.0
18684,2026-06-17,1,23,3040.0
18685,2026-02-14,1,599,8800.0
18686,2026-08-10,3,129,7752.0
18687,2026-08-17,3,153,5348.0
18688,2026-06-22,3,236,2200.0
18689,2026-03-12,2,362,1370.0
18690,2026-04-18,1,149,8950.0
18691,2026-04-03,1,88,6990.0
18692,2026-02-24,1,174,10500.0
18693,2026-06-27,2,415,6880.0
18694,2026-09-02,3,86,1685.0
18695,2026-09-29,3,328,7615.0
18696,2026-05-28,1,132,8970.0
18697,2026-07-04,1,574,5385.0
18698,2026-01-20,1,171,5411.0
18699,2026-02-24,3,486,6800.0
18700,2026-01-11,2,2,8700.0
18701,2026-06-22,1,519,8200.0
18702,2026-02-05,1,382,3000.0
18703,2026-06-18,1,595,11073.0
18704,2026-05-20,2,445,10900.0
18705,2026-03-24,2,550,4990.0
18706,2026-03-16,2,228,7900.0
18707,2026-05-09,1,7,8210.0
18708,2026-09-24,3,558,1970.0
18709,2026-07-22,2,113,1600.0
18710,2026-09-26,1,179,1800.0
18711,2026-07-30,1,126,9780.0
18712,2026-05-20,3,21,9130.0
18713,2026-07-26,1,236,1600.0
18714,2026-01-05,2,498,3145.0
18715,2026-01-06,3,274,4450.0
18716,2026-01-18,3,121,1700.0
18717,2026-01-08,1,591,5400.0
18718,2026-03-03,3,441,7152.0
18719,2026-02-14,2,337,9490.0
18720,2026-01-20,1,216,2370.0
18721,2026-09-01,1,33,5140.0
18722,2026-01-27,1,306,7240.0
18723,2026-05-27,2,345,6200.0
18724,2026-07-25,1,196,12650.0
18725,2026-05-11,1,577,13020.0
18726,2026-01-19,1,370,12100.0
18727,2026-02-25,1,404,6140.0
18728,2026-09-23,3,427,9435.0
18729,2026-07-01,3,370,2645.0
18730,2026-08-27,1,217,2200.0
18731,2026-08-10,3,284,2510.0
18732,2026-03-04,3,572,2500.0
18733,2026-05-04,2,350,8200.0
18734,2026-09-11,1,391,6730.0
18735,2026-07-26,3,56,8475.0
18736,2026-07-07,1,355,6985.0
18737,2026-07-08,3,151,8575.0
18738,2026-07-02,1,10,2850.0
18739,2026-08-20,1,385,3800.0
18740,2026-08-23,2,547,7335.0
18741,2026-02-22,3,174,15685.0
18742,2026-05-01,1,505,428.0
18743,2026-05-25,1,49,1700.0
18744,2026-09-11,2,297,12395.0
18745,2026-08-17,3,523,2860.0
18746,2026-03-31,1,86,15830.0
18747,2026-05-31,2,535,1417.5
18748,2026-08-13,1,472,1060.0
18749,2026-07-04,1,106,6800.0
18750,2026-05-13,1,464,1207.5
18751,2026-09-06,2,541,4900.0
18752,2026-02-08,3,273,5700.0
18753,2026-01-26,1,47,8200.0
18754,2026-08-30,2,589,12940.0
18755,2026-03-03,1,405,300.0
18756,2026-08-27,3,339,1000.0
18757,2026-03-09,1,223,900.0
18758,2026-04-12,3,520,7700.0
18759,2026-09-24,3,184,9100.0
18760,2026-09-01,1,443,240.0
18761,2026-08-12,1,399,13900.0
18762,2026-06-09,1,368,3235.0
18763,2026-05-09,1,458,1800.0
18764,2026-03-11,2,271,14280.0
18765,2026-07-21,3,109,3180.0
18766,2026-07-04,1,319,1250.0
18767,2026-07-07,2,582,2980.0
18768,2026-09-03,1,386,4775.0
18769,2026-08-26,1,442,7200.0
18770,2026-03-28,3,184,5630.0
18771,2026-01-26,2,40,2125.0
18772,2026-02-26,3,295,5530.0
18773,2026-06-24,1,85,5500.0
18774,2026-02-17,1,410,5700.0
18775,2026-04-27,2,414,1400.0
18776,2026-04-12,2,81,10415.0
18777,2026-05-29,1,496,1500.0
18778,2026-05-04,3,443,280.0
18779,2026-05-06,2,179,7642.5
18780,2026-01-07,1,240,328.0
18781,2026-01-11,1,404,5200.0
18782,2026-05-06,3,290,1500.0
18783,2026-02-18,1,203,3100.0
18784,2026-01-14,1,121,920.0
18785,2026-07-13,1,290,14500.0
18786,2026-07-02,3,524,8360.0
18787,2026-08-15,1,543,3300.0
18788,2026-07-25,3,252,8900.0
18789,2026-05-07,3,121,2175.0
18790,2026-04-22,3,507,3228.0
18791,2026-04-24,1,106,3880.0
18792,2026-02-22,3,385,6920.0
18793,2026-05-28,1,576,10160.0
18794,2026-06-04,2,364,7500.0
18795,2026-06-26,1,384,1700.0
18796,2026-01-09,2,333,11205.0
18797,2026-08-27,3,344,8940.0
18798,2026-04-25,2,326,6200.0
18799,2026-04-03,2,242,4040.0
18800,2026-03-12,3,357,10850.0
18801,2026-05-30,1,365,9780.0
18802,2026-09-29,2,92,3100.0
18803,2026-01-18,2,9,4044.0
18804,2026-02-12,2,97,3340.0
18805,2026-08-04,1,50,3500.0
18806,2026-08-09,1,565,4200.0
18807,2026-06-17,3,119,13200.0
18808,2026-04-22,1,501,3640.0
18809,2026-05-15,1,149,1140.0
18810,2026-04-24,2,409,700.0
18811,2026-04-25,2,381,8000.0
18812,2026-07-29,2,94,10535.0
18813,2026-07-03,1,73,500.0
18814,2026-02-21,1,496,1500.0
18815,2026-05-09,1,534,4695.0
18816,2026-09-17,1,372,490.0
18817,2026-02-08,1,372,6330.0
18818,2026-08-26,3,510,6220.0
18819,2026-02-17,3,511,1200.0
18820,2026-08-04,1,11,8975.0
18821,2026-08-02,3,21,5000.0
18822,2026-08-21,3,22,1352.0
18823,2026-08-16,2,315,2650.0
18824,2026-09-21,2,428,2950.0
18825,2026-04-11,1,521,4027.5
18826,2026-07-17,3,119,2600.0
18827,2026-02-25,2,514,7650.0
18828,2026-09-17,3,386,750.0
18829,2026-06-10,1,187,600.0
18830,2026-03-11,1,275,2950.0
18831,2026-03-08,2,363,5500.0
18832,2026-03-30,3,253,12940.0
18833,2026-03-08,3,438,5997.5
18834,2026-09-21,1,66,4400.0
18835,2026-04-08,3,12,4380.0
18836,2026-03-05,1,231,3920.0
18837,2026-04-22,3,391,1230.0
18838,2026-03-03,3,521,8570.0
18839,2026-06-23,1,543,9325.0
18840,2026-06-26,2,261,3210.0
18841,2026-04-25,1,2,4427.5
18842,2026-03-24,1,175,4340.0
18843,2026-05-31,2,24,3080.0
18844,2026-02-13,3,64,14036.0
18845,2026-02-15,3,532,2550.0
18846,2026-03-22,1,342,6600.0
18847,2026-02-07,1,521,2922.0
18848,2026-02-16,2,182,3660.0
18849,2026-03-01,3,57,1900.0
18850,2026-03-06,1,233,9725.0
18851,2026-02-09,3,544,2000.0
18852,2026-05-06,3,40,6230.0
18853,2026-08-25,2,34,240.0
18854,2026-03-06,3,102,475.0
18855,2026-04-13,1,189,1500.0
18856,2026-06-23,1,572,8065.0
18857,2026-03-09,2,125,280.0
18858,2026-08-17,2,183,7700.0
18859,2026-07-02,2,503,9060.0
18860,2026-06-26,3,363,3670.0
18861,2026-01-17,2,329,3690.0
18862,2026-02-16,3,458,1680.0
18863,2026-07-03,1,329,6622.5
18864,2026-03-24,2,140,5500.0
18865,2026-02-08,1,10,13240.0
18866,2026-04-23,3,543,16960.0
18867,2026-08-14,1,240,4095.0
18868,2026-07-06,1,478,5050.0
18869,2026-08-20,2,80,15000.0
18870,2026-05-26,1,384,11830.0
18871,2026-03-06,1,377,6550.0
18872,2026-01-14,3,129,4655.0
18873,2026-02-04,2,391,780.0
18874,2026-09-16,1,496,1910.0
18875,2026-04-11,2,236,7000.0
18876,2026-09-16,2,238,1000.0
18877,2026-01-06,2,507,2700.0
18878,2026-04-21,1,466,9600.0
18879,2026-05-20,3,214,10060.0
18880,2026-05-28,2,458,10500.0
18881,2026-08-06,3,569,13900.0
18882,2026-06-25,1,220,10780.0
18883,2026-07-23,3,293,5000.0
18884,2026-07-15,2,395,2040.0
18885,2026-02-16,1,125,2110.0
18886,2026-02-28,3,366,3970.0
18887,2026-09-23,3,284,10600.0
18888,2026-04-13,3,475,2230.0
18889,2026-03-23,1,474,1450.0
18890,2026-06-12,2,99,3600.0
18891,2026-01-20,1,409,5150.0
18892,2026-02-27,3,147,12750.0
18893,2026-05-26,1,287,1100.0
18894,2026-06-23,2,77,11310.0
18895,2026-05-02,1,381,800.0
18896,2026-07-18,2,166,1342.5
18897,2026-09-24,1,243,1960.0
18898,2026-07-21,3,387,12300.0
18899,2026-05-11,2,90,8320.0
18900,2026-06-17,2,600,4260.0
18901,2026-09-23,3,591,10140.0
18902,2026-05-09,1,78,5245.0
18903,2026-07-25,3,307,2405.0
18904,2026-03-21,3,77,3900.0
18905,2026-03-04,1,437,2800.0
18906,2026-03-19,3,235,500.0
18907,2026-06-27,2,444,2105.0
18908,2026-04-06,1,10,150.0
18909,2026-01-14,1,361,13770.0
18910,2026-07-22,1,553,2680.0
18911,2026-03-31,3,330,3080.0
18912,2026-08-25,1,140,1140.0
18913,2026-07-26,3,351,240.0
18914,2026-02-05,2,192,3000.0
18915,2026-08-01,2,590,1570.0
18916,2026-03-04,2,465,8300.0
18917,2026-02-20,3,457,3900.0
18918,2026-08-07,1,353,3100.0
18919,2026-08-15,1,141,3000.0
18920,2026-03-21,1,363,5280.0
18921,2026-04-06,3,489,2310.0
18922,2026-09-23,1,61,2000.0
18923,2026-05-31,3,136,2850.0
18924,2026-03-02,2,517,2945.0
18925,2026-06-21,1,20,8250.0
18926,2026-06-28,3,160,4750.0
18927,2026-04-10,2,106,5445.0
18928,2026-04-22,3,360,2590.0
18929,2026-03-04,2,350,4000.0
18930,2026-06-05,3,400,1880.0
18931,2026-07-31,1,8,9200.0
18932,2026-03-22,3,193,1245.0
18933,2026-05-01,2,515,1300.0
18934,2026-08-30,3,40,2280.0
18935,2026-04-09,3,98,6900.0
18936,2026-02-01,1,175,4670.0
18937,2026-09-09,3,227,5300.0
18938,2026-01-20,3,25,3940.0
18939,2026-09-29,1,584,5900.0
18940,2026-05-28,2,585,5875.0
18941,2026-04-05,1,60,1500.0
18942,2026-01-10,1,7,475.0
18943,2026-08-04,1,249,11370.0
18944,2026-05-18,2,203,10940.0
18945,2026-08-21,3,267,5200.0
18946,2026-03-09,2,431,2530.0
18947,2026-05-09,3,484,2710.0
18948,2026-06-25,2,567,16500.0
18949,2026-07-01,1,232,11700.0
18950,2026-02-13,2,252,2650.0
18951,2026-07-24,1,228,4700.0
18952,2026-05-18,3,510,8010.0
18953,2026-03-02,2,539,760.0
18954,2026-01-13,2,63,9780.0
18955,2026-05-31,2,283,4200.0
18956,2026-02-12,1,468,11135.0
18957,2026-04-17,1,568,3300.0
18958,2026-02-20,1,92,3490.0
18959,2026-08-17,2,318,1950.0
18960,2026-07-08,3,157,2000.0
18961,2026-05-04,3,244,1800.0
18962,2026-01-18,2,174,11514.0
18963,2026-01-11,1,497,7420.0
18964,2026-07-05,1,478,8480.0
18965,2026-09-20,3,72,6444.0
18966,2026-07-07,3,207,3835.0
18967,2026-03-21,2,492,8747.5
18968,2026-07-10,2,93,2950.0
18969,2026-03-24,2,323,2200.0
18970,2026-09-13,3,339,6700.0
18971,2026-04-08,3,375,11360.0
18972,2026-07-17,1,263,3260.0
18973,2026-06-17,3,261,1335.0
18974,2026-01-08,2,423,8540.0
18975,2026-04-13,1,158,9720.0
18976,2026-06-26,3,500,400.0
18977,2026-03-27,2,86,18930.0
18978,2026-02-19,1,33,2200.0
18979,2026-06-09,1,50,2600.0
18980,2026-03-20,1,105,7520.0
18981,2026-02-10,2,326,11520.0
18982,2026-01-30,1,126,8042.5
18983,2026-03-20,3,115,1935.0
18984,2026-07-03,2,124,5000.0
18985,2026-06-16,2,183,7280.0
18986,2026-09-06,1,345,6900.0
18987,2026-03-08,2,308,900.0
18988,2026-05-02,3,584,2540.0
18989,2026-07-25,2,304,11610.0
18990,2026-06-27,2,466,10600.0
18991,2026-09-12,3,512,7075.0
18992,2026-02-06,3,18,12825.0
18993,2026-07-08,1,196,900.0
18994,2026-01-10,3,436,2700.0
18995,2026-09-22,1,109,1580.0
18996,2026-09-07,3,479,2125.0
18997,2026-04-11,1,539,700.0
18998,2026-06-27,3,527,7860.0
18999,2026-03-24,1,509,2088.0
19000,2026-07-08,2,306,5885.0
19001,2026-07-15,1,140,135.0
19002,2026-03-22,2,451,1070.0
19003,2026-03-03,1,497,5730.0
19004,2026-05-06,2,48,13300.0
19005,2026-07-10,3,326,5300.0
19006,2026-08-14,1,106,860.0
19007,2026-04-04,3,288,2400.0
19008,2026-09-18,2,353,9900.0
19009,2026-02-13,2,483,3350.0
19010,2026-09-08,2,183,10628.0
19011,2026-09-28,2,382,7610.0
19012,2026-09-14,2,75,9755.0
19013,2026-08-05,3,586,1520.0
19014,2026-03-09,3,483,4000.0
19015,2026-06-04,1,277,10250.0
19016,2026-03-12,1,396,6862.0
19017,2026-07-27,2,330,9800.0
19018,2026-01-29,1,255,4045.0
19019,2026-02-23,1,428,5330.0
19020,2026-07-18,1,201,450.0
19021,2026-08-30,2,229,2800.0
19022,2026-04-21,1,321,6980.0
19023,2026-06-09,2,137,4200.0
19024,2026-08-13,3,209,2955.0
19025,2026-03-19,2,574,1500.0
19026,2026-07-30,1,60,5230.0
19027,2026-09-23,2,545,1660.0
19028,2026-07-08,1,147,3240.0
19029,2026-09-13,3,369,2686.0
19030,2026-09-18,2,308,4360.0
19031,2026-06-20,1,212,2720.0
19032,2026-04-14,1,598,11000.0
19033,2026-07-12,3,405,5700.0
19034,2026-07-14,3,309,19500.0
19035,2026-09-05,2,526,2650.0
19036,2026-07-18,1,26,4655.0
19037,2026-08-31,3,340,5100.0
19038,2026-04-14,2,374,3390.0
19039,2026-09-11,1,279,1200.0
19040,2026-07-06,1,68,3240.0
19041,2026-01-02,3,2,4525.0
19042,2026-06-15,1,485,3352.0
19043,2026-04-27,2,458,3000.0
19044,2026-08-30,2,178,6050.0
19045,2026-01-04,3,181,8095.0
19046,2026-08-10,3,52,5400.0
19047,2026-07-16,3,444,7176.0
19048,2026-05-07,1,357,6750.0
19049,2026-05-17,2,198,6800.0
19050,2026-01-01,2,63,485.0
19051,2026-01-22,2,415,6505.0
19052,2026-05-26,3,502,3460.0
19053,2026-01-28,1,418,7140.0
19054,2026-02-18,2,200,4560.0
19055,2026-07-23,3,346,1300.0
19056,2026-06-27,2,143,1950.0
19057,2026-02-01,1,133,1600.0
19058,2026-05-20,2,384,2695.0
19059,2026-03-09,2,236,12020.0
19060,2026-04-17,2,158,6860.0
19061,2026-03-07,1,107,11655.0
19062,2026-02-20,2,283,1790.0
19063,2026-06-09,2,120,6825.0
19064,2026-08-21,1,197,700.0
19065,2026-02-17,2,479,2500.0
19066,2026-05-29,1,546,380.0
19067,2026-08-16,2,452,9300.0
19068,2026-07-01,2,215,8900.0
19069,2026-03-14,2,172,2100.0
19070,2026-04-29,2,72,9600.0
19071,2026-09-03,1,592,1900.0
19072,2026-02-23,2,500,4810.0
19073,2026-05-15,3,126,9900.0
19074,2026-08-14,1,79,10655.0
19075,2026-05-12,1,593,9300.0
19076,2026-09-25,3,152,2735.0
19077,2026-04-28,3,274,5690.0
19078,2026-05-11,1,160,4050.0
19079,2026-01-27,1,200,8170.0
19080,2026-07-24,1,543,7835.0
19081,2026-07-02,1,25,1450.0
19082,2026-02-16,1,392,3480.0
19083,2026-03-19,1,215,9880.0
19084,2026-03-20,2,138,5310.0
19085,2026-04-04,1,194,4800.0
19086,2026-09-15,3,75,8740.0
19087,2026-08-02,2,377,2135.0
19088,2026-07-16,3,290,3400.0
19089,2026-05-23,2,535,3000.0
19090,2026-08-05,1,600,2500.0
19091,2026-03-31,3,503,12100.0
19092,2026-07-21,2,405,2040.0
19093,2026-02-15,1,404,12245.0
19094,2026-06-24,1,456,5180.0
19095,2026-01-02,2,561,3000.0
19096,2026-07-10,1,430,1800.0
19097,2026-06-03,3,37,3620.0
19098,2026-09-05,2,122,1200.0
19099,2026-07-05,3,223,7650.0
19100,2026-05-22,3,454,1500.0
19101,2026-08-24,3,138,880.0
19102,2026-04-24,1,349,500.0
19103,2026-04-11,1,486,5340.0
19104,2026-06-02,2,398,300.0
19105,2026-03-29,1,158,4320.0
19106,2026-07-21,3,457,6800.0
19107,2026-03-14,2,275,1235.0
19108,2026-04-05,3,530,4160.0
19109,2026-07-01,1,274,6690.0
19110,2026-02-20,3,519,150.0
19111,2026-06-19,1,277,1100.0
19112,2026-09-06,1,284,3680.0
19113,2026-04-23,3,558,3010.0
19114,2026-01-22,3,507,7135.0
19115,2026-01-12,2,365,8700.0
19116,2026-05-20,1,462,450.0
19117,2026-08-25,2,523,6035.0
19118,2026-09-23,2,273,1330.0
19119,2026-06-15,3,253,3135.0
19120,2026-01-15,1,484,9690.0
19121,2026-08-24,1,250,1795.0
19122,2026-08-07,1,356,3900.0
19123,2026-06-11,2,61,400.0
19124,2026-09-12,3,353,11000.0
19125,2026-02-10,1,267,5400.0
19126,2026-05-05,3,30,3440.0
19127,2026-01-09,1,27,7250.0
19128,2026-06-14,1,357,7100.0
19129,2026-04-25,3,524,10600.0
19130,2026-04-13,1,279,840.0
19131,2026-05-03,3,288,3400.0
19132,2026-04-04,2,210,3935.0
19133,2026-06-09,1,489,6800.0
19134,2026-03-03,1,598,13125.0
19135,2026-02-19,1,145,3250.0
19136,2026-01-15,1,360,10600.0
19137,2026-09-20,1,441,8600.0
19138,2026-04-24,3,526,1200.0
19139,2026-07-25,3,469,4800.0
19140,2026-07-02,1,499,9900.0
19141,2026-03-17,2,481,13450.0
19142,2026-07-29,1,282,1800.0
19143,2026-07-03,1,120,6350.0
19144,2026-03-22,3,199,3300.0
19145,2026-02-04,2,42,1700.0
19146,2026-09-19,2,380,4605.0
19147,2026-06-17,3,313,7900.0
19148,2026-04-28,3,396,3200.0
19149,2026-05-01,3,547,5670.0
19150,2026-03-02,1,437,5050.0
19151,2026-09-10,1,570,3920.0
19152,2026-06-04,1,226,9880.0
19153,2026-08-09,1,483,4650.0
19154,2026-07-15,1,24,12450.0
19155,2026-08-16,1,5,4200.0
19156,2026-01-23,2,256,4460.0
19157,2026-05-29,3,58,4200.0
19158,2026-04-16,2,177,600.0
19159,2026-02-23,2,104,4400.0
19160,2026-02-22,2,61,4860.0
19161,2026-05-18,3,304,9550.0
19162,2026-07-13,1,251,4250.0
19163,2026-09-07,2,343,12700.0
19164,2026-08-17,2,446,2600.0
19165,2026-06-09,1,282,2500.0
19166,2026-09-02,1,465,300.0
19167,2026-08-21,2,197,5325.0
19168,2026-04-04,1,124,2200.0
19169,2026-01-27,1,248,1900.0
19170,2026-06-30,2,300,7470.0
19171,2026-08-10,2,502,8225.0
19172,2026-06-04,3,408,1860.0
19173,2026-02-21,1,501,4850.0
19174,2026-02-24,3,292,10600.0
19175,2026-01-18,1,264,3900.0
19176,2026-02-05,3,344,3900.0
19177,2026-01-03,1,381,2180.0
19178,2026-05-26,2,433,7057.5
19179,2026-05-01,2,379,5955.0
19180,2026-01-19,2,143,7935.0
19181,2026-04-04,2,485,150.0
19182,2026-07-17,2,322,5780.0
19183,2026-06-13,2,300,3300.0
19184,2026-09-30,2,2,3960.0
19185,2026-06-17,3,542,3600.0
19186,2026-01-02,1,566,5850.0
19187,2026-04-22,3,333,3600.0
19188,2026-07-11,2,457,8145.0
19189,2026-09-02,1,276,1027.5
19190,2026-08-30,1,127,3630.0
19191,2026-04-30,1,300,1100.0
19192,2026-03-27,1,570,3000.0
19193,2026-07-16,1,209,1300.0
19194,2026-05-29,3,85,3328.0
19195,2026-06-21,1,501,1360.0
19196,2026-06-08,1,435,6417.5
19197,2026-02-03,3,366,6190.0
19198,2026-05-30,1,18,11050.0
19199,2026-06-24,1,492,7600.0
19200,2026-07-31,2,360,3900.0
19201,2026-07-25,3,179,6530.0
19202,2026-07-24,2,314,280.0
19203,2026-07-09,2,590,6830.0
19204,2026-02-01,2,196,3188.0
19205,2026-07-29,3,205,600.0
19206,2026-04-03,2,558,5040.0
19207,2026-08-21,1,572,6700.0
19208,2026-07-20,3,121,3300.0
19209,2026-06-22,2,119,285.0
19210,2026-07-27,1,83,3090.0
19211,2026-07-03,3,587,4827.5
19212,2026-07-06,1,107,80.0
19213,2026-04-04,1,34,7420.0
19214,2026-03-05,1,199,4000.0
19215,2026-02-28,1,559,12305.0
19216,2026-02-12,1,295,8300.0
19217,2026-02-23,3,130,9145.0
19218,2026-06-25,1,326,5000.0
19219,2026-05-01,1,118,5920.0
19220,2026-06-20,3,34,4550.0
19221,2026-08-25,2,271,2875.0
19222,2026-02-23,2,141,2040.0
19223,2026-05-03,2,536,3070.0
19224,2026-06-20,2,477,2490.0
19225,2026-09-01,1,127,5870.0
19226,2026-06-25,1,35,3100.0
19227,2026-03-20,2,352,1000.0
19228,2026-01-10,1,421,8000.0
19229,2026-08-02,1,419,4075.0
19230,2026-02-04,1,98,5250.0
19231,2026-02-24,1,352,6350.0
19232,2026-03-07,2,441,1430.0
19233,2026-06-19,1,150,4200.0
19234,2026-09-14,1,118,12125.0
19235,2026-09-11,3,131,4900.0
19236,2026-02-12,3,122,200.0
19237,2026-01-27,3,148,460.0
19238,2026-02-02,2,242,1700.0
19239,2026-03-09,2,35,3952.0
19240,2026-02-15,1,11,3790.0
19241,2026-05-15,2,246,7500.0
19242,2026-08-29,2,244,5770.0
19243,2026-02-26,3,512,8330.0
19244,2026-02-23,2,24,5075.0
19245,2026-06-09,3,59,3000.0
19246,2026-03-30,1,170,1300.0
19247,2026-08-17,3,87,7440.0
19248,2026-02-06,3,19,440.0
19249,2026-06-28,2,173,1800.0
19250,2026-05-03,1,218,600.0
19251,2026-02-07,2,493,500.0
19252,2026-06-02,2,324,7700.0
19253,2026-05-27,3,561,7170.0
19254,2026-03-19,2,509,4450.0
19255,2026-08-20,2,505,4740.0
19256,2026-07-26,3,423,300.0
19257,2026-06-16,3,289,3800.0
19258,2026-02-20,3,317,5700.0
19259,2026-02-06,1,150,1800.0
19260,2026-09-18,2,410,2700.0
19261,2026-09-17,2,26,9410.0
19262,2026-03-22,2,36,12500.0
19263,2026-05-02,3,102,2800.0
19264,2026-05-24,2,258,3985.0
19265,2026-01-05,1,385,9070.0
19266,2026-03-09,1,42,3440.0
19267,2026-04-01,3,184,5522.5
19268,2026-03-24,2,34,1311.0
19269,2026-08-03,1,174,6665.0
19270,2026-09-29,1,440,7920.0
19271,2026-05-05,3,495,3500.0
19272,2026-07-11,3,126,2340.0
19273,2026-03-23,1,507,4000.0
19274,2026-01-20,2,50,2790.0
19275,2026-07-21,3,109,6210.0
19276,2026-06-17,3,2,3655.0
19277,2026-06-02,1,444,5590.0
19278,2026-08-01,3,436,2070.0
19279,2026-03-11,3,34,4800.0
19280,2026-07-16,1,211,427.5
19281,2026-03-11,1,169,9100.0
19282,2026-02-11,2,18,855.0
19283,2026-08-25,1,138,3750.0
19284,2026-06-25,3,484,15200.0
19285,2026-02-28,2,540,4350.0
19286,2026-01-02,1,544,3900.0
19287,2026-01-24,3,61,6100.0
19288,2026-09-26,1,506,3700.0
19289,2026-05-17,3,62,3785.0
19290,2026-01-19,3,16,2900.0
19291,2026-05-11,1,277,3400.0
19292,2026-01-01,1,556,8450.0
19293,2026-06-04,2,284,3010.0
19294,2026-09-28,2,517,1800.0
19295,2026-09-23,2,184,9500.0
19296,2026-09-21,1,396,2500.0
19297,2026-04-01,3,428,1140.0
19298,2026-03-01,2,304,5900.0
19299,2026-08-12,2,422,3500.0
19300,2026-02-28,2,335,6990.0
19301,2026-07-22,1,421,4670.0
19302,2026-03-17,1,96,650.0
19303,2026-05-10,3,96,3500.0
19304,2026-05-09,1,516,8100.0
19305,2026-09-29,3,64,7800.0
19306,2026-07-03,1,510,5100.0
19307,2026-03-23,1,389,2650.0
19308,2026-07-19,3,414,7500.0
19309,2026-04-07,1,143,450.0
19310,2026-07-15,3,561,9700.0
19311,2026-05-04,2,172,5410.0
19312,2026-07-11,3,6,1340.0
19313,2026-06-10,1,76,600.0
19314,2026-07-20,2,162,1890.0
19315,2026-05-11,2,51,7540.0
19316,2026-02-09,1,580,4200.0
19317,2026-04-28,1,238,4035.0
19318,2026-06-13,1,131,10000.0
19319,2026-01-28,1,243,1880.0
19320,2026-07-10,1,351,7700.0
19321,2026-05-31,1,135,1350.0
19322,2026-08-15,1,253,8975.0
19323,2026-08-17,3,234,3927.5
19324,2026-03-31,1,357,9090.0
19325,2026-06-21,2,393,15070.0
19326,2026-03-03,2,195,1400.0
19327,2026-04-15,2,126,3727.5
19328,2026-06-12,2,224,9270.0
19329,2026-07-19,1,57,5100.0
19330,2026-02-03,1,401,4710.0
19331,2026-04-14,1,560,9850.0
19332,2026-06-03,1,329,7000.0
19333,2026-05-25,2,458,9620.0
19334,2026-03-25,2,230,13650.0
19335,2026-02-20,3,191,5400.0
19336,2026-09-19,1,454,6575.0
19337,2026-06-30,1,426,11940.0
19338,2026-06-03,1,449,1700.0
19339,2026-04-07,1,511,8500.0
19340,2026-05-02,2,170,16900.0
19341,2026-02-15,2,410,5580.0
19342,2026-06-10,3,596,1140.0
19343,2026-06-01,3,105,3090.0
19344,2026-09-29,1,524,710.0
19345,2026-07-27,1,524,900.0
19346,2026-07-01,3,77,5740.0
19347,2026-06-23,1,318,5400.0
19348,2026-05-20,1,22,475.0
19349,2026-05-22,1,481,5445.0
19350,2026-08-11,3,246,4275.0
19351,2026-02-19,3,355,4080.0
19352,2026-04-11,2,384,3910.0
19353,2026-09-20,1,513,21600.0
19354,2026-05-30,1,588,10060.0
19355,2026-04-21,3,236,6900.0
19356,2026-09-09,2,438,1700.0
19357,2026-04-22,3,165,1914.5
19358,2026-09-24,2,454,1276.0
19359,2026-05-22,2,276,10195.0
19360,2026-01-08,2,593,7225.0
19361,2026-04-13,2,207,7300.0
19362,2026-06-05,2,467,2010.0
19363,2026-01-02,1,386,1440.0
19364,2026-08-14,2,544,4880.0
19365,2026-03-18,2,266,3690.0
19366,2026-05-13,2,507,2440.0
19367,2026-01-28,2,323,4467.5
19368,2026-05-18,2,11,5750.0
19369,2026-02-07,3,346,1925.0
19370,2026-06-02,1,18,5680.0
19371,2026-08-20,1,177,10660.0
19372,2026-03-28,1,534,2815.0
19373,2026-08-01,3,246,3744.0
19374,2026-04-08,1,97,2200.0
19375,2026-03-23,1,506,8420.0
19376,2026-05-20,2,341,11700.0
19377,2026-03-22,1,413,4900.0
19378,2026-08-06,3,559,6000.0
19379,2026-07-11,3,264,280.0
19380,2026-08-22,1,375,3135.0
19381,2026-03-25,2,229,6905.0
19382,2026-06-25,2,440,1300.0
19383,2026-08-30,3,577,1790.0
19384,2026-08-22,3,294,855.0
19385,2026-06-14,1,342,1285.0
19386,2026-09-26,3,162,960.0
19387,2026-04-13,1,61,8962.5
19388,2026-07-10,3,498,5790.0
19389,2026-08-20,2,457,9400.0
19390,2026-06-03,3,492,3680.0
19391,2026-01-20,1,74,7200.0
19392,2026-09-30,2,215,7455.0
19393,2026-03-05,2,268,5660.0
19394,2026-06-14,3,142,5810.0
19395,2026-02-15,1,325,5400.0
19396,2026-08-22,1,220,13425.0
19397,2026-09-11,1,308,11735.0
19398,2026-01-07,1,432,8280.0
19399,2026-08-08,1,33,8480.0
19400,2026-02-19,1,485,7700.0
19401,2026-05-14,1,420,4040.0
19402,2026-03-22,3,344,1580.0
19403,2026-08-18,2,163,4700.0
19404,2026-06-14,2,11,10570.0
19405,2026-06-01,2,553,5300.0
19406,2026-07-19,1,533,3022.0
19407,2026-02-06,2,159,2500.0
19408,2026-02-03,2,454,8400.0
19409,2026-09-13,3,414,80.0
19410,2026-05-02,1,46,4140.0
19411,2026-03-12,3,280,8250.0
19412,2026-09-24,2,163,10375.0
19413,2026-01-25,1,530,5000.0
19414,2026-06-10,1,368,11560.0
19415,2026-01-07,2,398,4310.0
19416,2026-01-22,3,7,2150.0
19417,2026-03-17,1,501,11400.0
19418,2026-01-17,2,476,240.0
19419,2026-01-09,2,507,9585.0
19420,2026-03-03,2,345,1100.0
19421,2026-06-05,2,535,1200.0
19422,2026-03-25,1,478,2045.0
19423,2026-02-26,3,299,1600.0
19424,2026-06-20,3,585,8995.0
19425,2026-02-14,1,160,14180.0
19426,2026-04-08,3,414,5400.0
19427,2026-07-15,3,438,3640.0
19428,2026-07-07,1,599,5485.0
19429,2026-07-16,2,595,12000.0
19430,2026-01-12,2,503,11200.0
19431,2026-03-06,2,448,5000.0
19432,2026-03-31,3,171,8830.0
19433,2026-05-28,1,303,5655.0
19434,2026-07-03,1,514,3710.0
19435,2026-05-29,3,522,7620.0
19436,2026-07-15,2,456,5775.0
19437,2026-09-06,1,7,4570.0
19438,2026-09-13,1,162,2800.0
19439,2026-04-14,2,357,8180.0
19440,2026-09-06,2,333,5860.0
19441,2026-07-07,2,554,4235.0
19442,2026-07-26,3,228,1450.0
19443,2026-03-17,2,143,1200.0
19444,2026-09-02,2,488,7500.0
19445,2026-02-22,2,404,300.0
19446,2026-06-26,1,468,800.0
19447,2026-05-08,1,538,7020.0
19448,2026-01-28,2,191,8540.0
19449,2026-07-18,1,250,4210.0
19450,2026-06-30,2,208,3058.5
19451,2026-01-06,2,93,6000.0
19452,2026-09-17,1,222,4200.0
19453,2026-04-02,1,23,3910.0
19454,2026-06-07,3,425,285.0
19455,2026-08-21,3,539,4100.0
19456,2026-06-28,3,297,592.5
19457,2026-02-04,1,356,7600.0
19458,2026-09-13,2,590,12090.0
19459,2026-07-18,3,476,1500.0
19460,2026-03-21,3,420,8680.0
19461,2026-06-06,3,371,7030.0
19462,2026-06-14,3,400,2600.0
19463,2026-01-08,1,359,4400.0
19464,2026-02-24,2,478,2840.0
19465,2026-01-14,1,395,5200.0
19466,2026-03-28,1,266,1360.0
19467,2026-08-22,3,70,7500.0
19468,2026-09-20,2,156,1200.0
19469,2026-05-16,1,347,4830.0
19470,2026-09-15,2,157,5845.0
19471,2026-07-02,1,69,7040.0
19472,2026-02-17,2,129,4700.0
19473,2026-04-16,3,183,8480.0
19474,2026-03-23,1,594,4870.0
19475,2026-08-07,3,49,2260.0
19476,2026-02-11,2,224,4200.0
19477,2026-09-02,2,40,3000.0
19478,2026-09-15,1,208,1500.0
19479,2026-08-28,1,81,6940.0
19480,2026-09-07,3,555,15855.0
19481,2026-07-06,1,113,4260.0
19482,2026-06-02,3,313,5400.0
19483,2026-08-12,2,253,6627.5
19484,2026-02-10,2,108,11775.0
19485,2026-07-13,3,158,1850.0
19486,2026-01-31,1,1,8600.0
19487,2026-06-04,2,176,3180.0
19488,2026-06-23,2,587,4100.0
19489,2026-07-23,3,372,1270.0
19490,2026-09-11,1,271,5000.0
19491,2026-04-04,3,326,2820.0
19492,2026-05-24,2,193,5705.0
19493,2026-02-21,3,212,2400.0
19494,2026-03-06,3,156,10260.0
19495,2026-06-12,1,524,1100.0
19496,2026-08-10,3,437,13125.0
19497,2026-08-06,1,222,15335.0
19498,2026-09-16,1,8,5120.0
19499,2026-06-01,3,304,3700.0
19500,2026-03-12,1,88,4100.0
19501,2026-05-28,1,462,4800.0
19502,2026-04-04,2,408,5000.0
19503,2026-07-31,2,504,5520.0
19504,2026-01-22,2,355,4070.0
19505,2026-03-16,2,119,8276.0
19506,2026-02-23,1,270,1445.0
19507,2026-04-21,1,462,4800.0
19508,2026-09-03,3,345,5800.0
19509,2026-01-29,2,472,11700.0
19510,2026-05-20,2,179,7800.0
19511,2026-02-28,1,552,4575.0
19512,2026-02-14,2,27,4100.0
19513,2026-03-15,2,238,16225.0
19514,2026-05-19,1,232,8900.0
19515,2026-05-09,3,170,5175.0
19516,2026-08-27,2,69,7110.0
19517,2026-07-03,1,460,1100.0
19518,2026-04-26,2,433,3050.0
19519,2026-01-08,2,122,2295.0
19520,2026-03-03,3,447,600.0
19521,2026-08-29,1,481,3216.0
19522,2026-03-28,3,503,6080.0
19523,2026-07-26,3,511,8650.0
19524,2026-07-01,2,50,6220.0
19525,2026-06-02,1,540,1740.0
19526,2026-08-23,1,246,9745.0
19527,2026-04-23,3,308,3980.0
19528,2026-07-08,2,93,1900.0
19529,2026-06-17,1,130,16000.0
19530,2026-07-19,1,437,6460.0
19531,2026-06-06,1,335,1572.0
19532,2026-06-01,1,308,3900.0
19533,2026-01-04,2,314,10050.0
19534,2026-05-25,1,45,4400.0
19535,2026-01-30,1,353,7715.0
19536,2026-03-31,1,237,9320.0
19537,2026-07-30,3,41,5795.0
19538,2026-08-18,2,464,3870.0
19539,2026-08-10,1,508,3440.0
19540,2026-01-12,3,300,3300.0
19541,2026-05-03,2,556,8140.0
19542,2026-07-04,1,456,3830.0
19543,2026-03-13,2,449,5000.0
19544,2026-08-06,3,105,7340.0
19545,2026-09-14,1,356,6400.0
19546,2026-09-18,3,556,5780.0
19547,2026-03-12,2,326,6117.5
19548,2026-03-04,3,216,9000.0
19549,2026-07-07,1,176,4250.0
19550,2026-05-23,1,455,8235.0
19551,2026-04-18,1,311,4390.0
19552,2026-04-22,3,590,6775.0
19553,2026-04-21,3,215,3935.0
19554,2026-01-19,2,475,2575.0
19555,2026-07-20,3,372,1840.0
19556,2026-03-01,1,472,6500.0
19557,2026-09-11,1,262,4123.0
19558,2026-07-11,1,566,4000.0
19559,2026-06-24,2,413,3300.0
19560,2026-08-16,1,566,8100.0
19561,2026-08-07,2,375,6040.0
19562,2026-05-11,2,393,2600.0
19563,2026-01-28,2,226,1728.0
19564,2026-09-02,2,497,9645.0
19565,2026-09-17,1,298,800.0
19566,2026-04-22,1,363,2100.0
19567,2026-01-16,1,320,4625.0
19568,2026-07-13,2,500,4475.0
19569,2026-04-10,2,308,800.0
19570,2026-06-22,3,579,1620.0
19571,2026-03-25,1,5,750.0
19572,2026-05-27,2,554,8850.0
19573,2026-08-14,1,387,1927.5
19574,2026-02-22,3,32,10400.0
19575,2026-09-26,3,330,3600.0
19576,2026-07-14,1,107,2500.0
19577,2026-03-15,1,405,6000.0
19578,2026-06-21,2,317,1245.0
19579,2026-03-26,3,455,7800.0
19580,2026-04-30,1,521,5900.0
19581,2026-04-01,3,191,3760.0
19582,2026-02-27,1,266,2340.0
19583,2026-03-27,1,309,1200.0
19584,2026-07-04,3,113,14325.0
19585,2026-04-02,1,78,6100.0
19586,2026-03-31,1,17,9100.0
19587,2026-08-07,1,248,4735.0
19588,2026-03-22,2,455,9900.0
19589,2026-05-22,3,595,3880.0
19590,2026-03-21,2,62,5110.0
19591,2026-02-14,1,142,4800.0
19592,2026-02-19,1,422,3990.0
19593,2026-06-23,1,146,1100.0
19594,2026-07-03,1,271,5280.0
19595,2026-08-19,1,518,4000.0
19596,2026-09-08,1,599,8100.0
19597,2026-06-25,2,43,550.0
19598,2026-03-26,2,241,2600.0
19599,2026-06-20,3,302,6330.0
19600,2026-06-27,3,116,5107.5
19601,2026-03-26,2,124,2607.5
19602,2026-08-20,1,531,7830.0
19603,2026-07-27,3,387,4352.0
19604,2026-04-17,2,244,1060.0
19605,2026-04-08,2,196,6600.0
19606,2026-02-20,3,577,600.0
19607,2026-06-26,3,185,7040.0
19608,2026-03-18,1,48,3700.0
19609,2026-09-22,2,330,7900.0
19610,2026-02-13,2,67,2500.0
19611,2026-08-28,3,234,600.0
19612,2026-09-22,1,362,1100.0
19613,2026-09-14,3,362,9100.0
19614,2026-01-21,1,586,950.0
19615,2026-08-22,1,503,6510.0
